#VRML V2.0 utf8
# 3D model generated by easyeda2kicad.py (https://github.com/uPesy/easyeda2kicad.py)

Shape{
    appearance Appearance {
        material  Material 	{
            diffuseColor 0.8313725490196079 0.8313725490196079 0.8196078431372549
            specularColor 0.6666666666666666 0.6666666666666666 0.6549019607843137
            ambientIntensity 0.83
            transparency 0.0
            shininess 0.5
        }
    }
    geometry IndexedFaceSet {
        ccw TRUE
        solid FALSE
        coord DEF co Coordinate {
            point [
                -3.878 0.1083 0.1181, -3.7992 0.1083 0.1181, -3.8793 0.1083 0.1079, -3.8022 0.1083 0.0918, -3.8832 0.1083 0.0984, -3.8109 0.1083 0.0669, -3.8895 0.1083 0.0903, -3.9173 0.1083 0.0, -3.9173 0.1083 0.0787, -3.891 0.1083 0.003, -3.9071 0.1083 0.0801, -3.8661 0.1083 0.0117, -3.8976 0.1083 0.084, -3.8437 0.1083 0.0258, -3.825 0.1083 0.0445, -3.878 0.1083 0.8661, -3.7992 0.1083 0.8661, -3.9173 -0.9941 0.0787, -3.9173 -0.9941 0.0, -3.9071 -0.9941 0.0801, -3.891 -0.9941 0.003, -3.8976 -0.9941 0.084, -3.7992 -0.9941 0.1181, -3.878 -0.9941 0.1181, -3.8022 -0.9941 0.0918, -3.8793 -0.9941 0.1079, -3.8109 -0.9941 0.0669, -3.8832 -0.9941 0.0984, -3.825 -0.9941 0.0445, -3.8895 -0.9941 0.0903, -3.8437 -0.9941 0.0258, -3.8661 -0.9941 0.0117, -4.4685 -0.9941 0.0787, -4.4685 -0.9941 0.0, -3.8976 0.1083 0.9002, -3.8437 0.1083 0.9585, -3.8895 0.1083 0.894, -3.825 0.1083 0.9398, -3.8832 0.1083 0.8858, -3.8109 0.1083 0.9174, -3.8793 0.1083 0.8763, -3.8022 0.1083 0.8924, -3.9173 0.1083 0.9055, -3.9173 0.1083 0.9843, -3.9071 0.1083 0.9042, -3.891 0.1083 0.9813, -3.8661 0.1083 0.9726, -4.4685 0.1083 0.9055, -4.4685 0.1083 0.9843, -3.9173 -0.9941 0.9843, -3.9173 -0.9941 0.9055, -3.891 -0.9941 0.9813, -3.9071 -0.9941 0.9042, -3.8661 -0.9941 0.9726, -3.8976 -0.9941 0.9002, -3.8437 -0.9941 0.9585, -3.8895 -0.9941 0.894, -3.878 -0.9941 0.8661, -3.7992 -0.9941 0.8661, -3.8793 -0.9941 0.8763, -3.8022 -0.9941 0.8924, -3.8832 -0.9941 0.8858, -3.8109 -0.9941 0.9174, -3.825 -0.9941 0.9398, -4.4685 -0.9941 0.9843, -4.4685 0.1083 0.0, -4.4685 0.1083 0.0787, -4.4685 -0.9941 0.9055
            ]
        }
        coordIndex [
            0,1,2,-1,2,1,3,-1,2,3,4,-1,4,3,5,-1,4,5,6,-1,7,8,9,-1,9,8,10,-1,9,10,11,-1,11,10,12,-1,11,12,13,-1,13,12,6,-1,13,6,14,-1,14,6,5,-1,0,15,1,-1,1,15,16,-1,17,18,19,-1,19,18,20,-1,19,20,21,-1,22,23,24,-1,24,23,25,-1,24,25,26,-1,26,25,27,-1,26,27,28,-1,28,27,29,-1,28,29,30,-1,30,29,21,-1,30,21,31,-1,31,21,20,-1,17,32,18,-1,18,32,33,-1,34,35,36,-1,36,35,37,-1,36,37,38,-1,38,37,39,-1,38,39,40,-1,40,39,41,-1,40,41,15,-1,15,41,16,-1,42,43,44,-1,44,43,45,-1,44,45,34,-1,34,45,46,-1,34,46,35,-1,42,47,43,-1,43,47,48,-1,49,50,51,-1,51,50,52,-1,51,52,53,-1,53,52,54,-1,53,54,55,-1,55,54,56,-1,57,58,59,-1,59,58,60,-1,59,60,61,-1,61,60,62,-1,61,62,56,-1,56,62,63,-1,56,63,55,-1,57,23,58,-1,58,23,22,-1,43,48,49,-1,49,48,64,-1,43,49,51,-1,43,51,45,-1,45,51,53,-1,45,53,46,-1,46,53,55,-1,46,55,35,-1,35,55,63,-1,35,63,37,-1,37,63,62,-1,37,62,39,-1,39,62,60,-1,39,60,41,-1,41,60,58,-1,41,58,16,-1,1,16,22,-1,22,16,58,-1,1,22,24,-1,1,24,3,-1,3,24,26,-1,3,26,5,-1,5,26,28,-1,5,28,14,-1,14,28,30,-1,14,30,13,-1,13,30,31,-1,13,31,11,-1,11,31,20,-1,11,20,9,-1,9,20,18,-1,9,18,7,-1,65,7,33,-1,33,7,18,-1,66,65,32,-1,32,65,33,-1,8,66,17,-1,17,66,32,-1,8,17,10,-1,10,17,19,-1,10,19,12,-1,12,19,21,-1,12,21,6,-1,6,21,29,-1,6,29,4,-1,4,29,27,-1,4,27,2,-1,2,27,25,-1,2,25,0,-1,0,25,23,-1,15,0,57,-1,57,0,23,-1,15,57,40,-1,40,57,59,-1,40,59,38,-1,38,59,61,-1,38,61,36,-1,36,61,56,-1,36,56,34,-1,34,56,54,-1,34,54,44,-1,44,54,52,-1,44,52,42,-1,42,52,50,-1,47,42,67,-1,67,42,50,-1,48,47,64,-1,64,47,67,-1,7,65,8,-1,8,65,66,-1,67,50,64,-1,64,50,49,-1,
        ]
    }
}
Shape{
    appearance Appearance {
        material  Material 	{
            diffuseColor 0.10980392156862745 0.10980392156862745 0.10980392156862745
            specularColor 0.00784313725490196 0.00784313725490196 0.00784313725490196
            ambientIntensity 0.1569
            transparency 0.0
            shininess 0.5
        }
    }
    geometry IndexedFaceSet {
        ccw TRUE
        solid FALSE
        coord DEF co Coordinate {
            point [
                3.6417 -0.0886 0.2165, 3.6417 -1.5256 0.2165, 3.563 -0.0886 0.2165, 3.563 -1.5256 0.2165, 4.7835 -1.565 0.0, 4.7835 -1.968 0.0, 4.7638 -1.9822 0.0, 3.563 -1.9193 0.0, 3.563 -1.565 0.0, 3.6417 -1.998 0.0, 4.7353 -1.994 0.0, 4.7047 -1.998 0.0, 4.4581 -0.3445 0.689, 4.1142 -0.3445 0.689, 4.5157 -1.5256 0.689, 4.1142 -1.5256 0.689, 3.6417 -0.3445 0.689, -3.6417 -0.3445 0.689, 3.6417 -1.5256 0.689, -3.6417 -1.5256 0.689, 4.5157 -1.5256 0.2165, 4.1142 -1.5256 0.2165, 4.4456 -0.0886 0.2165, 4.1142 -0.0886 0.2165, -3.6417 -1.5256 0.2165, -3.6417 -0.0886 0.2165, -3.563 -1.5256 0.2165, -3.563 -0.0886 0.2165, 4.4456 -0.0886 0.5315, 4.1142 -0.0886 0.5315, -3.563 -0.0886 0.3937, -3.6417 -0.0886 0.5315, 3.563 -0.0886 0.3937, 3.6417 -0.0886 0.5315, -4.5157 -1.5256 0.689, -4.1142 -1.5256 0.689, -4.4581 -0.3445 0.689, -4.1142 -0.3445 0.689, 4.7835 -1.5256 0.0394, 3.563 -1.5256 0.0394, -4.1142 -1.5256 0.2165, -3.563 -1.5256 0.0394, -4.7835 -1.5256 0.0394, 4.7835 -1.5256 0.9055, -4.7835 -1.5256 0.9055, -4.5157 -1.5256 0.2165, 4.7638 -1.9822 0.9449, 4.7835 -1.968 0.9449, 4.7835 -1.565 0.9449, 4.7353 -1.994 0.9449, -4.7835 -1.565 0.9449, -4.7835 -1.968 0.9449, -4.7638 -1.9822 0.9449, -4.7353 -1.994 0.9449, -4.7047 -1.998 0.9449, 4.7047 -1.998 0.9449, 3.6417 -1.998 0.4724, -3.6417 -1.998 0.4724, -3.6417 -1.998 0.0, -4.7047 -1.998 0.0, -4.7638 -1.9822 0.0, -4.7835 -1.968 0.0, -4.7835 -1.565 0.0, -3.563 -1.565 0.0, -3.563 -1.9193 0.0, -4.7353 -1.994 0.0, -4.4456 -0.0886 0.2165, -4.1142 -0.0886 0.2165, -4.4456 -0.0886 0.5315, -4.1142 -0.0886 0.5315, 4.8228 -1.8799 0.0394, 4.8228 -1.565 0.0394, 4.8228 -1.8799 0.9055, 4.8228 -1.565 0.9055, -4.8228 -1.8799 0.9055, -4.8228 -1.565 0.9055, -4.8228 -1.8799 0.0394, -4.8228 -1.565 0.0394, -3.563 -1.9193 0.3937, 3.563 -1.9193 0.3937, 3.563 -1.5309 0.0197, 3.563 -1.5371 0.0115, 3.563 -1.5453 0.0053, 3.563 -1.5269 0.0292, 3.563 -1.5548 0.0013, -3.563 -1.5309 0.0197, -3.563 -1.5371 0.0115, -3.563 -1.5548 0.0013, -3.563 -1.5453 0.0053, -3.563 -1.5269 0.0292, -4.8228 -1.8811 0.0387, -4.8215 -1.565 0.0292, -4.8226 -1.8867 0.0355, -4.8167 -1.9144 0.0202, -4.8179 -1.9102 0.0224, -4.8176 -1.565 0.0197, -4.8214 -1.898 0.029, -4.8215 -1.8977 0.0292, -4.813 -1.927 0.0134, -4.8113 -1.565 0.0115, -4.8113 -1.9308 0.0116, -4.8097 -1.9341 0.01, -4.8031 -1.565 0.0053, -4.8067 -1.9387 0.0082, -4.7936 -1.9575 0.0015, -4.7951 -1.956 0.0018, -4.7937 -1.565 0.0013, -4.797 -1.9536 0.0024, -4.8028 -1.9447 0.0059, -4.788 -1.9632 0.0007, -4.7835 -1.5269 0.0292, -4.7835 -1.5309 0.0197, -4.7835 -1.5371 0.0115, -4.7835 -1.5453 0.0053, -4.7835 -1.5548 0.0013, -4.8215 -1.5548 0.0394, -4.8176 -1.5453 0.0394, -4.8202 -1.5551 0.0292, -4.8164 -1.5459 0.0292, -4.8164 -1.5561 0.0197, -4.813 -1.5479 0.0197, -4.8104 -1.5578 0.0115, -4.8076 -1.551 0.0115, -4.8025 -1.5599 0.0053, -4.8005 -1.5551 0.0053, -4.7933 -1.5623 0.0013, -4.7923 -1.5599 0.0013, -4.8113 -1.5371 0.0394, -4.8104 -1.5381 0.0292, -4.8076 -1.5408 0.0197, -4.8031 -1.5453 0.0115, -4.7974 -1.551 0.0053, -4.7907 -1.5578 0.0013, -4.8031 -1.5309 0.0394, -4.7937 -1.5269 0.0394, -4.8025 -1.532 0.0292, -4.7933 -1.5282 0.0292, -4.8005 -1.5354 0.0197, -4.7923 -1.532 0.0197, -4.7974 -1.5408 0.0115, -4.7907 -1.5381 0.0115, -4.7933 -1.5479 0.0053, -4.7886 -1.5459 0.0053, -4.7886 -1.5561 0.0013, -4.7861 -1.5551 0.0013, -4.8226 -1.8867 0.9094, -4.8206 -1.8974 0.9154, -4.8215 -1.565 0.9157, -4.813 -1.927 0.9315, -4.8111 -1.9306 0.9331, -4.8113 -1.565 0.9334, -4.797 -1.9536 0.9425, -4.7936 -1.9574 0.9432, -4.7937 -1.565 0.9435, -4.7858 -1.9658 0.9448, -4.7881 -1.9633 0.9443, -4.8031 -1.565 0.9396, -4.8065 -1.9387 0.9366, -4.803 -1.9451 0.9394, -4.802 -1.9469 0.9402, -4.8176 -1.565 0.9252, -4.8182 -1.9104 0.9227, -4.8174 -1.9148 0.9251, -4.8172 -1.916 0.9258, -4.8228 -1.8811 0.9062, -4.7937 -1.5269 0.9055, -4.8031 -1.5309 0.9055, -4.8113 -1.5371 0.9055, -4.8176 -1.5453 0.9055, -4.8215 -1.5548 0.9055, 4.7835 -1.5269 0.0292, 4.7835 -1.5309 0.0197, 4.7835 -1.5371 0.0115, 4.7835 -1.5453 0.0053, 4.7835 -1.5548 0.0013, 4.8226 -1.8867 0.0355, 4.8206 -1.8974 0.0294, 4.8215 -1.565 0.0292, 4.813 -1.927 0.0134, 4.8111 -1.9306 0.0118, 4.8113 -1.565 0.0115, 4.797 -1.9536 0.0024, 4.7936 -1.9574 0.0017, 4.7937 -1.565 0.0013, 4.7858 -1.9658 0.0001, 4.7881 -1.9633 0.0006, 4.8031 -1.565 0.0053, 4.8065 -1.9387 0.0082, 4.803 -1.9451 0.0054, 4.802 -1.9469 0.0046, 4.8176 -1.565 0.0197, 4.8182 -1.9104 0.0222, 4.8174 -1.9148 0.0197, 4.8172 -1.916 0.0191, 4.8228 -1.8811 0.0387, -4.8202 -1.5551 0.9157, -4.8005 -1.5551 0.9396, -4.7923 -1.5599 0.9435, -4.7907 -1.5578 0.9435, -4.7835 -1.5548 0.9435, -4.7861 -1.5551 0.9435, -4.7933 -1.5623 0.9435, -4.8025 -1.5599 0.9396, -4.8104 -1.5578 0.9334, -4.7974 -1.551 0.9396, -4.7886 -1.5561 0.9435, -4.7933 -1.5479 0.9396, -4.7886 -1.5459 0.9396, -4.7835 -1.5453 0.9396, -4.8076 -1.551 0.9334, -4.8031 -1.5453 0.9334, -4.7974 -1.5408 0.9334, -4.7907 -1.5381 0.9334, -4.7835 -1.5371 0.9334, -4.8164 -1.5561 0.9252, -4.813 -1.5479 0.9252, -4.8076 -1.5408 0.9252, -4.8005 -1.5354 0.9252, -4.7923 -1.532 0.9252, -4.7835 -1.5309 0.9252, -4.8164 -1.5459 0.9157, -4.8104 -1.5381 0.9157, -4.8025 -1.532 0.9157, -4.7933 -1.5282 0.9157, -4.7835 -1.5269 0.9157, 4.7937 -1.5269 0.0394, 4.8031 -1.5309 0.0394, 4.7933 -1.5282 0.0292, 4.8025 -1.532 0.0292, 4.7923 -1.532 0.0197, 4.8005 -1.5354 0.0197, 4.7907 -1.5381 0.0115, 4.7974 -1.5408 0.0115, 4.7886 -1.5459 0.0053, 4.7933 -1.5479 0.0053, 4.7861 -1.5551 0.0013, 4.7886 -1.5561 0.0013, 4.8113 -1.5371 0.0394, 4.8104 -1.5381 0.0292, 4.8076 -1.5408 0.0197, 4.8031 -1.5453 0.0115, 4.7974 -1.551 0.0053, 4.7907 -1.5578 0.0013, 4.8176 -1.5453 0.0394, 4.8215 -1.5548 0.0394, 4.8164 -1.5459 0.0292, 4.8202 -1.5551 0.0292, 4.813 -1.5479 0.0197, 4.8164 -1.5561 0.0197, 4.8076 -1.551 0.0115, 4.8104 -1.5578 0.0115, 4.8005 -1.5551 0.0053, 4.8025 -1.5599 0.0053, 4.7923 -1.5599 0.0013, 4.7933 -1.5623 0.0013, 4.7835 -1.5269 0.9157, 4.7835 -1.5309 0.9252, 4.7835 -1.5371 0.9334, 4.7835 -1.5453 0.9396, 4.7835 -1.5548 0.9435, 4.7937 -1.5269 0.9055, 4.8031 -1.5309 0.9055, 4.8113 -1.5371 0.9055, 4.8176 -1.5453 0.9055, 4.8215 -1.5548 0.9055, 4.7933 -1.5282 0.9157, 4.7933 -1.5479 0.9396, 4.7886 -1.5561 0.9435, 4.7907 -1.5578 0.9435, 4.7937 -1.565 0.9435, 4.7933 -1.5623 0.9435, 4.7861 -1.5551 0.9435, 4.7886 -1.5459 0.9396, 4.7907 -1.5381 0.9334, 4.7974 -1.551 0.9396, 4.7923 -1.5599 0.9435, 4.8005 -1.5551 0.9396, 4.8025 -1.5599 0.9396, 4.8031 -1.565 0.9396, 4.7974 -1.5408 0.9334, 4.8031 -1.5453 0.9334, 4.8076 -1.551 0.9334, 4.8104 -1.5578 0.9334, 4.8113 -1.565 0.9334, 4.7923 -1.532 0.9252, 4.8005 -1.5354 0.9252, 4.8076 -1.5408 0.9252, 4.813 -1.5479 0.9252, 4.8164 -1.5561 0.9252, 4.8176 -1.565 0.9252, 4.8025 -1.532 0.9157, 4.8104 -1.5381 0.9157, 4.8164 -1.5459 0.9157, 4.8202 -1.5551 0.9157, 4.8215 -1.565 0.9157, 4.8228 -1.8811 0.9062, 4.8226 -1.8867 0.9094, 4.8167 -1.9144 0.9247, 4.8179 -1.9102 0.9225, 4.8214 -1.898 0.9159, 4.8215 -1.8977 0.9157, 4.813 -1.927 0.9315, 4.8113 -1.9308 0.9333, 4.8097 -1.9341 0.9349, 4.8067 -1.9387 0.9367, 4.7936 -1.9575 0.9433, 4.7951 -1.956 0.9431, 4.797 -1.9536 0.9425, 4.8028 -1.9447 0.939, 4.788 -1.9632 0.9442
            ]
        }
        coordIndex [
            0,1,2,-1,2,1,3,-1,4,5,6,-1,7,8,9,-1,9,8,4,-1,6,10,4,-1,4,10,11,-1,4,11,9,-1,12,13,14,-1,14,13,15,-1,16,17,18,-1,18,17,19,-1,20,21,22,-1,22,21,23,-1,24,25,26,-1,26,25,27,-1,22,23,28,-1,28,23,29,-1,27,25,30,-1,30,25,31,-1,30,31,32,-1,32,31,33,-1,32,33,2,-1,2,33,0,-1,28,29,12,-1,12,29,13,-1,33,31,16,-1,16,31,17,-1,34,35,36,-1,36,35,37,-1,38,39,1,-1,1,39,3,-1,40,19,24,-1,26,41,24,-1,24,41,42,-1,24,42,40,-1,43,35,44,-1,44,35,34,-1,44,34,42,-1,42,34,45,-1,42,45,40,-1,40,35,19,-1,19,35,43,-1,19,43,18,-1,18,43,15,-1,18,15,1,-1,1,15,21,-1,1,21,38,-1,38,21,20,-1,38,20,43,-1,43,20,14,-1,43,14,15,-1,46,47,48,-1,46,48,49,-1,50,51,52,-1,52,53,50,-1,50,53,54,-1,50,54,48,-1,48,54,55,-1,48,55,49,-1,9,11,56,-1,56,11,55,-1,56,55,57,-1,57,55,54,-1,57,54,58,-1,58,54,59,-1,60,61,62,-1,63,64,58,-1,60,62,65,-1,63,58,62,-1,62,58,59,-1,62,59,65,-1,66,67,45,-1,45,67,40,-1,68,69,66,-1,66,69,67,-1,36,37,68,-1,68,37,69,-1,70,71,72,-1,72,71,73,-1,74,75,76,-1,76,75,77,-1,31,25,17,-1,17,25,24,-1,17,24,19,-1,35,40,37,-1,37,40,67,-1,37,67,69,-1,29,23,13,-1,13,23,21,-1,13,21,15,-1,18,1,16,-1,16,1,0,-1,16,0,33,-1,78,30,79,-1,79,30,32,-1,32,2,79,-1,79,2,3,-1,79,3,7,-1,7,3,39,-1,7,39,8,-1,80,81,82,-1,39,83,8,-1,8,83,80,-1,8,80,84,-1,84,80,82,-1,27,30,26,-1,26,30,78,-1,26,78,41,-1,85,63,86,-1,86,63,87,-1,86,87,88,-1,78,64,41,-1,41,64,63,-1,41,63,89,-1,89,63,85,-1,78,57,64,-1,64,57,58,-1,79,56,78,-1,78,56,57,-1,7,9,79,-1,79,9,56,-1,76,77,90,-1,90,77,91,-1,90,91,92,-1,93,94,95,-1,95,94,96,-1,95,96,91,-1,91,96,97,-1,91,97,92,-1,93,95,98,-1,98,95,99,-1,98,99,100,-1,100,99,101,-1,101,99,102,-1,101,102,103,-1,104,105,106,-1,106,105,107,-1,106,107,102,-1,102,107,108,-1,102,108,103,-1,104,106,109,-1,109,106,62,-1,109,62,61,-1,42,41,89,-1,42,89,110,-1,110,89,85,-1,110,85,111,-1,111,85,86,-1,111,86,112,-1,112,86,88,-1,112,88,113,-1,113,88,87,-1,113,87,114,-1,114,87,63,-1,114,63,62,-1,115,116,117,-1,117,116,118,-1,117,118,119,-1,119,118,120,-1,119,120,121,-1,121,120,122,-1,121,122,123,-1,123,122,124,-1,123,124,125,-1,125,124,126,-1,125,126,62,-1,116,127,118,-1,118,127,128,-1,118,128,120,-1,120,128,129,-1,120,129,122,-1,122,129,130,-1,122,130,124,-1,124,130,131,-1,124,131,126,-1,126,131,132,-1,126,132,62,-1,77,115,91,-1,91,115,117,-1,91,117,95,-1,95,117,119,-1,95,119,99,-1,99,119,121,-1,99,121,102,-1,102,121,123,-1,102,123,106,-1,106,123,125,-1,106,125,62,-1,133,134,135,-1,135,134,136,-1,135,136,137,-1,137,136,138,-1,137,138,139,-1,139,138,140,-1,139,140,141,-1,141,140,142,-1,141,142,143,-1,143,142,144,-1,143,144,62,-1,134,42,136,-1,136,42,110,-1,136,110,138,-1,138,110,111,-1,138,111,140,-1,140,111,112,-1,140,112,142,-1,142,112,113,-1,142,113,144,-1,144,113,114,-1,144,114,62,-1,127,133,128,-1,128,133,135,-1,128,135,129,-1,129,135,137,-1,129,137,130,-1,130,137,139,-1,130,139,131,-1,131,139,141,-1,131,141,132,-1,132,141,143,-1,132,143,62,-1,145,146,147,-1,148,149,150,-1,151,152,153,-1,154,51,50,-1,153,152,50,-1,50,152,155,-1,50,155,154,-1,150,149,156,-1,149,157,156,-1,156,157,158,-1,156,158,153,-1,153,158,159,-1,153,159,151,-1,147,146,160,-1,146,161,160,-1,160,161,162,-1,160,162,150,-1,150,162,163,-1,150,163,148,-1,75,74,147,-1,147,74,164,-1,147,164,145,-1,44,42,134,-1,44,134,165,-1,165,134,133,-1,165,133,166,-1,166,133,127,-1,166,127,167,-1,167,127,116,-1,167,116,168,-1,168,116,115,-1,168,115,169,-1,169,115,77,-1,169,77,75,-1,39,38,170,-1,39,170,83,-1,83,170,171,-1,83,171,80,-1,80,171,172,-1,80,172,81,-1,81,172,173,-1,81,173,82,-1,82,173,174,-1,82,174,84,-1,84,174,4,-1,84,4,8,-1,175,176,177,-1,178,179,180,-1,181,182,183,-1,184,5,4,-1,183,182,4,-1,4,182,185,-1,4,185,184,-1,180,179,186,-1,179,187,186,-1,186,187,188,-1,186,188,183,-1,183,188,189,-1,183,189,181,-1,177,176,190,-1,176,191,190,-1,190,191,192,-1,190,192,180,-1,180,192,193,-1,180,193,178,-1,71,70,177,-1,177,70,194,-1,177,194,175,-1,75,147,195,-1,196,197,198,-1,50,199,200,-1,198,197,50,-1,201,50,197,-1,201,197,202,-1,202,197,196,-1,202,196,203,-1,153,50,201,-1,204,205,206,-1,206,205,200,-1,206,200,207,-1,207,200,199,-1,207,199,208,-1,153,201,156,-1,156,201,202,-1,156,202,150,-1,150,202,203,-1,150,203,160,-1,209,204,210,-1,210,204,206,-1,210,206,211,-1,211,206,207,-1,211,207,212,-1,212,207,208,-1,212,208,213,-1,214,209,215,-1,215,209,210,-1,215,210,216,-1,216,210,211,-1,216,211,217,-1,217,211,212,-1,217,212,218,-1,218,212,213,-1,218,213,219,-1,147,214,195,-1,195,214,215,-1,195,215,220,-1,220,215,216,-1,220,216,221,-1,221,216,217,-1,221,217,222,-1,222,217,218,-1,222,218,223,-1,223,218,219,-1,223,219,224,-1,75,195,169,-1,169,195,220,-1,169,220,168,-1,168,220,221,-1,168,221,167,-1,167,221,222,-1,167,222,166,-1,166,222,223,-1,166,223,165,-1,165,223,224,-1,165,224,44,-1,205,50,200,-1,147,160,214,-1,214,160,203,-1,214,203,209,-1,209,203,196,-1,209,196,204,-1,204,196,198,-1,204,198,205,-1,205,198,50,-1,225,226,227,-1,227,226,228,-1,227,228,229,-1,229,228,230,-1,229,230,231,-1,231,230,232,-1,231,232,233,-1,233,232,234,-1,233,234,235,-1,235,234,236,-1,235,236,4,-1,226,237,228,-1,228,237,238,-1,228,238,230,-1,230,238,239,-1,230,239,232,-1,232,239,240,-1,232,240,234,-1,234,240,241,-1,234,241,236,-1,236,241,242,-1,236,242,4,-1,38,225,170,-1,170,225,227,-1,170,227,171,-1,171,227,229,-1,171,229,172,-1,172,229,231,-1,172,231,173,-1,173,231,233,-1,173,233,174,-1,174,233,235,-1,174,235,4,-1,243,244,245,-1,245,244,246,-1,245,246,247,-1,247,246,248,-1,247,248,249,-1,249,248,250,-1,249,250,251,-1,251,250,252,-1,251,252,253,-1,253,252,254,-1,253,254,4,-1,244,71,246,-1,246,71,177,-1,246,177,248,-1,248,177,190,-1,248,190,250,-1,250,190,180,-1,250,180,252,-1,252,180,186,-1,252,186,254,-1,254,186,183,-1,254,183,4,-1,237,243,238,-1,238,243,245,-1,238,245,239,-1,239,245,247,-1,239,247,240,-1,240,247,249,-1,240,249,241,-1,241,249,251,-1,241,251,242,-1,242,251,253,-1,242,253,4,-1,43,44,224,-1,43,224,255,-1,255,224,219,-1,255,219,256,-1,256,219,213,-1,256,213,257,-1,257,213,208,-1,257,208,258,-1,258,208,199,-1,258,199,259,-1,259,199,50,-1,259,50,48,-1,38,43,260,-1,38,260,225,-1,225,260,261,-1,225,261,226,-1,226,261,262,-1,226,262,237,-1,237,262,263,-1,237,263,243,-1,243,263,264,-1,243,264,244,-1,244,264,73,-1,244,73,71,-1,43,255,265,-1,266,267,268,-1,48,269,270,-1,268,267,48,-1,271,48,267,-1,271,267,272,-1,272,267,266,-1,272,266,273,-1,259,48,271,-1,274,275,276,-1,276,275,270,-1,276,270,277,-1,277,270,269,-1,277,269,278,-1,259,271,258,-1,258,271,272,-1,258,272,257,-1,257,272,273,-1,257,273,256,-1,279,274,280,-1,280,274,276,-1,280,276,281,-1,281,276,277,-1,281,277,282,-1,282,277,278,-1,282,278,283,-1,284,279,285,-1,285,279,280,-1,285,280,286,-1,286,280,281,-1,286,281,287,-1,287,281,282,-1,287,282,288,-1,288,282,283,-1,288,283,289,-1,255,284,265,-1,265,284,285,-1,265,285,290,-1,290,285,286,-1,290,286,291,-1,291,286,287,-1,291,287,292,-1,292,287,288,-1,292,288,293,-1,293,288,289,-1,293,289,294,-1,43,265,260,-1,260,265,290,-1,260,290,261,-1,261,290,291,-1,261,291,262,-1,262,291,292,-1,262,292,263,-1,263,292,293,-1,263,293,264,-1,264,293,294,-1,264,294,73,-1,275,48,270,-1,255,256,284,-1,284,256,273,-1,284,273,279,-1,279,273,266,-1,279,266,274,-1,274,266,268,-1,274,268,275,-1,275,268,48,-1,72,73,295,-1,295,73,294,-1,295,294,296,-1,297,298,289,-1,289,298,299,-1,289,299,294,-1,294,299,300,-1,294,300,296,-1,297,289,301,-1,301,289,283,-1,301,283,302,-1,302,283,303,-1,303,283,278,-1,303,278,304,-1,305,306,269,-1,269,306,307,-1,269,307,278,-1,278,307,308,-1,278,308,304,-1,305,269,309,-1,309,269,48,-1,309,48,47,-1,6,5,47,-1,47,5,184,-1,47,184,309,-1,309,184,185,-1,309,185,182,-1,182,181,309,-1,309,181,189,-1,309,189,188,-1,304,308,188,-1,188,308,307,-1,307,306,188,-1,188,306,305,-1,188,305,309,-1,178,297,179,-1,179,297,301,-1,179,301,302,-1,188,187,304,-1,304,187,179,-1,304,179,303,-1,303,179,302,-1,300,191,176,-1,70,72,194,-1,194,72,295,-1,194,295,175,-1,175,295,176,-1,176,295,296,-1,176,296,300,-1,178,193,297,-1,297,193,192,-1,297,192,298,-1,298,192,191,-1,298,191,299,-1,299,191,300,-1,47,46,6,-1,6,46,49,-1,6,49,10,-1,10,49,55,-1,10,55,11,-1,52,51,61,-1,61,51,154,-1,61,154,109,-1,109,154,155,-1,109,155,152,-1,152,151,109,-1,109,151,159,-1,109,159,158,-1,103,108,158,-1,158,108,107,-1,107,105,158,-1,158,105,104,-1,158,104,109,-1,148,93,149,-1,149,93,98,-1,149,98,100,-1,158,157,103,-1,103,157,149,-1,103,149,101,-1,101,149,100,-1,97,161,146,-1,74,76,164,-1,164,76,90,-1,146,145,97,-1,97,145,164,-1,97,164,92,-1,92,164,90,-1,148,163,93,-1,93,163,162,-1,93,162,94,-1,94,162,161,-1,94,161,96,-1,96,161,97,-1,61,60,52,-1,52,60,65,-1,52,65,53,-1,53,65,59,-1,53,59,54,-1,14,20,12,-1,12,20,22,-1,12,22,28,-1,68,66,36,-1,36,66,45,-1,36,45,34,-1,
        ]
    }
}
Shape{
    appearance Appearance {
        material  Material 	{
            diffuseColor 0.8313725490196079 0.8313725490196079 0.8196078431372549
            specularColor 0.6666666666666666 0.6666666666666666 0.6549019607843137
            ambientIntensity 0.83
            transparency 0.0
            shininess 0.5
        }
    }
    geometry IndexedFaceSet {
        ccw TRUE
        solid FALSE
        coord DEF co Coordinate {
            point [
                3.9173 0.1083 0.0787, 3.9173 0.1083 0.0, 3.9071 0.1083 0.0801, 3.891 0.1083 0.003, 3.8976 0.1083 0.084, 3.7992 0.1083 0.1181, 3.878 0.1083 0.1181, 3.8022 0.1083 0.0918, 3.8793 0.1083 0.1079, 3.8109 0.1083 0.0669, 3.8832 0.1083 0.0984, 3.825 0.1083 0.0445, 3.8895 0.1083 0.0903, 3.8437 0.1083 0.0258, 3.8661 0.1083 0.0117, 3.878 0.1083 0.8661, 3.7992 0.1083 0.8661, 3.878 -0.9941 0.1181, 3.7992 -0.9941 0.1181, 3.8793 -0.9941 0.1079, 3.8022 -0.9941 0.0918, 3.8832 -0.9941 0.0984, 3.8109 -0.9941 0.0669, 3.8895 -0.9941 0.0903, 3.9173 -0.9941 0.0, 3.9173 -0.9941 0.0787, 3.891 -0.9941 0.003, 3.9071 -0.9941 0.0801, 3.8661 -0.9941 0.0117, 3.8976 -0.9941 0.084, 3.8437 -0.9941 0.0258, 3.825 -0.9941 0.0445, 4.4685 -0.9941 0.0787, 4.4685 -0.9941 0.0, 3.9173 0.1083 0.9843, 3.9173 0.1083 0.9055, 3.891 0.1083 0.9813, 3.9071 0.1083 0.9042, 3.8661 0.1083 0.9726, 3.8976 0.1083 0.9002, 3.8437 0.1083 0.9585, 3.8895 0.1083 0.894, 3.8793 0.1083 0.8763, 3.8022 0.1083 0.8924, 3.8832 0.1083 0.8858, 3.8109 0.1083 0.9174, 3.825 0.1083 0.9398, 4.4685 0.1083 0.9055, 4.4685 0.1083 0.9843, 3.8976 -0.9941 0.9002, 3.8437 -0.9941 0.9585, 3.8895 -0.9941 0.894, 3.825 -0.9941 0.9398, 3.8832 -0.9941 0.8858, 3.8109 -0.9941 0.9174, 3.8793 -0.9941 0.8763, 3.8022 -0.9941 0.8924, 3.878 -0.9941 0.8661, 3.7992 -0.9941 0.8661, 3.9173 -0.9941 0.9055, 3.9173 -0.9941 0.9843, 3.9071 -0.9941 0.9042, 3.891 -0.9941 0.9813, 3.8661 -0.9941 0.9726, 4.4685 -0.9941 0.9843, 4.4685 0.1083 0.0, 4.4685 0.1083 0.0787, 4.4685 -0.9941 0.9055, -3.3957 0.1083 0.3543, -3.3957 0.1083 0.6299, -3.2972 0.1083 0.3543, -3.2972 0.1083 0.6299, -3.3957 0.0886 0.3543, -3.2972 0.0886 0.3543, -3.3957 0.0886 0.2953, -3.2972 0.0886 0.2953, -3.3957 0.1083 0.2953, -3.2972 0.1083 0.2953, -3.3957 0.1083 0.1378, -3.2972 0.1083 0.1378, -3.3957 0.1598 0.0836, -3.2972 0.1598 0.0836, -3.3957 0.1719 0.0732, -3.2972 0.1719 0.0732, -3.3957 0.1858 0.0654, -3.2972 0.1858 0.0654, -3.3957 0.201 0.0607, -3.2972 0.201 0.0607, -3.3957 0.2169 0.0591, -3.2972 0.2169 0.0591, -3.3957 0.5965 0.0591, -3.2972 0.5965 0.0591, -3.2972 0.6016 0.0584, -3.3957 0.6016 0.0584, -3.2972 0.6063 0.0564, -3.3957 0.6063 0.0564, -3.2972 0.6104 0.0533, -3.3957 0.6104 0.0533, -3.2972 0.6135 0.0492, -3.3957 0.6135 0.0492, -3.2972 0.6155 0.0445, -3.3957 0.6155 0.0445, -3.2972 0.6161 0.0394, -3.3957 0.6161 0.0394, -3.3957 0.6161 0.0, -3.2972 0.6161 0.0, -3.3957 0.1795 0.0, -3.2972 0.1795 0.0, -3.2972 0.1636 0.0016, -3.3957 0.1636 0.0016, -3.2972 0.1484 0.0064, -3.3957 0.1484 0.0064, -3.2972 0.1345 0.0141, -3.3957 0.1345 0.0141, -3.2972 0.1224 0.0245, -3.3957 0.1224 0.0245, -3.3957 0.1316 0.0149, -3.2972 0.1316 0.0149, -3.3957 0.1195 0.0252, -3.2972 0.1195 0.0252, -3.3957 0.1055 0.033, -3.2972 0.1055 0.033, -3.3957 0.0903 0.0378, -3.2972 0.0903 0.0378, -3.3957 0.0745 0.0394, -3.2972 0.0745 0.0394, -3.3957 -0.1325 0.0394, -3.2972 -0.1325 0.0394, -3.3957 -0.1325 0.1575, -3.2972 -0.1325 0.1575, -3.3957 -1.8799 0.1575, -3.2972 -1.8799 0.1575, -3.2972 -1.8746 0.2007, -3.3957 -1.8746 0.2007, -3.2972 -1.8589 0.2412, -3.3957 -1.8589 0.2412, -3.2972 -1.8338 0.2768, -3.3957 -1.8338 0.2768, -3.2972 -1.8007 0.3051, -3.3957 -1.8007 0.3051, -3.2972 -1.7618 0.3245, -3.3957 -1.7618 0.3245, -3.2972 -1.7193 0.3339, -3.3957 -1.7193 0.3339, -3.2972 -1.6758 0.3326, -3.3957 -1.6758 0.3326, -3.2972 -1.634 0.3207, -3.3957 -1.634 0.3207, -3.2972 -1.5962 0.2991, -3.3957 -1.5962 0.2991, -3.2972 -1.565 0.2688, -3.3957 -1.565 0.2688, -3.3957 -0.3445 0.2688, -3.2972 -0.3445 0.2688, -3.3957 -0.3088 0.2735, -3.2972 -0.3088 0.2735, -3.3957 -0.2756 0.2873, -3.2972 -0.2756 0.2873, -3.3957 -0.247 0.3092, -3.2972 -0.247 0.3092, -3.3957 -0.2251 0.3377, -3.2972 -0.2251 0.3377, -3.3957 -0.2114 0.371, -3.2972 -0.2114 0.371, -3.3957 -0.2067 0.4066, -3.2972 -0.2067 0.4066, -3.3957 -0.2067 0.6693, -3.2972 -0.2067 0.6693, -3.3957 -0.2094 0.6897, -3.2972 -0.2094 0.6897, -3.3957 -0.2172 0.7087, -3.2972 -0.2172 0.7087, -3.3957 -0.2298 0.725, -3.2972 -0.2298 0.725, -3.3957 -0.2461 0.7375, -3.2972 -0.2461 0.7375, -3.3957 -0.265 0.7453, -3.2972 -0.265 0.7453, -3.3957 -0.2854 0.748, -3.2972 -0.2854 0.748, -3.3957 -1.2106 0.748, -3.2972 -1.2106 0.748, -3.2972 -1.2259 0.75, -3.3957 -1.2259 0.75, -3.2972 -1.2402 0.7559, -3.3957 -1.2402 0.7559, -3.2972 -1.2524 0.7653, -3.3957 -1.2524 0.7653, -3.2972 -1.2618 0.7776, -3.3957 -1.2618 0.7776, -3.2972 -1.2677 0.7918, -3.3957 -1.2677 0.7918, -3.2972 -1.2697 0.8071, -3.3957 -1.2697 0.8071, -3.2972 -1.2677 0.8224, -3.3957 -1.2677 0.8224, -3.2972 -1.2618 0.8366, -3.3957 -1.2618 0.8366, -3.2972 -1.2524 0.8488, -3.3957 -1.2524 0.8488, -3.2972 -1.2402 0.8582, -3.3957 -1.2402 0.8582, -3.2972 -1.2259 0.8641, -3.3957 -1.2259 0.8641, -3.2972 -1.2106 0.8661, -3.3957 -1.2106 0.8661, -3.3957 -0.0492 0.8661, -3.2972 -0.0492 0.8661, -3.3957 -0.0485 0.861, -3.2972 -0.0485 0.861, -3.3957 -0.0466 0.8563, -3.2972 -0.0466 0.8563, -3.3957 -0.0434 0.8522, -3.2972 -0.0434 0.8522, -3.3957 -0.0394 0.8491, -3.2972 -0.0394 0.8491, -3.3957 -0.0346 0.8471, -3.2972 -0.0346 0.8471, -3.3957 -0.0295 0.8465, -3.2972 -0.0295 0.8465, -3.3957 -0.0244 0.8471, -3.2972 -0.0244 0.8471, -3.3957 -0.0197 0.8491, -3.2972 -0.0197 0.8491, -3.3957 -0.0156 0.8522, -3.2972 -0.0156 0.8522, -3.3957 -0.0125 0.8563, -3.2972 -0.0125 0.8563, -3.3957 -0.0105 0.861, -3.2972 -0.0105 0.861, -3.3957 -0.0098 0.8661, -3.2972 -0.0098 0.8661, -3.3957 0.1083 0.8661, -3.2972 0.1083 0.8661, -3.3957 0.1083 0.689, -3.2972 0.1083 0.689, -3.3957 0.0886 0.689, -3.2972 0.0886 0.689, -3.3957 0.0886 0.6299, -3.2972 0.0886 0.6299, -3.002 0.1083 0.3543, -3.002 0.1083 0.6299, -2.9035 0.1083 0.3543, -2.9035 0.1083 0.6299, -3.002 0.0886 0.3543, -2.9035 0.0886 0.3543, -3.002 0.0886 0.2953, -2.9035 0.0886 0.2953, -3.002 0.1083 0.2953, -2.9035 0.1083 0.2953, -3.002 0.1083 0.1378, -2.9035 0.1083 0.1378, -3.002 0.1598 0.0836, -2.9035 0.1598 0.0836, -3.002 0.1719 0.0732, -2.9035 0.1719 0.0732, -3.002 0.1858 0.0654, -2.9035 0.1858 0.0654, -3.002 0.201 0.0607, -2.9035 0.201 0.0607, -3.002 0.2169 0.0591, -2.9035 0.2169 0.0591, -3.002 0.5965 0.0591, -2.9035 0.5965 0.0591, -2.9035 0.6016 0.0584, -3.002 0.6016 0.0584, -2.9035 0.6063 0.0564, -3.002 0.6063 0.0564, -2.9035 0.6104 0.0533, -3.002 0.6104 0.0533, -2.9035 0.6135 0.0492, -3.002 0.6135 0.0492, -2.9035 0.6155 0.0445, -3.002 0.6155 0.0445, -2.9035 0.6161 0.0394, -3.002 0.6161 0.0394, -3.002 0.6161 0.0, -2.9035 0.6161 0.0, -3.002 0.1795 0.0, -2.9035 0.1795 0.0, -2.9035 0.1636 0.0016, -3.002 0.1636 0.0016, -2.9035 0.1484 0.0064, -3.002 0.1484 0.0064, -2.9035 0.1345 0.0141, -3.002 0.1345 0.0141, -2.9035 0.1224 0.0245, -3.002 0.1224 0.0245, -3.002 0.1316 0.0149, -2.9035 0.1316 0.0149, -3.002 0.1195 0.0252, -2.9035 0.1195 0.0252, -3.002 0.1055 0.033, -2.9035 0.1055 0.033, -3.002 0.0903 0.0378, -2.9035 0.0903 0.0378, -3.002 0.0745 0.0394, -2.9035 0.0745 0.0394, -3.002 -0.1325 0.0394, -2.9035 -0.1325 0.0394, -3.002 -0.1325 0.1575, -2.9035 -0.1325 0.1575, -3.002 -1.8799 0.1575, -2.9035 -1.8799 0.1575, -2.9035 -1.8746 0.2007, -3.002 -1.8746 0.2007, -2.9035 -1.8589 0.2412, -3.002 -1.8589 0.2412, -2.9035 -1.8338 0.2768, -3.002 -1.8338 0.2768, -2.9035 -1.8007 0.3051, -3.002 -1.8007 0.3051, -2.9035 -1.7618 0.3245, -3.002 -1.7618 0.3245, -2.9035 -1.7193 0.3339, -3.002 -1.7193 0.3339, -2.9035 -1.6758 0.3326, -3.002 -1.6758 0.3326, -2.9035 -1.634 0.3207, -3.002 -1.634 0.3207, -2.9035 -1.5962 0.2991, -3.002 -1.5962 0.2991, -2.9035 -1.565 0.2688, -3.002 -1.565 0.2688, -3.002 -0.3445 0.2688, -2.9035 -0.3445 0.2688, -3.002 -0.3088 0.2735, -2.9035 -0.3088 0.2735, -3.002 -0.2756 0.2873, -2.9035 -0.2756 0.2873, -3.002 -0.247 0.3092, -2.9035 -0.247 0.3092, -3.002 -0.2251 0.3377, -2.9035 -0.2251 0.3377, -3.002 -0.2114 0.371, -2.9035 -0.2114 0.371, -3.002 -0.2067 0.4066, -2.9035 -0.2067 0.4066, -3.002 -0.2067 0.6693, -2.9035 -0.2067 0.6693, -3.002 -0.2094 0.6897, -2.9035 -0.2094 0.6897, -3.002 -0.2172 0.7087, -2.9035 -0.2172 0.7087, -3.002 -0.2298 0.725, -2.9035 -0.2298 0.725, -3.002 -0.2461 0.7375, -2.9035 -0.2461 0.7375, -3.002 -0.265 0.7453, -2.9035 -0.265 0.7453, -3.002 -0.2854 0.748, -2.9035 -0.2854 0.748, -3.002 -1.2106 0.748, -2.9035 -1.2106 0.748, -2.9035 -1.2259 0.75, -3.002 -1.2259 0.75, -2.9035 -1.2402 0.7559, -3.002 -1.2402 0.7559, -2.9035 -1.2524 0.7653, -3.002 -1.2524 0.7653, -2.9035 -1.2618 0.7776, -3.002 -1.2618 0.7776, -2.9035 -1.2677 0.7918, -3.002 -1.2677 0.7918, -2.9035 -1.2697 0.8071, -3.002 -1.2697 0.8071, -2.9035 -1.2677 0.8224, -3.002 -1.2677 0.8224, -2.9035 -1.2618 0.8366, -3.002 -1.2618 0.8366, -2.9035 -1.2524 0.8488, -3.002 -1.2524 0.8488, -2.9035 -1.2402 0.8582, -3.002 -1.2402 0.8582, -2.9035 -1.2259 0.8641, -3.002 -1.2259 0.8641, -2.9035 -1.2106 0.8661, -3.002 -1.2106 0.8661, -3.002 -0.0492 0.8661, -2.9035 -0.0492 0.8661, -3.002 -0.0485 0.861, -2.9035 -0.0485 0.861, -3.002 -0.0466 0.8563, -2.9035 -0.0466 0.8563, -3.002 -0.0434 0.8522, -2.9035 -0.0434 0.8522, -3.002 -0.0394 0.8491, -2.9035 -0.0394 0.8491, -3.002 -0.0346 0.8471, -2.9035 -0.0346 0.8471, -3.002 -0.0295 0.8465, -2.9035 -0.0295 0.8465, -3.002 -0.0244 0.8471, -2.9035 -0.0244 0.8471, -3.002 -0.0197 0.8491, -2.9035 -0.0197 0.8491, -3.002 -0.0156 0.8522, -2.9035 -0.0156 0.8522, -3.002 -0.0125 0.8563, -2.9035 -0.0125 0.8563, -3.002 -0.0105 0.861, -2.9035 -0.0105 0.861, -3.002 -0.0098 0.8661, -2.9035 -0.0098 0.8661, -3.002 0.1083 0.8661, -2.9035 0.1083 0.8661, -3.002 0.1083 0.689, -2.9035 0.1083 0.689, -3.002 0.0886 0.689, -2.9035 0.0886 0.689, -3.002 0.0886 0.6299, -2.9035 0.0886 0.6299, -2.6083 0.1083 0.3543, -2.6083 0.1083 0.6299, -2.5098 0.1083 0.3543, -2.5098 0.1083 0.6299, -2.6083 0.0886 0.3543, -2.5098 0.0886 0.3543, -2.6083 0.0886 0.2953, -2.5098 0.0886 0.2953, -2.6083 0.1083 0.2953, -2.5098 0.1083 0.2953, -2.6083 0.1083 0.1378, -2.5098 0.1083 0.1378, -2.6083 0.1598 0.0836, -2.5098 0.1598 0.0836, -2.6083 0.1719 0.0732, -2.5098 0.1719 0.0732, -2.6083 0.1858 0.0654, -2.5098 0.1858 0.0654, -2.6083 0.201 0.0607, -2.5098 0.201 0.0607, -2.6083 0.2169 0.0591, -2.5098 0.2169 0.0591, -2.6083 0.5965 0.0591, -2.5098 0.5965 0.0591, -2.5098 0.6016 0.0584, -2.6083 0.6016 0.0584, -2.5098 0.6063 0.0564, -2.6083 0.6063 0.0564, -2.5098 0.6104 0.0533, -2.6083 0.6104 0.0533, -2.5098 0.6135 0.0492, -2.6083 0.6135 0.0492, -2.5098 0.6155 0.0445, -2.6083 0.6155 0.0445, -2.5098 0.6161 0.0394, -2.6083 0.6161 0.0394, -2.6083 0.6161 0.0, -2.5098 0.6161 0.0, -2.6083 0.1795 0.0, -2.5098 0.1795 0.0, -2.5098 0.1636 0.0016, -2.6083 0.1636 0.0016, -2.5098 0.1484 0.0064, -2.6083 0.1484 0.0064, -2.5098 0.1345 0.0141, -2.6083 0.1345 0.0141, -2.5098 0.1224 0.0245, -2.6083 0.1224 0.0245, -2.6083 0.1316 0.0149, -2.5098 0.1316 0.0149, -2.6083 0.1195 0.0252, -2.5098 0.1195 0.0252, -2.6083 0.1055 0.033, -2.5098 0.1055 0.033, -2.6083 0.0903 0.0378, -2.5098 0.0903 0.0378, -2.6083 0.0745 0.0394, -2.5098 0.0745 0.0394, -2.6083 -0.1325 0.0394, -2.5098 -0.1325 0.0394, -2.6083 -0.1325 0.1575, -2.5098 -0.1325 0.1575, -2.6083 -1.8799 0.1575, -2.5098 -1.8799 0.1575, -2.5098 -1.8746 0.2007, -2.6083 -1.8746 0.2007, -2.5098 -1.8589 0.2412, -2.6083 -1.8589 0.2412, -2.5098 -1.8338 0.2768, -2.6083 -1.8338 0.2768, -2.5098 -1.8007 0.3051, -2.6083 -1.8007 0.3051, -2.5098 -1.7618 0.3245, -2.6083 -1.7618 0.3245, -2.5098 -1.7193 0.3339, -2.6083 -1.7193 0.3339, -2.5098 -1.6758 0.3326, -2.6083 -1.6758 0.3326, -2.5098 -1.634 0.3207, -2.6083 -1.634 0.3207, -2.5098 -1.5962 0.2991, -2.6083 -1.5962 0.2991, -2.5098 -1.565 0.2688, -2.6083 -1.565 0.2688, -2.6083 -0.3445 0.2688, -2.5098 -0.3445 0.2688, -2.6083 -0.3088 0.2735, -2.5098 -0.3088 0.2735, -2.6083 -0.2756 0.2873, -2.5098 -0.2756 0.2873, -2.6083 -0.247 0.3092, -2.5098 -0.247 0.3092, -2.6083 -0.2251 0.3377, -2.5098 -0.2251 0.3377, -2.6083 -0.2114 0.371, -2.5098 -0.2114 0.371, -2.6083 -0.2067 0.4066, -2.5098 -0.2067 0.4066, -2.6083 -0.2067 0.6693, -2.5098 -0.2067 0.6693, -2.6083 -0.2094 0.6897, -2.5098 -0.2094 0.6897, -2.6083 -0.2172 0.7087, -2.5098 -0.2172 0.7087, -2.6083 -0.2298 0.725, -2.5098 -0.2298 0.725, -2.6083 -0.2461 0.7375, -2.5098 -0.2461 0.7375, -2.6083 -0.265 0.7453, -2.5098 -0.265 0.7453, -2.6083 -0.2854 0.748, -2.5098 -0.2854 0.748, -2.6083 -1.2106 0.748, -2.5098 -1.2106 0.748, -2.5098 -1.2259 0.75, -2.6083 -1.2259 0.75, -2.5098 -1.2402 0.7559, -2.6083 -1.2402 0.7559, -2.5098 -1.2524 0.7653, -2.6083 -1.2524 0.7653, -2.5098 -1.2618 0.7776, -2.6083 -1.2618 0.7776, -2.5098 -1.2677 0.7918, -2.6083 -1.2677 0.7918, -2.5098 -1.2697 0.8071, -2.6083 -1.2697 0.8071, -2.5098 -1.2677 0.8224, -2.6083 -1.2677 0.8224, -2.5098 -1.2618 0.8366, -2.6083 -1.2618 0.8366, -2.5098 -1.2524 0.8488, -2.6083 -1.2524 0.8488, -2.5098 -1.2402 0.8582, -2.6083 -1.2402 0.8582, -2.5098 -1.2259 0.8641, -2.6083 -1.2259 0.8641, -2.5098 -1.2106 0.8661, -2.6083 -1.2106 0.8661, -2.6083 -0.0492 0.8661, -2.5098 -0.0492 0.8661, -2.6083 -0.0485 0.861, -2.5098 -0.0485 0.861, -2.6083 -0.0466 0.8563, -2.5098 -0.0466 0.8563, -2.6083 -0.0434 0.8522, -2.5098 -0.0434 0.8522, -2.6083 -0.0394 0.8491, -2.5098 -0.0394 0.8491, -2.6083 -0.0346 0.8471, -2.5098 -0.0346 0.8471, -2.6083 -0.0295 0.8465, -2.5098 -0.0295 0.8465, -2.6083 -0.0244 0.8471, -2.5098 -0.0244 0.8471, -2.6083 -0.0197 0.8491, -2.5098 -0.0197 0.8491, -2.6083 -0.0156 0.8522, -2.5098 -0.0156 0.8522, -2.6083 -0.0125 0.8563, -2.5098 -0.0125 0.8563, -2.6083 -0.0105 0.861, -2.5098 -0.0105 0.861, -2.6083 -0.0098 0.8661, -2.5098 -0.0098 0.8661, -2.6083 0.1083 0.8661, -2.5098 0.1083 0.8661, -2.6083 0.1083 0.689, -2.5098 0.1083 0.689, -2.6083 0.0886 0.689, -2.5098 0.0886 0.689, -2.6083 0.0886 0.6299, -2.5098 0.0886 0.6299, -2.2146 0.1083 0.3543, -2.2146 0.1083 0.6299, -2.1161 0.1083 0.3543, -2.1161 0.1083 0.6299, -2.2146 0.0886 0.3543, -2.1161 0.0886 0.3543, -2.2146 0.0886 0.2953, -2.1161 0.0886 0.2953, -2.2146 0.1083 0.2953, -2.1161 0.1083 0.2953, -2.2146 0.1083 0.1378, -2.1161 0.1083 0.1378, -2.2146 0.1598 0.0836, -2.1161 0.1598 0.0836, -2.2146 0.1719 0.0732, -2.1161 0.1719 0.0732, -2.2146 0.1858 0.0654, -2.1161 0.1858 0.0654, -2.2146 0.201 0.0607, -2.1161 0.201 0.0607, -2.2146 0.2169 0.0591, -2.1161 0.2169 0.0591, -2.2146 0.5965 0.0591, -2.1161 0.5965 0.0591, -2.1161 0.6016 0.0584, -2.2146 0.6016 0.0584, -2.1161 0.6063 0.0564, -2.2146 0.6063 0.0564, -2.1161 0.6104 0.0533, -2.2146 0.6104 0.0533, -2.1161 0.6135 0.0492, -2.2146 0.6135 0.0492, -2.1161 0.6155 0.0445, -2.2146 0.6155 0.0445, -2.1161 0.6161 0.0394, -2.2146 0.6161 0.0394, -2.2146 0.6161 0.0, -2.1161 0.6161 0.0, -2.2146 0.1795 0.0, -2.1161 0.1795 0.0, -2.1161 0.1636 0.0016, -2.2146 0.1636 0.0016, -2.1161 0.1484 0.0064, -2.2146 0.1484 0.0064, -2.1161 0.1345 0.0141, -2.2146 0.1345 0.0141, -2.1161 0.1224 0.0245, -2.2146 0.1224 0.0245, -2.2146 0.1316 0.0149, -2.1161 0.1316 0.0149, -2.2146 0.1195 0.0252, -2.1161 0.1195 0.0252, -2.2146 0.1055 0.033, -2.1161 0.1055 0.033, -2.2146 0.0903 0.0378, -2.1161 0.0903 0.0378, -2.2146 0.0745 0.0394, -2.1161 0.0745 0.0394, -2.2146 -0.1325 0.0394, -2.1161 -0.1325 0.0394, -2.2146 -0.1325 0.1575, -2.1161 -0.1325 0.1575, -2.2146 -1.8799 0.1575, -2.1161 -1.8799 0.1575, -2.1161 -1.8746 0.2007, -2.2146 -1.8746 0.2007, -2.1161 -1.8589 0.2412, -2.2146 -1.8589 0.2412, -2.1161 -1.8338 0.2768, -2.2146 -1.8338 0.2768, -2.1161 -1.8007 0.3051, -2.2146 -1.8007 0.3051, -2.1161 -1.7618 0.3245, -2.2146 -1.7618 0.3245, -2.1161 -1.7193 0.3339, -2.2146 -1.7193 0.3339, -2.1161 -1.6758 0.3326, -2.2146 -1.6758 0.3326, -2.1161 -1.634 0.3207, -2.2146 -1.634 0.3207, -2.1161 -1.5962 0.2991, -2.2146 -1.5962 0.2991, -2.1161 -1.565 0.2688, -2.2146 -1.565 0.2688, -2.2146 -0.3445 0.2688, -2.1161 -0.3445 0.2688, -2.2146 -0.3088 0.2735, -2.1161 -0.3088 0.2735, -2.2146 -0.2756 0.2873, -2.1161 -0.2756 0.2873, -2.2146 -0.247 0.3092, -2.1161 -0.247 0.3092, -2.2146 -0.2251 0.3377, -2.1161 -0.2251 0.3377, -2.2146 -0.2114 0.371, -2.1161 -0.2114 0.371, -2.2146 -0.2067 0.4066, -2.1161 -0.2067 0.4066, -2.2146 -0.2067 0.6693, -2.1161 -0.2067 0.6693, -2.2146 -0.2094 0.6897, -2.1161 -0.2094 0.6897, -2.2146 -0.2172 0.7087, -2.1161 -0.2172 0.7087, -2.2146 -0.2298 0.725, -2.1161 -0.2298 0.725, -2.2146 -0.2461 0.7375, -2.1161 -0.2461 0.7375, -2.2146 -0.265 0.7453, -2.1161 -0.265 0.7453, -2.2146 -0.2854 0.748, -2.1161 -0.2854 0.748, -2.2146 -1.2106 0.748, -2.1161 -1.2106 0.748, -2.1161 -1.2259 0.75, -2.2146 -1.2259 0.75, -2.1161 -1.2402 0.7559, -2.2146 -1.2402 0.7559, -2.1161 -1.2524 0.7653, -2.2146 -1.2524 0.7653, -2.1161 -1.2618 0.7776, -2.2146 -1.2618 0.7776, -2.1161 -1.2677 0.7918, -2.2146 -1.2677 0.7918, -2.1161 -1.2697 0.8071, -2.2146 -1.2697 0.8071, -2.1161 -1.2677 0.8224, -2.2146 -1.2677 0.8224, -2.1161 -1.2618 0.8366, -2.2146 -1.2618 0.8366, -2.1161 -1.2524 0.8488, -2.2146 -1.2524 0.8488, -2.1161 -1.2402 0.8582, -2.2146 -1.2402 0.8582, -2.1161 -1.2259 0.8641, -2.2146 -1.2259 0.8641, -2.1161 -1.2106 0.8661, -2.2146 -1.2106 0.8661, -2.2146 -0.0492 0.8661, -2.1161 -0.0492 0.8661, -2.2146 -0.0485 0.861, -2.1161 -0.0485 0.861, -2.2146 -0.0466 0.8563, -2.1161 -0.0466 0.8563, -2.2146 -0.0434 0.8522, -2.1161 -0.0434 0.8522, -2.2146 -0.0394 0.8491, -2.1161 -0.0394 0.8491, -2.2146 -0.0346 0.8471, -2.1161 -0.0346 0.8471, -2.2146 -0.0295 0.8465, -2.1161 -0.0295 0.8465, -2.2146 -0.0244 0.8471, -2.1161 -0.0244 0.8471, -2.2146 -0.0197 0.8491, -2.1161 -0.0197 0.8491, -2.2146 -0.0156 0.8522, -2.1161 -0.0156 0.8522, -2.2146 -0.0125 0.8563, -2.1161 -0.0125 0.8563, -2.2146 -0.0105 0.861, -2.1161 -0.0105 0.861, -2.2146 -0.0098 0.8661, -2.1161 -0.0098 0.8661, -2.2146 0.1083 0.8661, -2.1161 0.1083 0.8661, -2.2146 0.1083 0.689, -2.1161 0.1083 0.689, -2.2146 0.0886 0.689, -2.1161 0.0886 0.689, -2.2146 0.0886 0.6299, -2.1161 0.0886 0.6299, -1.8209 0.1083 0.3543, -1.8209 0.1083 0.6299, -1.7224 0.1083 0.3543, -1.7224 0.1083 0.6299, -1.8209 0.0886 0.3543, -1.7224 0.0886 0.3543, -1.8209 0.0886 0.2953, -1.7224 0.0886 0.2953, -1.8209 0.1083 0.2953, -1.7224 0.1083 0.2953, -1.8209 0.1083 0.1378, -1.7224 0.1083 0.1378, -1.8209 0.1598 0.0836, -1.7224 0.1598 0.0836, -1.8209 0.1719 0.0732, -1.7224 0.1719 0.0732, -1.8209 0.1858 0.0654, -1.7224 0.1858 0.0654, -1.8209 0.201 0.0607, -1.7224 0.201 0.0607, -1.8209 0.2169 0.0591, -1.7224 0.2169 0.0591, -1.8209 0.5965 0.0591, -1.7224 0.5965 0.0591, -1.7224 0.6016 0.0584, -1.8209 0.6016 0.0584, -1.7224 0.6063 0.0564, -1.8209 0.6063 0.0564, -1.7224 0.6104 0.0533, -1.8209 0.6104 0.0533, -1.7224 0.6135 0.0492, -1.8209 0.6135 0.0492, -1.7224 0.6155 0.0445, -1.8209 0.6155 0.0445, -1.7224 0.6161 0.0394, -1.8209 0.6161 0.0394, -1.8209 0.6161 0.0, -1.7224 0.6161 0.0, -1.8209 0.1795 0.0, -1.7224 0.1795 0.0, -1.7224 0.1636 0.0016, -1.8209 0.1636 0.0016, -1.7224 0.1484 0.0064, -1.8209 0.1484 0.0064, -1.7224 0.1345 0.0141, -1.8209 0.1345 0.0141, -1.7224 0.1224 0.0245, -1.8209 0.1224 0.0245, -1.8209 0.1316 0.0149, -1.7224 0.1316 0.0149, -1.8209 0.1195 0.0252, -1.7224 0.1195 0.0252, -1.8209 0.1055 0.033, -1.7224 0.1055 0.033, -1.8209 0.0903 0.0378, -1.7224 0.0903 0.0378, -1.8209 0.0745 0.0394, -1.7224 0.0745 0.0394, -1.8209 -0.1325 0.0394, -1.7224 -0.1325 0.0394, -1.8209 -0.1325 0.1575, -1.7224 -0.1325 0.1575, -1.8209 -1.8799 0.1575, -1.7224 -1.8799 0.1575, -1.7224 -1.8746 0.2007, -1.8209 -1.8746 0.2007, -1.7224 -1.8589 0.2412, -1.8209 -1.8589 0.2412, -1.7224 -1.8338 0.2768, -1.8209 -1.8338 0.2768, -1.7224 -1.8007 0.3051, -1.8209 -1.8007 0.3051, -1.7224 -1.7618 0.3245, -1.8209 -1.7618 0.3245, -1.7224 -1.7193 0.3339, -1.8209 -1.7193 0.3339, -1.7224 -1.6758 0.3326, -1.8209 -1.6758 0.3326, -1.7224 -1.634 0.3207, -1.8209 -1.634 0.3207, -1.7224 -1.5962 0.2991, -1.8209 -1.5962 0.2991, -1.7224 -1.565 0.2688, -1.8209 -1.565 0.2688, -1.8209 -0.3445 0.2688, -1.7224 -0.3445 0.2688, -1.8209 -0.3088 0.2735, -1.7224 -0.3088 0.2735, -1.8209 -0.2756 0.2873, -1.7224 -0.2756 0.2873, -1.8209 -0.247 0.3092, -1.7224 -0.247 0.3092, -1.8209 -0.2251 0.3377, -1.7224 -0.2251 0.3377, -1.8209 -0.2114 0.371, -1.7224 -0.2114 0.371, -1.8209 -0.2067 0.4066, -1.7224 -0.2067 0.4066, -1.8209 -0.2067 0.6693, -1.7224 -0.2067 0.6693, -1.8209 -0.2094 0.6897, -1.7224 -0.2094 0.6897, -1.8209 -0.2172 0.7087, -1.7224 -0.2172 0.7087, -1.8209 -0.2298 0.725, -1.7224 -0.2298 0.725, -1.8209 -0.2461 0.7375, -1.7224 -0.2461 0.7375, -1.8209 -0.265 0.7453, -1.7224 -0.265 0.7453, -1.8209 -0.2854 0.748, -1.7224 -0.2854 0.748, -1.8209 -1.2106 0.748, -1.7224 -1.2106 0.748, -1.7224 -1.2259 0.75, -1.8209 -1.2259 0.75, -1.7224 -1.2402 0.7559, -1.8209 -1.2402 0.7559, -1.7224 -1.2524 0.7653, -1.8209 -1.2524 0.7653, -1.7224 -1.2618 0.7776, -1.8209 -1.2618 0.7776, -1.7224 -1.2677 0.7918, -1.8209 -1.2677 0.7918, -1.7224 -1.2697 0.8071, -1.8209 -1.2697 0.8071, -1.7224 -1.2677 0.8224, -1.8209 -1.2677 0.8224, -1.7224 -1.2618 0.8366, -1.8209 -1.2618 0.8366, -1.7224 -1.2524 0.8488, -1.8209 -1.2524 0.8488, -1.7224 -1.2402 0.8582, -1.8209 -1.2402 0.8582, -1.7224 -1.2259 0.8641, -1.8209 -1.2259 0.8641, -1.7224 -1.2106 0.8661, -1.8209 -1.2106 0.8661, -1.8209 -0.0492 0.8661, -1.7224 -0.0492 0.8661, -1.8209 -0.0485 0.861, -1.7224 -0.0485 0.861, -1.8209 -0.0466 0.8563, -1.7224 -0.0466 0.8563, -1.8209 -0.0434 0.8522, -1.7224 -0.0434 0.8522, -1.8209 -0.0394 0.8491, -1.7224 -0.0394 0.8491, -1.8209 -0.0346 0.8471, -1.7224 -0.0346 0.8471, -1.8209 -0.0295 0.8465, -1.7224 -0.0295 0.8465, -1.8209 -0.0244 0.8471, -1.7224 -0.0244 0.8471, -1.8209 -0.0197 0.8491, -1.7224 -0.0197 0.8491, -1.8209 -0.0156 0.8522, -1.7224 -0.0156 0.8522, -1.8209 -0.0125 0.8563, -1.7224 -0.0125 0.8563, -1.8209 -0.0105 0.861, -1.7224 -0.0105 0.861, -1.8209 -0.0098 0.8661, -1.7224 -0.0098 0.8661, -1.8209 0.1083 0.8661, -1.7224 0.1083 0.8661, -1.8209 0.1083 0.689, -1.7224 0.1083 0.689, -1.8209 0.0886 0.689, -1.7224 0.0886 0.689, -1.8209 0.0886 0.6299, -1.7224 0.0886 0.6299, -1.4272 0.1083 0.3543, -1.4272 0.1083 0.6299, -1.3287 0.1083 0.3543, -1.3287 0.1083 0.6299, -1.4272 0.0886 0.3543, -1.3287 0.0886 0.3543, -1.4272 0.0886 0.2953, -1.3287 0.0886 0.2953, -1.4272 0.1083 0.2953, -1.3287 0.1083 0.2953, -1.4272 0.1083 0.1378, -1.3287 0.1083 0.1378, -1.4272 0.1598 0.0836, -1.3287 0.1598 0.0836, -1.4272 0.1719 0.0732, -1.3287 0.1719 0.0732, -1.4272 0.1858 0.0654, -1.3287 0.1858 0.0654, -1.4272 0.201 0.0607, -1.3287 0.201 0.0607, -1.4272 0.2169 0.0591, -1.3287 0.2169 0.0591, -1.4272 0.5965 0.0591, -1.3287 0.5965 0.0591, -1.3287 0.6016 0.0584, -1.4272 0.6016 0.0584, -1.3287 0.6063 0.0564, -1.4272 0.6063 0.0564, -1.3287 0.6104 0.0533, -1.4272 0.6104 0.0533, -1.3287 0.6135 0.0492, -1.4272 0.6135 0.0492, -1.3287 0.6155 0.0445, -1.4272 0.6155 0.0445, -1.3287 0.6161 0.0394, -1.4272 0.6161 0.0394, -1.4272 0.6161 0.0, -1.3287 0.6161 0.0, -1.4272 0.1795 0.0, -1.3287 0.1795 0.0, -1.3287 0.1636 0.0016, -1.4272 0.1636 0.0016, -1.3287 0.1484 0.0064, -1.4272 0.1484 0.0064, -1.3287 0.1345 0.0141, -1.4272 0.1345 0.0141, -1.3287 0.1224 0.0245, -1.4272 0.1224 0.0245, -1.4272 0.1316 0.0149, -1.3287 0.1316 0.0149, -1.4272 0.1195 0.0252, -1.3287 0.1195 0.0252, -1.4272 0.1055 0.033, -1.3287 0.1055 0.033, -1.4272 0.0903 0.0378, -1.3287 0.0903 0.0378, -1.4272 0.0745 0.0394, -1.3287 0.0745 0.0394, -1.4272 -0.1325 0.0394, -1.3287 -0.1325 0.0394, -1.4272 -0.1325 0.1575, -1.3287 -0.1325 0.1575, -1.4272 -1.8799 0.1575, -1.3287 -1.8799 0.1575, -1.3287 -1.8746 0.2007, -1.4272 -1.8746 0.2007, -1.3287 -1.8589 0.2412, -1.4272 -1.8589 0.2412, -1.3287 -1.8338 0.2768, -1.4272 -1.8338 0.2768, -1.3287 -1.8007 0.3051, -1.4272 -1.8007 0.3051, -1.3287 -1.7618 0.3245, -1.4272 -1.7618 0.3245, -1.3287 -1.7193 0.3339, -1.4272 -1.7193 0.3339, -1.3287 -1.6758 0.3326, -1.4272 -1.6758 0.3326, -1.3287 -1.634 0.3207, -1.4272 -1.634 0.3207, -1.3287 -1.5962 0.2991, -1.4272 -1.5962 0.2991, -1.3287 -1.565 0.2688, -1.4272 -1.565 0.2688, -1.4272 -0.3445 0.2688, -1.3287 -0.3445 0.2688, -1.4272 -0.3088 0.2735, -1.3287 -0.3088 0.2735, -1.4272 -0.2756 0.2873, -1.3287 -0.2756 0.2873, -1.4272 -0.247 0.3092, -1.3287 -0.247 0.3092, -1.4272 -0.2251 0.3377, -1.3287 -0.2251 0.3377, -1.4272 -0.2114 0.371, -1.3287 -0.2114 0.371, -1.4272 -0.2067 0.4066, -1.3287 -0.2067 0.4066, -1.4272 -0.2067 0.6693, -1.3287 -0.2067 0.6693, -1.4272 -0.2094 0.6897, -1.3287 -0.2094 0.6897, -1.4272 -0.2172 0.7087, -1.3287 -0.2172 0.7087, -1.4272 -0.2298 0.725, -1.3287 -0.2298 0.725, -1.4272 -0.2461 0.7375, -1.3287 -0.2461 0.7375, -1.4272 -0.265 0.7453, -1.3287 -0.265 0.7453, -1.4272 -0.2854 0.748, -1.3287 -0.2854 0.748, -1.4272 -1.2106 0.748, -1.3287 -1.2106 0.748, -1.3287 -1.2259 0.75, -1.4272 -1.2259 0.75, -1.3287 -1.2402 0.7559, -1.4272 -1.2402 0.7559, -1.3287 -1.2524 0.7653, -1.4272 -1.2524 0.7653, -1.3287 -1.2618 0.7776, -1.4272 -1.2618 0.7776, -1.3287 -1.2677 0.7918, -1.4272 -1.2677 0.7918, -1.3287 -1.2697 0.8071, -1.4272 -1.2697 0.8071, -1.3287 -1.2677 0.8224, -1.4272 -1.2677 0.8224, -1.3287 -1.2618 0.8366, -1.4272 -1.2618 0.8366, -1.3287 -1.2524 0.8488, -1.4272 -1.2524 0.8488, -1.3287 -1.2402 0.8582, -1.4272 -1.2402 0.8582, -1.3287 -1.2259 0.8641, -1.4272 -1.2259 0.8641, -1.3287 -1.2106 0.8661, -1.4272 -1.2106 0.8661, -1.4272 -0.0492 0.8661, -1.3287 -0.0492 0.8661, -1.4272 -0.0485 0.861, -1.3287 -0.0485 0.861, -1.4272 -0.0466 0.8563, -1.3287 -0.0466 0.8563, -1.4272 -0.0434 0.8522, -1.3287 -0.0434 0.8522, -1.4272 -0.0394 0.8491, -1.3287 -0.0394 0.8491, -1.4272 -0.0346 0.8471, -1.3287 -0.0346 0.8471, -1.4272 -0.0295 0.8465, -1.3287 -0.0295 0.8465, -1.4272 -0.0244 0.8471, -1.3287 -0.0244 0.8471, -1.4272 -0.0197 0.8491, -1.3287 -0.0197 0.8491, -1.4272 -0.0156 0.8522, -1.3287 -0.0156 0.8522, -1.4272 -0.0125 0.8563, -1.3287 -0.0125 0.8563, -1.4272 -0.0105 0.861, -1.3287 -0.0105 0.861, -1.4272 -0.0098 0.8661, -1.3287 -0.0098 0.8661, -1.4272 0.1083 0.8661, -1.3287 0.1083 0.8661, -1.4272 0.1083 0.689, -1.3287 0.1083 0.689, -1.4272 0.0886 0.689, -1.3287 0.0886 0.689, -1.4272 0.0886 0.6299, -1.3287 0.0886 0.6299, -1.0335 0.1083 0.3543, -1.0335 0.1083 0.6299, -0.935 0.1083 0.3543, -0.935 0.1083 0.6299, -1.0335 0.0886 0.3543, -0.935 0.0886 0.3543, -1.0335 0.0886 0.2953, -0.935 0.0886 0.2953, -1.0335 0.1083 0.2953, -0.935 0.1083 0.2953, -1.0335 0.1083 0.1378, -0.935 0.1083 0.1378, -1.0335 0.1598 0.0836, -0.935 0.1598 0.0836, -1.0335 0.1719 0.0732, -0.935 0.1719 0.0732, -1.0335 0.1858 0.0654, -0.935 0.1858 0.0654, -1.0335 0.201 0.0607, -0.935 0.201 0.0607, -1.0335 0.2169 0.0591, -0.935 0.2169 0.0591, -1.0335 0.5965 0.0591, -0.935 0.5965 0.0591, -0.935 0.6016 0.0584, -1.0335 0.6016 0.0584, -0.935 0.6063 0.0564, -1.0335 0.6063 0.0564, -0.935 0.6104 0.0533, -1.0335 0.6104 0.0533, -0.935 0.6135 0.0492, -1.0335 0.6135 0.0492, -0.935 0.6155 0.0445, -1.0335 0.6155 0.0445, -0.935 0.6161 0.0394, -1.0335 0.6161 0.0394, -1.0335 0.6161 0.0, -0.935 0.6161 0.0, -1.0335 0.1795 0.0, -0.935 0.1795 0.0, -0.935 0.1636 0.0016, -1.0335 0.1636 0.0016, -0.935 0.1484 0.0064, -1.0335 0.1484 0.0064, -0.935 0.1345 0.0141, -1.0335 0.1345 0.0141, -0.935 0.1224 0.0245, -1.0335 0.1224 0.0245, -1.0335 0.1316 0.0149, -0.935 0.1316 0.0149, -1.0335 0.1195 0.0252, -0.935 0.1195 0.0252, -1.0335 0.1055 0.033, -0.935 0.1055 0.033, -1.0335 0.0903 0.0378, -0.935 0.0903 0.0378, -1.0335 0.0745 0.0394, -0.935 0.0745 0.0394, -1.0335 -0.1325 0.0394, -0.935 -0.1325 0.0394, -1.0335 -0.1325 0.1575, -0.935 -0.1325 0.1575, -1.0335 -1.8799 0.1575, -0.935 -1.8799 0.1575, -0.935 -1.8746 0.2007, -1.0335 -1.8746 0.2007, -0.935 -1.8589 0.2412, -1.0335 -1.8589 0.2412, -0.935 -1.8338 0.2768, -1.0335 -1.8338 0.2768, -0.935 -1.8007 0.3051, -1.0335 -1.8007 0.3051, -0.935 -1.7618 0.3245, -1.0335 -1.7618 0.3245, -0.935 -1.7193 0.3339, -1.0335 -1.7193 0.3339, -0.935 -1.6758 0.3326, -1.0335 -1.6758 0.3326, -0.935 -1.634 0.3207, -1.0335 -1.634 0.3207, -0.935 -1.5962 0.2991, -1.0335 -1.5962 0.2991, -0.935 -1.565 0.2688, -1.0335 -1.565 0.2688, -1.0335 -0.3445 0.2688, -0.935 -0.3445 0.2688, -1.0335 -0.3088 0.2735, -0.935 -0.3088 0.2735, -1.0335 -0.2756 0.2873, -0.935 -0.2756 0.2873, -1.0335 -0.247 0.3092, -0.935 -0.247 0.3092, -1.0335 -0.2251 0.3377, -0.935 -0.2251 0.3377, -1.0335 -0.2114 0.371, -0.935 -0.2114 0.371, -1.0335 -0.2067 0.4066, -0.935 -0.2067 0.4066, -1.0335 -0.2067 0.6693, -0.935 -0.2067 0.6693, -1.0335 -0.2094 0.6897, -0.935 -0.2094 0.6897, -1.0335 -0.2172 0.7087, -0.935 -0.2172 0.7087, -1.0335 -0.2298 0.725, -0.935 -0.2298 0.725, -1.0335 -0.2461 0.7375, -0.935 -0.2461 0.7375, -1.0335 -0.265 0.7453, -0.935 -0.265 0.7453, -1.0335 -0.2854 0.748, -0.935 -0.2854 0.748, -1.0335 -1.2106 0.748, -0.935 -1.2106 0.748, -0.935 -1.2259 0.75, -1.0335 -1.2259 0.75, -0.935 -1.2402 0.7559, -1.0335 -1.2402 0.7559, -0.935 -1.2524 0.7653, -1.0335 -1.2524 0.7653, -0.935 -1.2618 0.7776, -1.0335 -1.2618 0.7776, -0.935 -1.2677 0.7918, -1.0335 -1.2677 0.7918, -0.935 -1.2697 0.8071, -1.0335 -1.2697 0.8071, -0.935 -1.2677 0.8224, -1.0335 -1.2677 0.8224, -0.935 -1.2618 0.8366, -1.0335 -1.2618 0.8366, -0.935 -1.2524 0.8488, -1.0335 -1.2524 0.8488, -0.935 -1.2402 0.8582, -1.0335 -1.2402 0.8582, -0.935 -1.2259 0.8641, -1.0335 -1.2259 0.8641, -0.935 -1.2106 0.8661, -1.0335 -1.2106 0.8661, -1.0335 -0.0492 0.8661, -0.935 -0.0492 0.8661, -1.0335 -0.0485 0.861, -0.935 -0.0485 0.861, -1.0335 -0.0466 0.8563, -0.935 -0.0466 0.8563, -1.0335 -0.0434 0.8522, -0.935 -0.0434 0.8522, -1.0335 -0.0394 0.8491, -0.935 -0.0394 0.8491, -1.0335 -0.0346 0.8471, -0.935 -0.0346 0.8471, -1.0335 -0.0295 0.8465, -0.935 -0.0295 0.8465, -1.0335 -0.0244 0.8471, -0.935 -0.0244 0.8471, -1.0335 -0.0197 0.8491, -0.935 -0.0197 0.8491, -1.0335 -0.0156 0.8522, -0.935 -0.0156 0.8522, -1.0335 -0.0125 0.8563, -0.935 -0.0125 0.8563, -1.0335 -0.0105 0.861, -0.935 -0.0105 0.861, -1.0335 -0.0098 0.8661, -0.935 -0.0098 0.8661, -1.0335 0.1083 0.8661, -0.935 0.1083 0.8661, -1.0335 0.1083 0.689, -0.935 0.1083 0.689, -1.0335 0.0886 0.689, -0.935 0.0886 0.689, -1.0335 0.0886 0.6299, -0.935 0.0886 0.6299, -0.6398 0.1083 0.3543, -0.6398 0.1083 0.6299, -0.5413 0.1083 0.3543, -0.5413 0.1083 0.6299, -0.6398 0.0886 0.3543, -0.5413 0.0886 0.3543, -0.6398 0.0886 0.2953, -0.5413 0.0886 0.2953, -0.6398 0.1083 0.2953, -0.5413 0.1083 0.2953, -0.6398 0.1083 0.1378, -0.5413 0.1083 0.1378, -0.6398 0.1598 0.0836, -0.5413 0.1598 0.0836, -0.6398 0.1719 0.0732, -0.5413 0.1719 0.0732, -0.6398 0.1858 0.0654, -0.5413 0.1858 0.0654, -0.6398 0.201 0.0607, -0.5413 0.201 0.0607, -0.6398 0.2169 0.0591, -0.5413 0.2169 0.0591, -0.6398 0.5965 0.0591, -0.5413 0.5965 0.0591, -0.5413 0.6016 0.0584, -0.6398 0.6016 0.0584, -0.5413 0.6063 0.0564, -0.6398 0.6063 0.0564, -0.5413 0.6104 0.0533, -0.6398 0.6104 0.0533, -0.5413 0.6135 0.0492, -0.6398 0.6135 0.0492, -0.5413 0.6155 0.0445, -0.6398 0.6155 0.0445, -0.5413 0.6161 0.0394, -0.6398 0.6161 0.0394, -0.6398 0.6161 0.0, -0.5413 0.6161 0.0, -0.6398 0.1795 0.0, -0.5413 0.1795 0.0, -0.5413 0.1636 0.0016, -0.6398 0.1636 0.0016, -0.5413 0.1484 0.0064, -0.6398 0.1484 0.0064, -0.5413 0.1345 0.0141, -0.6398 0.1345 0.0141, -0.5413 0.1224 0.0245, -0.6398 0.1224 0.0245, -0.6398 0.1316 0.0149, -0.5413 0.1316 0.0149, -0.6398 0.1195 0.0252, -0.5413 0.1195 0.0252, -0.6398 0.1055 0.033, -0.5413 0.1055 0.033, -0.6398 0.0903 0.0378, -0.5413 0.0903 0.0378, -0.6398 0.0745 0.0394, -0.5413 0.0745 0.0394, -0.6398 -0.1325 0.0394, -0.5413 -0.1325 0.0394, -0.6398 -0.1325 0.1575, -0.5413 -0.1325 0.1575, -0.6398 -1.8799 0.1575, -0.5413 -1.8799 0.1575, -0.5413 -1.8746 0.2007, -0.6398 -1.8746 0.2007, -0.5413 -1.8589 0.2412, -0.6398 -1.8589 0.2412, -0.5413 -1.8338 0.2768, -0.6398 -1.8338 0.2768, -0.5413 -1.8007 0.3051, -0.6398 -1.8007 0.3051, -0.5413 -1.7618 0.3245, -0.6398 -1.7618 0.3245, -0.5413 -1.7193 0.3339, -0.6398 -1.7193 0.3339, -0.5413 -1.6758 0.3326, -0.6398 -1.6758 0.3326, -0.5413 -1.634 0.3207, -0.6398 -1.634 0.3207, -0.5413 -1.5962 0.2991, -0.6398 -1.5962 0.2991, -0.5413 -1.565 0.2688, -0.6398 -1.565 0.2688, -0.6398 -0.3445 0.2688, -0.5413 -0.3445 0.2688, -0.6398 -0.3088 0.2735, -0.5413 -0.3088 0.2735, -0.6398 -0.2756 0.2873, -0.5413 -0.2756 0.2873, -0.6398 -0.247 0.3092, -0.5413 -0.247 0.3092, -0.6398 -0.2251 0.3377, -0.5413 -0.2251 0.3377, -0.6398 -0.2114 0.371, -0.5413 -0.2114 0.371, -0.6398 -0.2067 0.4066, -0.5413 -0.2067 0.4066, -0.6398 -0.2067 0.6693, -0.5413 -0.2067 0.6693, -0.6398 -0.2094 0.6897, -0.5413 -0.2094 0.6897, -0.6398 -0.2172 0.7087, -0.5413 -0.2172 0.7087, -0.6398 -0.2298 0.725, -0.5413 -0.2298 0.725, -0.6398 -0.2461 0.7375, -0.5413 -0.2461 0.7375, -0.6398 -0.265 0.7453, -0.5413 -0.265 0.7453, -0.6398 -0.2854 0.748, -0.5413 -0.2854 0.748, -0.6398 -1.2106 0.748, -0.5413 -1.2106 0.748, -0.5413 -1.2259 0.75, -0.6398 -1.2259 0.75, -0.5413 -1.2402 0.7559, -0.6398 -1.2402 0.7559, -0.5413 -1.2524 0.7653, -0.6398 -1.2524 0.7653, -0.5413 -1.2618 0.7776, -0.6398 -1.2618 0.7776, -0.5413 -1.2677 0.7918, -0.6398 -1.2677 0.7918, -0.5413 -1.2697 0.8071, -0.6398 -1.2697 0.8071, -0.5413 -1.2677 0.8224, -0.6398 -1.2677 0.8224, -0.5413 -1.2618 0.8366, -0.6398 -1.2618 0.8366, -0.5413 -1.2524 0.8488, -0.6398 -1.2524 0.8488, -0.5413 -1.2402 0.8582, -0.6398 -1.2402 0.8582, -0.5413 -1.2259 0.8641, -0.6398 -1.2259 0.8641, -0.5413 -1.2106 0.8661, -0.6398 -1.2106 0.8661, -0.6398 -0.0492 0.8661, -0.5413 -0.0492 0.8661, -0.6398 -0.0485 0.861, -0.5413 -0.0485 0.861, -0.6398 -0.0466 0.8563, -0.5413 -0.0466 0.8563, -0.6398 -0.0434 0.8522, -0.5413 -0.0434 0.8522, -0.6398 -0.0394 0.8491, -0.5413 -0.0394 0.8491, -0.6398 -0.0346 0.8471, -0.5413 -0.0346 0.8471, -0.6398 -0.0295 0.8465, -0.5413 -0.0295 0.8465, -0.6398 -0.0244 0.8471, -0.5413 -0.0244 0.8471, -0.6398 -0.0197 0.8491, -0.5413 -0.0197 0.8491, -0.6398 -0.0156 0.8522, -0.5413 -0.0156 0.8522, -0.6398 -0.0125 0.8563, -0.5413 -0.0125 0.8563, -0.6398 -0.0105 0.861, -0.5413 -0.0105 0.861, -0.6398 -0.0098 0.8661, -0.5413 -0.0098 0.8661, -0.6398 0.1083 0.8661, -0.5413 0.1083 0.8661, -0.6398 0.1083 0.689, -0.5413 0.1083 0.689, -0.6398 0.0886 0.689, -0.5413 0.0886 0.689, -0.6398 0.0886 0.6299, -0.5413 0.0886 0.6299, -0.2461 0.1083 0.3543, -0.2461 0.1083 0.6299, -0.1476 0.1083 0.3543, -0.1476 0.1083 0.6299, -0.2461 0.0886 0.3543, -0.1476 0.0886 0.3543, -0.2461 0.0886 0.2953, -0.1476 0.0886 0.2953, -0.2461 0.1083 0.2953, -0.1476 0.1083 0.2953, -0.2461 0.1083 0.1378, -0.1476 0.1083 0.1378, -0.2461 0.1598 0.0836, -0.1476 0.1598 0.0836, -0.2461 0.1719 0.0732, -0.1476 0.1719 0.0732, -0.2461 0.1858 0.0654, -0.1476 0.1858 0.0654, -0.2461 0.201 0.0607, -0.1476 0.201 0.0607, -0.2461 0.2169 0.0591, -0.1476 0.2169 0.0591, -0.2461 0.5965 0.0591, -0.1476 0.5965 0.0591, -0.1476 0.6016 0.0584, -0.2461 0.6016 0.0584, -0.1476 0.6063 0.0564, -0.2461 0.6063 0.0564, -0.1476 0.6104 0.0533, -0.2461 0.6104 0.0533, -0.1476 0.6135 0.0492, -0.2461 0.6135 0.0492, -0.1476 0.6155 0.0445, -0.2461 0.6155 0.0445, -0.1476 0.6161 0.0394, -0.2461 0.6161 0.0394, -0.2461 0.6161 0.0, -0.1476 0.6161 0.0, -0.2461 0.1795 0.0, -0.1476 0.1795 0.0, -0.1476 0.1636 0.0016, -0.2461 0.1636 0.0016, -0.1476 0.1484 0.0064, -0.2461 0.1484 0.0064, -0.1476 0.1345 0.0141, -0.2461 0.1345 0.0141, -0.1476 0.1224 0.0245, -0.2461 0.1224 0.0245, -0.2461 0.1316 0.0149, -0.1476 0.1316 0.0149, -0.2461 0.1195 0.0252, -0.1476 0.1195 0.0252, -0.2461 0.1055 0.033, -0.1476 0.1055 0.033, -0.2461 0.0903 0.0378, -0.1476 0.0903 0.0378, -0.2461 0.0745 0.0394, -0.1476 0.0745 0.0394, -0.2461 -0.1325 0.0394, -0.1476 -0.1325 0.0394, -0.2461 -0.1325 0.1575, -0.1476 -0.1325 0.1575, -0.2461 -1.8799 0.1575, -0.1476 -1.8799 0.1575, -0.1476 -1.8746 0.2007, -0.2461 -1.8746 0.2007, -0.1476 -1.8589 0.2412, -0.2461 -1.8589 0.2412, -0.1476 -1.8338 0.2768, -0.2461 -1.8338 0.2768, -0.1476 -1.8007 0.3051, -0.2461 -1.8007 0.3051, -0.1476 -1.7618 0.3245, -0.2461 -1.7618 0.3245, -0.1476 -1.7193 0.3339, -0.2461 -1.7193 0.3339, -0.1476 -1.6758 0.3326, -0.2461 -1.6758 0.3326, -0.1476 -1.634 0.3207, -0.2461 -1.634 0.3207, -0.1476 -1.5962 0.2991, -0.2461 -1.5962 0.2991, -0.1476 -1.565 0.2688, -0.2461 -1.565 0.2688, -0.2461 -0.3445 0.2688, -0.1476 -0.3445 0.2688, -0.2461 -0.3088 0.2735, -0.1476 -0.3088 0.2735, -0.2461 -0.2756 0.2873, -0.1476 -0.2756 0.2873, -0.2461 -0.247 0.3092, -0.1476 -0.247 0.3092, -0.2461 -0.2251 0.3377, -0.1476 -0.2251 0.3377, -0.2461 -0.2114 0.371, -0.1476 -0.2114 0.371, -0.2461 -0.2067 0.4066, -0.1476 -0.2067 0.4066, -0.2461 -0.2067 0.6693, -0.1476 -0.2067 0.6693, -0.2461 -0.2094 0.6897, -0.1476 -0.2094 0.6897, -0.2461 -0.2172 0.7087, -0.1476 -0.2172 0.7087, -0.2461 -0.2298 0.725, -0.1476 -0.2298 0.725, -0.2461 -0.2461 0.7375, -0.1476 -0.2461 0.7375, -0.2461 -0.265 0.7453, -0.1476 -0.265 0.7453, -0.2461 -0.2854 0.748, -0.1476 -0.2854 0.748, -0.2461 -1.2106 0.748, -0.1476 -1.2106 0.748, -0.1476 -1.2259 0.75, -0.2461 -1.2259 0.75, -0.1476 -1.2402 0.7559, -0.2461 -1.2402 0.7559, -0.1476 -1.2524 0.7653, -0.2461 -1.2524 0.7653, -0.1476 -1.2618 0.7776, -0.2461 -1.2618 0.7776, -0.1476 -1.2677 0.7918, -0.2461 -1.2677 0.7918, -0.1476 -1.2697 0.8071, -0.2461 -1.2697 0.8071, -0.1476 -1.2677 0.8224, -0.2461 -1.2677 0.8224, -0.1476 -1.2618 0.8366, -0.2461 -1.2618 0.8366, -0.1476 -1.2524 0.8488, -0.2461 -1.2524 0.8488, -0.1476 -1.2402 0.8582, -0.2461 -1.2402 0.8582, -0.1476 -1.2259 0.8641, -0.2461 -1.2259 0.8641, -0.1476 -1.2106 0.8661, -0.2461 -1.2106 0.8661, -0.2461 -0.0492 0.8661, -0.1476 -0.0492 0.8661, -0.2461 -0.0485 0.861, -0.1476 -0.0485 0.861, -0.2461 -0.0466 0.8563, -0.1476 -0.0466 0.8563, -0.2461 -0.0434 0.8522, -0.1476 -0.0434 0.8522, -0.2461 -0.0394 0.8491, -0.1476 -0.0394 0.8491, -0.2461 -0.0346 0.8471, -0.1476 -0.0346 0.8471, -0.2461 -0.0295 0.8465, -0.1476 -0.0295 0.8465, -0.2461 -0.0244 0.8471, -0.1476 -0.0244 0.8471, -0.2461 -0.0197 0.8491, -0.1476 -0.0197 0.8491, -0.2461 -0.0156 0.8522, -0.1476 -0.0156 0.8522, -0.2461 -0.0125 0.8563, -0.1476 -0.0125 0.8563, -0.2461 -0.0105 0.861, -0.1476 -0.0105 0.861, -0.2461 -0.0098 0.8661, -0.1476 -0.0098 0.8661, -0.2461 0.1083 0.8661, -0.1476 0.1083 0.8661, -0.2461 0.1083 0.689, -0.1476 0.1083 0.689, -0.2461 0.0886 0.689, -0.1476 0.0886 0.689, -0.2461 0.0886 0.6299, -0.1476 0.0886 0.6299, 0.1476 0.1083 0.3543, 0.1476 0.1083 0.6299, 0.2461 0.1083 0.3543, 0.2461 0.1083 0.6299, 0.1476 0.0886 0.3543, 0.2461 0.0886 0.3543, 0.1476 0.0886 0.2953, 0.2461 0.0886 0.2953, 0.1476 0.1083 0.2953, 0.2461 0.1083 0.2953, 0.1476 0.1083 0.1378, 0.2461 0.1083 0.1378, 0.1476 0.1598 0.0836, 0.2461 0.1598 0.0836, 0.1476 0.1719 0.0732, 0.2461 0.1719 0.0732, 0.1476 0.1858 0.0654, 0.2461 0.1858 0.0654, 0.1476 0.201 0.0607, 0.2461 0.201 0.0607, 0.1476 0.2169 0.0591, 0.2461 0.2169 0.0591, 0.1476 0.5965 0.0591, 0.2461 0.5965 0.0591, 0.2461 0.6016 0.0584, 0.1476 0.6016 0.0584, 0.2461 0.6063 0.0564, 0.1476 0.6063 0.0564, 0.2461 0.6104 0.0533, 0.1476 0.6104 0.0533, 0.2461 0.6135 0.0492, 0.1476 0.6135 0.0492, 0.2461 0.6155 0.0445, 0.1476 0.6155 0.0445, 0.2461 0.6161 0.0394, 0.1476 0.6161 0.0394, 0.1476 0.6161 0.0, 0.2461 0.6161 0.0, 0.1476 0.1795 0.0, 0.2461 0.1795 0.0, 0.2461 0.1636 0.0016, 0.1476 0.1636 0.0016, 0.2461 0.1484 0.0064, 0.1476 0.1484 0.0064, 0.2461 0.1345 0.0141, 0.1476 0.1345 0.0141, 0.2461 0.1224 0.0245, 0.1476 0.1224 0.0245, 0.1476 0.1316 0.0149, 0.2461 0.1316 0.0149, 0.1476 0.1195 0.0252, 0.2461 0.1195 0.0252, 0.1476 0.1055 0.033, 0.2461 0.1055 0.033, 0.1476 0.0903 0.0378, 0.2461 0.0903 0.0378, 0.1476 0.0745 0.0394, 0.2461 0.0745 0.0394, 0.1476 -0.1325 0.0394, 0.2461 -0.1325 0.0394, 0.1476 -0.1325 0.1575, 0.2461 -0.1325 0.1575, 0.1476 -1.8799 0.1575, 0.2461 -1.8799 0.1575, 0.2461 -1.8746 0.2007, 0.1476 -1.8746 0.2007, 0.2461 -1.8589 0.2412, 0.1476 -1.8589 0.2412, 0.2461 -1.8338 0.2768, 0.1476 -1.8338 0.2768, 0.2461 -1.8007 0.3051, 0.1476 -1.8007 0.3051, 0.2461 -1.7618 0.3245, 0.1476 -1.7618 0.3245, 0.2461 -1.7193 0.3339, 0.1476 -1.7193 0.3339, 0.2461 -1.6758 0.3326, 0.1476 -1.6758 0.3326, 0.2461 -1.634 0.3207, 0.1476 -1.634 0.3207, 0.2461 -1.5962 0.2991, 0.1476 -1.5962 0.2991, 0.2461 -1.565 0.2688, 0.1476 -1.565 0.2688, 0.1476 -0.3445 0.2688, 0.2461 -0.3445 0.2688, 0.1476 -0.3088 0.2735, 0.2461 -0.3088 0.2735, 0.1476 -0.2756 0.2873, 0.2461 -0.2756 0.2873, 0.1476 -0.247 0.3092, 0.2461 -0.247 0.3092, 0.1476 -0.2251 0.3377, 0.2461 -0.2251 0.3377, 0.1476 -0.2114 0.371, 0.2461 -0.2114 0.371, 0.1476 -0.2067 0.4066, 0.2461 -0.2067 0.4066, 0.1476 -0.2067 0.6693, 0.2461 -0.2067 0.6693, 0.1476 -0.2094 0.6897, 0.2461 -0.2094 0.6897, 0.1476 -0.2172 0.7087, 0.2461 -0.2172 0.7087, 0.1476 -0.2298 0.725, 0.2461 -0.2298 0.725, 0.1476 -0.2461 0.7375, 0.2461 -0.2461 0.7375, 0.1476 -0.265 0.7453, 0.2461 -0.265 0.7453, 0.1476 -0.2854 0.748, 0.2461 -0.2854 0.748, 0.1476 -1.2106 0.748, 0.2461 -1.2106 0.748, 0.2461 -1.2259 0.75, 0.1476 -1.2259 0.75, 0.2461 -1.2402 0.7559, 0.1476 -1.2402 0.7559, 0.2461 -1.2524 0.7653, 0.1476 -1.2524 0.7653, 0.2461 -1.2618 0.7776, 0.1476 -1.2618 0.7776, 0.2461 -1.2677 0.7918, 0.1476 -1.2677 0.7918, 0.2461 -1.2697 0.8071, 0.1476 -1.2697 0.8071, 0.2461 -1.2677 0.8224, 0.1476 -1.2677 0.8224, 0.2461 -1.2618 0.8366, 0.1476 -1.2618 0.8366, 0.2461 -1.2524 0.8488, 0.1476 -1.2524 0.8488, 0.2461 -1.2402 0.8582, 0.1476 -1.2402 0.8582, 0.2461 -1.2259 0.8641, 0.1476 -1.2259 0.8641, 0.2461 -1.2106 0.8661, 0.1476 -1.2106 0.8661, 0.1476 -0.0492 0.8661, 0.2461 -0.0492 0.8661, 0.1476 -0.0485 0.861, 0.2461 -0.0485 0.861, 0.1476 -0.0466 0.8563, 0.2461 -0.0466 0.8563, 0.1476 -0.0434 0.8522, 0.2461 -0.0434 0.8522, 0.1476 -0.0394 0.8491, 0.2461 -0.0394 0.8491, 0.1476 -0.0346 0.8471, 0.2461 -0.0346 0.8471, 0.1476 -0.0295 0.8465, 0.2461 -0.0295 0.8465, 0.1476 -0.0244 0.8471, 0.2461 -0.0244 0.8471, 0.1476 -0.0197 0.8491, 0.2461 -0.0197 0.8491, 0.1476 -0.0156 0.8522, 0.2461 -0.0156 0.8522, 0.1476 -0.0125 0.8563, 0.2461 -0.0125 0.8563, 0.1476 -0.0105 0.861, 0.2461 -0.0105 0.861, 0.1476 -0.0098 0.8661, 0.2461 -0.0098 0.8661, 0.1476 0.1083 0.8661, 0.2461 0.1083 0.8661, 0.1476 0.1083 0.689, 0.2461 0.1083 0.689, 0.1476 0.0886 0.689, 0.2461 0.0886 0.689, 0.1476 0.0886 0.6299, 0.2461 0.0886 0.6299, 0.5413 0.1083 0.3543, 0.5413 0.1083 0.6299, 0.6398 0.1083 0.3543, 0.6398 0.1083 0.6299, 0.5413 0.0886 0.3543, 0.6398 0.0886 0.3543, 0.5413 0.0886 0.2953, 0.6398 0.0886 0.2953, 0.5413 0.1083 0.2953, 0.6398 0.1083 0.2953, 0.5413 0.1083 0.1378, 0.6398 0.1083 0.1378, 0.5413 0.1598 0.0836, 0.6398 0.1598 0.0836, 0.5413 0.1719 0.0732, 0.6398 0.1719 0.0732, 0.5413 0.1858 0.0654, 0.6398 0.1858 0.0654, 0.5413 0.201 0.0607, 0.6398 0.201 0.0607, 0.5413 0.2169 0.0591, 0.6398 0.2169 0.0591, 0.5413 0.5965 0.0591, 0.6398 0.5965 0.0591, 0.6398 0.6016 0.0584, 0.5413 0.6016 0.0584, 0.6398 0.6063 0.0564, 0.5413 0.6063 0.0564, 0.6398 0.6104 0.0533, 0.5413 0.6104 0.0533, 0.6398 0.6135 0.0492, 0.5413 0.6135 0.0492, 0.6398 0.6155 0.0445, 0.5413 0.6155 0.0445, 0.6398 0.6161 0.0394, 0.5413 0.6161 0.0394, 0.5413 0.6161 0.0, 0.6398 0.6161 0.0, 0.5413 0.1795 0.0, 0.6398 0.1795 0.0, 0.6398 0.1636 0.0016, 0.5413 0.1636 0.0016, 0.6398 0.1484 0.0064, 0.5413 0.1484 0.0064, 0.6398 0.1345 0.0141, 0.5413 0.1345 0.0141, 0.6398 0.1224 0.0245, 0.5413 0.1224 0.0245, 0.5413 0.1316 0.0149, 0.6398 0.1316 0.0149, 0.5413 0.1195 0.0252, 0.6398 0.1195 0.0252, 0.5413 0.1055 0.033, 0.6398 0.1055 0.033, 0.5413 0.0903 0.0378, 0.6398 0.0903 0.0378, 0.5413 0.0745 0.0394, 0.6398 0.0745 0.0394, 0.5413 -0.1325 0.0394, 0.6398 -0.1325 0.0394, 0.5413 -0.1325 0.1575, 0.6398 -0.1325 0.1575, 0.5413 -1.8799 0.1575, 0.6398 -1.8799 0.1575, 0.6398 -1.8746 0.2007, 0.5413 -1.8746 0.2007, 0.6398 -1.8589 0.2412, 0.5413 -1.8589 0.2412, 0.6398 -1.8338 0.2768, 0.5413 -1.8338 0.2768, 0.6398 -1.8007 0.3051, 0.5413 -1.8007 0.3051, 0.6398 -1.7618 0.3245, 0.5413 -1.7618 0.3245, 0.6398 -1.7193 0.3339, 0.5413 -1.7193 0.3339, 0.6398 -1.6758 0.3326, 0.5413 -1.6758 0.3326, 0.6398 -1.634 0.3207, 0.5413 -1.634 0.3207, 0.6398 -1.5962 0.2991, 0.5413 -1.5962 0.2991, 0.6398 -1.565 0.2688, 0.5413 -1.565 0.2688, 0.5413 -0.3445 0.2688, 0.6398 -0.3445 0.2688, 0.5413 -0.3088 0.2735, 0.6398 -0.3088 0.2735, 0.5413 -0.2756 0.2873, 0.6398 -0.2756 0.2873, 0.5413 -0.247 0.3092, 0.6398 -0.247 0.3092, 0.5413 -0.2251 0.3377, 0.6398 -0.2251 0.3377, 0.5413 -0.2114 0.371, 0.6398 -0.2114 0.371, 0.5413 -0.2067 0.4066, 0.6398 -0.2067 0.4066, 0.5413 -0.2067 0.6693, 0.6398 -0.2067 0.6693, 0.5413 -0.2094 0.6897, 0.6398 -0.2094 0.6897, 0.5413 -0.2172 0.7087, 0.6398 -0.2172 0.7087, 0.5413 -0.2298 0.725, 0.6398 -0.2298 0.725, 0.5413 -0.2461 0.7375, 0.6398 -0.2461 0.7375, 0.5413 -0.265 0.7453, 0.6398 -0.265 0.7453, 0.5413 -0.2854 0.748, 0.6398 -0.2854 0.748, 0.5413 -1.2106 0.748, 0.6398 -1.2106 0.748, 0.6398 -1.2259 0.75, 0.5413 -1.2259 0.75, 0.6398 -1.2402 0.7559, 0.5413 -1.2402 0.7559, 0.6398 -1.2524 0.7653, 0.5413 -1.2524 0.7653, 0.6398 -1.2618 0.7776, 0.5413 -1.2618 0.7776, 0.6398 -1.2677 0.7918, 0.5413 -1.2677 0.7918, 0.6398 -1.2697 0.8071, 0.5413 -1.2697 0.8071, 0.6398 -1.2677 0.8224, 0.5413 -1.2677 0.8224, 0.6398 -1.2618 0.8366, 0.5413 -1.2618 0.8366, 0.6398 -1.2524 0.8488, 0.5413 -1.2524 0.8488, 0.6398 -1.2402 0.8582, 0.5413 -1.2402 0.8582, 0.6398 -1.2259 0.8641, 0.5413 -1.2259 0.8641, 0.6398 -1.2106 0.8661, 0.5413 -1.2106 0.8661, 0.5413 -0.0492 0.8661, 0.6398 -0.0492 0.8661, 0.5413 -0.0485 0.861, 0.6398 -0.0485 0.861, 0.5413 -0.0466 0.8563, 0.6398 -0.0466 0.8563, 0.5413 -0.0434 0.8522, 0.6398 -0.0434 0.8522, 0.5413 -0.0394 0.8491, 0.6398 -0.0394 0.8491, 0.5413 -0.0346 0.8471, 0.6398 -0.0346 0.8471, 0.5413 -0.0295 0.8465, 0.6398 -0.0295 0.8465, 0.5413 -0.0244 0.8471, 0.6398 -0.0244 0.8471, 0.5413 -0.0197 0.8491, 0.6398 -0.0197 0.8491, 0.5413 -0.0156 0.8522, 0.6398 -0.0156 0.8522, 0.5413 -0.0125 0.8563, 0.6398 -0.0125 0.8563, 0.5413 -0.0105 0.861, 0.6398 -0.0105 0.861, 0.5413 -0.0098 0.8661, 0.6398 -0.0098 0.8661, 0.5413 0.1083 0.8661, 0.6398 0.1083 0.8661, 0.5413 0.1083 0.689, 0.6398 0.1083 0.689, 0.5413 0.0886 0.689, 0.6398 0.0886 0.689, 0.5413 0.0886 0.6299, 0.6398 0.0886 0.6299, 0.935 0.1083 0.3543, 0.935 0.1083 0.6299, 1.0335 0.1083 0.3543, 1.0335 0.1083 0.6299, 0.935 0.0886 0.3543, 1.0335 0.0886 0.3543, 0.935 0.0886 0.2953, 1.0335 0.0886 0.2953, 0.935 0.1083 0.2953, 1.0335 0.1083 0.2953, 0.935 0.1083 0.1378, 1.0335 0.1083 0.1378, 0.935 0.1598 0.0836, 1.0335 0.1598 0.0836, 0.935 0.1719 0.0732, 1.0335 0.1719 0.0732, 0.935 0.1858 0.0654, 1.0335 0.1858 0.0654, 0.935 0.201 0.0607, 1.0335 0.201 0.0607, 0.935 0.2169 0.0591, 1.0335 0.2169 0.0591, 0.935 0.5965 0.0591, 1.0335 0.5965 0.0591, 1.0335 0.6016 0.0584, 0.935 0.6016 0.0584, 1.0335 0.6063 0.0564, 0.935 0.6063 0.0564, 1.0335 0.6104 0.0533, 0.935 0.6104 0.0533, 1.0335 0.6135 0.0492, 0.935 0.6135 0.0492, 1.0335 0.6155 0.0445, 0.935 0.6155 0.0445, 1.0335 0.6161 0.0394, 0.935 0.6161 0.0394, 0.935 0.6161 0.0, 1.0335 0.6161 0.0, 0.935 0.1795 0.0, 1.0335 0.1795 0.0, 1.0335 0.1636 0.0016, 0.935 0.1636 0.0016, 1.0335 0.1484 0.0064, 0.935 0.1484 0.0064, 1.0335 0.1345 0.0141, 0.935 0.1345 0.0141, 1.0335 0.1224 0.0245, 0.935 0.1224 0.0245, 0.935 0.1316 0.0149, 1.0335 0.1316 0.0149, 0.935 0.1195 0.0252, 1.0335 0.1195 0.0252, 0.935 0.1055 0.033, 1.0335 0.1055 0.033, 0.935 0.0903 0.0378, 1.0335 0.0903 0.0378, 0.935 0.0745 0.0394, 1.0335 0.0745 0.0394, 0.935 -0.1325 0.0394, 1.0335 -0.1325 0.0394, 0.935 -0.1325 0.1575, 1.0335 -0.1325 0.1575, 0.935 -1.8799 0.1575, 1.0335 -1.8799 0.1575, 1.0335 -1.8746 0.2007, 0.935 -1.8746 0.2007, 1.0335 -1.8589 0.2412, 0.935 -1.8589 0.2412, 1.0335 -1.8338 0.2768, 0.935 -1.8338 0.2768, 1.0335 -1.8007 0.3051, 0.935 -1.8007 0.3051, 1.0335 -1.7618 0.3245, 0.935 -1.7618 0.3245, 1.0335 -1.7193 0.3339, 0.935 -1.7193 0.3339, 1.0335 -1.6758 0.3326, 0.935 -1.6758 0.3326, 1.0335 -1.634 0.3207, 0.935 -1.634 0.3207, 1.0335 -1.5962 0.2991, 0.935 -1.5962 0.2991, 1.0335 -1.565 0.2688, 0.935 -1.565 0.2688, 0.935 -0.3445 0.2688, 1.0335 -0.3445 0.2688, 0.935 -0.3088 0.2735, 1.0335 -0.3088 0.2735, 0.935 -0.2756 0.2873, 1.0335 -0.2756 0.2873, 0.935 -0.247 0.3092, 1.0335 -0.247 0.3092, 0.935 -0.2251 0.3377, 1.0335 -0.2251 0.3377, 0.935 -0.2114 0.371, 1.0335 -0.2114 0.371, 0.935 -0.2067 0.4066, 1.0335 -0.2067 0.4066, 0.935 -0.2067 0.6693, 1.0335 -0.2067 0.6693, 0.935 -0.2094 0.6897, 1.0335 -0.2094 0.6897, 0.935 -0.2172 0.7087, 1.0335 -0.2172 0.7087, 0.935 -0.2298 0.725, 1.0335 -0.2298 0.725, 0.935 -0.2461 0.7375, 1.0335 -0.2461 0.7375, 0.935 -0.265 0.7453, 1.0335 -0.265 0.7453, 0.935 -0.2854 0.748, 1.0335 -0.2854 0.748, 0.935 -1.2106 0.748, 1.0335 -1.2106 0.748, 1.0335 -1.2259 0.75, 0.935 -1.2259 0.75, 1.0335 -1.2402 0.7559, 0.935 -1.2402 0.7559, 1.0335 -1.2524 0.7653, 0.935 -1.2524 0.7653, 1.0335 -1.2618 0.7776, 0.935 -1.2618 0.7776, 1.0335 -1.2677 0.7918, 0.935 -1.2677 0.7918, 1.0335 -1.2697 0.8071, 0.935 -1.2697 0.8071, 1.0335 -1.2677 0.8224, 0.935 -1.2677 0.8224, 1.0335 -1.2618 0.8366, 0.935 -1.2618 0.8366, 1.0335 -1.2524 0.8488, 0.935 -1.2524 0.8488, 1.0335 -1.2402 0.8582, 0.935 -1.2402 0.8582, 1.0335 -1.2259 0.8641, 0.935 -1.2259 0.8641, 1.0335 -1.2106 0.8661, 0.935 -1.2106 0.8661, 0.935 -0.0492 0.8661, 1.0335 -0.0492 0.8661, 0.935 -0.0485 0.861, 1.0335 -0.0485 0.861, 0.935 -0.0466 0.8563, 1.0335 -0.0466 0.8563, 0.935 -0.0434 0.8522, 1.0335 -0.0434 0.8522, 0.935 -0.0394 0.8491, 1.0335 -0.0394 0.8491, 0.935 -0.0346 0.8471, 1.0335 -0.0346 0.8471, 0.935 -0.0295 0.8465, 1.0335 -0.0295 0.8465, 0.935 -0.0244 0.8471, 1.0335 -0.0244 0.8471, 0.935 -0.0197 0.8491, 1.0335 -0.0197 0.8491, 0.935 -0.0156 0.8522, 1.0335 -0.0156 0.8522, 0.935 -0.0125 0.8563, 1.0335 -0.0125 0.8563, 0.935 -0.0105 0.861, 1.0335 -0.0105 0.861, 0.935 -0.0098 0.8661, 1.0335 -0.0098 0.8661, 0.935 0.1083 0.8661, 1.0335 0.1083 0.8661, 0.935 0.1083 0.689, 1.0335 0.1083 0.689, 0.935 0.0886 0.689, 1.0335 0.0886 0.689, 0.935 0.0886 0.6299, 1.0335 0.0886 0.6299, 1.3287 0.1083 0.3543, 1.3287 0.1083 0.6299, 1.4272 0.1083 0.3543, 1.4272 0.1083 0.6299, 1.3287 0.0886 0.3543, 1.4272 0.0886 0.3543, 1.3287 0.0886 0.2953, 1.4272 0.0886 0.2953, 1.3287 0.1083 0.2953, 1.4272 0.1083 0.2953, 1.3287 0.1083 0.1378, 1.4272 0.1083 0.1378, 1.3287 0.1598 0.0836, 1.4272 0.1598 0.0836, 1.3287 0.1719 0.0732, 1.4272 0.1719 0.0732, 1.3287 0.1858 0.0654, 1.4272 0.1858 0.0654, 1.3287 0.201 0.0607, 1.4272 0.201 0.0607, 1.3287 0.2169 0.0591, 1.4272 0.2169 0.0591, 1.3287 0.5965 0.0591, 1.4272 0.5965 0.0591, 1.4272 0.6016 0.0584, 1.3287 0.6016 0.0584, 1.4272 0.6063 0.0564, 1.3287 0.6063 0.0564, 1.4272 0.6104 0.0533, 1.3287 0.6104 0.0533, 1.4272 0.6135 0.0492, 1.3287 0.6135 0.0492, 1.4272 0.6155 0.0445, 1.3287 0.6155 0.0445, 1.4272 0.6161 0.0394, 1.3287 0.6161 0.0394, 1.3287 0.6161 0.0, 1.4272 0.6161 0.0, 1.3287 0.1795 0.0, 1.4272 0.1795 0.0, 1.4272 0.1636 0.0016, 1.3287 0.1636 0.0016, 1.4272 0.1484 0.0064, 1.3287 0.1484 0.0064, 1.4272 0.1345 0.0141, 1.3287 0.1345 0.0141, 1.4272 0.1224 0.0245, 1.3287 0.1224 0.0245, 1.3287 0.1316 0.0149, 1.4272 0.1316 0.0149, 1.3287 0.1195 0.0252, 1.4272 0.1195 0.0252, 1.3287 0.1055 0.033, 1.4272 0.1055 0.033, 1.3287 0.0903 0.0378, 1.4272 0.0903 0.0378, 1.3287 0.0745 0.0394, 1.4272 0.0745 0.0394, 1.3287 -0.1325 0.0394, 1.4272 -0.1325 0.0394, 1.3287 -0.1325 0.1575, 1.4272 -0.1325 0.1575, 1.3287 -1.8799 0.1575, 1.4272 -1.8799 0.1575, 1.4272 -1.8746 0.2007, 1.3287 -1.8746 0.2007, 1.4272 -1.8589 0.2412, 1.3287 -1.8589 0.2412, 1.4272 -1.8338 0.2768, 1.3287 -1.8338 0.2768, 1.4272 -1.8007 0.3051, 1.3287 -1.8007 0.3051, 1.4272 -1.7618 0.3245, 1.3287 -1.7618 0.3245, 1.4272 -1.7193 0.3339, 1.3287 -1.7193 0.3339, 1.4272 -1.6758 0.3326, 1.3287 -1.6758 0.3326, 1.4272 -1.634 0.3207, 1.3287 -1.634 0.3207, 1.4272 -1.5962 0.2991, 1.3287 -1.5962 0.2991, 1.4272 -1.565 0.2688, 1.3287 -1.565 0.2688, 1.3287 -0.3445 0.2688, 1.4272 -0.3445 0.2688, 1.3287 -0.3088 0.2735, 1.4272 -0.3088 0.2735, 1.3287 -0.2756 0.2873, 1.4272 -0.2756 0.2873, 1.3287 -0.247 0.3092, 1.4272 -0.247 0.3092, 1.3287 -0.2251 0.3377, 1.4272 -0.2251 0.3377, 1.3287 -0.2114 0.371, 1.4272 -0.2114 0.371, 1.3287 -0.2067 0.4066, 1.4272 -0.2067 0.4066, 1.3287 -0.2067 0.6693, 1.4272 -0.2067 0.6693, 1.3287 -0.2094 0.6897, 1.4272 -0.2094 0.6897, 1.3287 -0.2172 0.7087, 1.4272 -0.2172 0.7087, 1.3287 -0.2298 0.725, 1.4272 -0.2298 0.725, 1.3287 -0.2461 0.7375, 1.4272 -0.2461 0.7375, 1.3287 -0.265 0.7453, 1.4272 -0.265 0.7453, 1.3287 -0.2854 0.748, 1.4272 -0.2854 0.748, 1.3287 -1.2106 0.748, 1.4272 -1.2106 0.748, 1.4272 -1.2259 0.75, 1.3287 -1.2259 0.75, 1.4272 -1.2402 0.7559, 1.3287 -1.2402 0.7559, 1.4272 -1.2524 0.7653, 1.3287 -1.2524 0.7653, 1.4272 -1.2618 0.7776, 1.3287 -1.2618 0.7776, 1.4272 -1.2677 0.7918, 1.3287 -1.2677 0.7918, 1.4272 -1.2697 0.8071, 1.3287 -1.2697 0.8071, 1.4272 -1.2677 0.8224, 1.3287 -1.2677 0.8224, 1.4272 -1.2618 0.8366, 1.3287 -1.2618 0.8366, 1.4272 -1.2524 0.8488, 1.3287 -1.2524 0.8488, 1.4272 -1.2402 0.8582, 1.3287 -1.2402 0.8582, 1.4272 -1.2259 0.8641, 1.3287 -1.2259 0.8641, 1.4272 -1.2106 0.8661, 1.3287 -1.2106 0.8661, 1.3287 -0.0492 0.8661, 1.4272 -0.0492 0.8661, 1.3287 -0.0485 0.861, 1.4272 -0.0485 0.861, 1.3287 -0.0466 0.8563, 1.4272 -0.0466 0.8563, 1.3287 -0.0434 0.8522, 1.4272 -0.0434 0.8522, 1.3287 -0.0394 0.8491, 1.4272 -0.0394 0.8491, 1.3287 -0.0346 0.8471, 1.4272 -0.0346 0.8471, 1.3287 -0.0295 0.8465, 1.4272 -0.0295 0.8465, 1.3287 -0.0244 0.8471, 1.4272 -0.0244 0.8471, 1.3287 -0.0197 0.8491, 1.4272 -0.0197 0.8491, 1.3287 -0.0156 0.8522, 1.4272 -0.0156 0.8522, 1.3287 -0.0125 0.8563, 1.4272 -0.0125 0.8563, 1.3287 -0.0105 0.861, 1.4272 -0.0105 0.861, 1.3287 -0.0098 0.8661, 1.4272 -0.0098 0.8661, 1.3287 0.1083 0.8661, 1.4272 0.1083 0.8661, 1.3287 0.1083 0.689, 1.4272 0.1083 0.689, 1.3287 0.0886 0.689, 1.4272 0.0886 0.689, 1.3287 0.0886 0.6299, 1.4272 0.0886 0.6299, 1.7224 0.1083 0.3543, 1.7224 0.1083 0.6299, 1.8209 0.1083 0.3543, 1.8209 0.1083 0.6299, 1.7224 0.0886 0.3543, 1.8209 0.0886 0.3543, 1.7224 0.0886 0.2953, 1.8209 0.0886 0.2953, 1.7224 0.1083 0.2953, 1.8209 0.1083 0.2953, 1.7224 0.1083 0.1378, 1.8209 0.1083 0.1378, 1.7224 0.1598 0.0836, 1.8209 0.1598 0.0836, 1.7224 0.1719 0.0732, 1.8209 0.1719 0.0732, 1.7224 0.1858 0.0654, 1.8209 0.1858 0.0654, 1.7224 0.201 0.0607, 1.8209 0.201 0.0607, 1.7224 0.2169 0.0591, 1.8209 0.2169 0.0591, 1.7224 0.5965 0.0591, 1.8209 0.5965 0.0591, 1.8209 0.6016 0.0584, 1.7224 0.6016 0.0584, 1.8209 0.6063 0.0564, 1.7224 0.6063 0.0564, 1.8209 0.6104 0.0533, 1.7224 0.6104 0.0533, 1.8209 0.6135 0.0492, 1.7224 0.6135 0.0492, 1.8209 0.6155 0.0445, 1.7224 0.6155 0.0445, 1.8209 0.6161 0.0394, 1.7224 0.6161 0.0394, 1.7224 0.6161 0.0, 1.8209 0.6161 0.0, 1.7224 0.1795 0.0, 1.8209 0.1795 0.0, 1.8209 0.1636 0.0016, 1.7224 0.1636 0.0016, 1.8209 0.1484 0.0064, 1.7224 0.1484 0.0064, 1.8209 0.1345 0.0141, 1.7224 0.1345 0.0141, 1.8209 0.1224 0.0245, 1.7224 0.1224 0.0245, 1.7224 0.1316 0.0149, 1.8209 0.1316 0.0149, 1.7224 0.1195 0.0252, 1.8209 0.1195 0.0252, 1.7224 0.1055 0.033, 1.8209 0.1055 0.033, 1.7224 0.0903 0.0378, 1.8209 0.0903 0.0378, 1.7224 0.0745 0.0394, 1.8209 0.0745 0.0394, 1.7224 -0.1325 0.0394, 1.8209 -0.1325 0.0394, 1.7224 -0.1325 0.1575, 1.8209 -0.1325 0.1575, 1.7224 -1.8799 0.1575, 1.8209 -1.8799 0.1575, 1.8209 -1.8746 0.2007, 1.7224 -1.8746 0.2007, 1.8209 -1.8589 0.2412, 1.7224 -1.8589 0.2412, 1.8209 -1.8338 0.2768, 1.7224 -1.8338 0.2768, 1.8209 -1.8007 0.3051, 1.7224 -1.8007 0.3051, 1.8209 -1.7618 0.3245, 1.7224 -1.7618 0.3245, 1.8209 -1.7193 0.3339, 1.7224 -1.7193 0.3339, 1.8209 -1.6758 0.3326, 1.7224 -1.6758 0.3326, 1.8209 -1.634 0.3207, 1.7224 -1.634 0.3207, 1.8209 -1.5962 0.2991, 1.7224 -1.5962 0.2991, 1.8209 -1.565 0.2688, 1.7224 -1.565 0.2688, 1.7224 -0.3445 0.2688, 1.8209 -0.3445 0.2688, 1.7224 -0.3088 0.2735, 1.8209 -0.3088 0.2735, 1.7224 -0.2756 0.2873, 1.8209 -0.2756 0.2873, 1.7224 -0.247 0.3092, 1.8209 -0.247 0.3092, 1.7224 -0.2251 0.3377, 1.8209 -0.2251 0.3377, 1.7224 -0.2114 0.371, 1.8209 -0.2114 0.371, 1.7224 -0.2067 0.4066, 1.8209 -0.2067 0.4066, 1.7224 -0.2067 0.6693, 1.8209 -0.2067 0.6693, 1.7224 -0.2094 0.6897, 1.8209 -0.2094 0.6897, 1.7224 -0.2172 0.7087, 1.8209 -0.2172 0.7087, 1.7224 -0.2298 0.725, 1.8209 -0.2298 0.725, 1.7224 -0.2461 0.7375, 1.8209 -0.2461 0.7375, 1.7224 -0.265 0.7453, 1.8209 -0.265 0.7453, 1.7224 -0.2854 0.748, 1.8209 -0.2854 0.748, 1.7224 -1.2106 0.748, 1.8209 -1.2106 0.748, 1.8209 -1.2259 0.75, 1.7224 -1.2259 0.75, 1.8209 -1.2402 0.7559, 1.7224 -1.2402 0.7559, 1.8209 -1.2524 0.7653, 1.7224 -1.2524 0.7653, 1.8209 -1.2618 0.7776, 1.7224 -1.2618 0.7776, 1.8209 -1.2677 0.7918, 1.7224 -1.2677 0.7918, 1.8209 -1.2697 0.8071, 1.7224 -1.2697 0.8071, 1.8209 -1.2677 0.8224, 1.7224 -1.2677 0.8224, 1.8209 -1.2618 0.8366, 1.7224 -1.2618 0.8366, 1.8209 -1.2524 0.8488, 1.7224 -1.2524 0.8488, 1.8209 -1.2402 0.8582, 1.7224 -1.2402 0.8582, 1.8209 -1.2259 0.8641, 1.7224 -1.2259 0.8641, 1.8209 -1.2106 0.8661, 1.7224 -1.2106 0.8661, 1.7224 -0.0492 0.8661, 1.8209 -0.0492 0.8661, 1.7224 -0.0485 0.861, 1.8209 -0.0485 0.861, 1.7224 -0.0466 0.8563, 1.8209 -0.0466 0.8563, 1.7224 -0.0434 0.8522, 1.8209 -0.0434 0.8522, 1.7224 -0.0394 0.8491, 1.8209 -0.0394 0.8491, 1.7224 -0.0346 0.8471, 1.8209 -0.0346 0.8471, 1.7224 -0.0295 0.8465, 1.8209 -0.0295 0.8465, 1.7224 -0.0244 0.8471, 1.8209 -0.0244 0.8471, 1.7224 -0.0197 0.8491, 1.8209 -0.0197 0.8491, 1.7224 -0.0156 0.8522, 1.8209 -0.0156 0.8522, 1.7224 -0.0125 0.8563, 1.8209 -0.0125 0.8563, 1.7224 -0.0105 0.861, 1.8209 -0.0105 0.861, 1.7224 -0.0098 0.8661, 1.8209 -0.0098 0.8661, 1.7224 0.1083 0.8661, 1.8209 0.1083 0.8661, 1.7224 0.1083 0.689, 1.8209 0.1083 0.689, 1.7224 0.0886 0.689, 1.8209 0.0886 0.689, 1.7224 0.0886 0.6299, 1.8209 0.0886 0.6299, 2.1161 0.1083 0.3543, 2.1161 0.1083 0.6299, 2.2146 0.1083 0.3543, 2.2146 0.1083 0.6299, 2.1161 0.0886 0.3543, 2.2146 0.0886 0.3543, 2.1161 0.0886 0.2953, 2.2146 0.0886 0.2953, 2.1161 0.1083 0.2953, 2.2146 0.1083 0.2953, 2.1161 0.1083 0.1378, 2.2146 0.1083 0.1378, 2.1161 0.1598 0.0836, 2.2146 0.1598 0.0836, 2.1161 0.1719 0.0732, 2.2146 0.1719 0.0732, 2.1161 0.1858 0.0654, 2.2146 0.1858 0.0654, 2.1161 0.201 0.0607, 2.2146 0.201 0.0607, 2.1161 0.2169 0.0591, 2.2146 0.2169 0.0591, 2.1161 0.5965 0.0591, 2.2146 0.5965 0.0591, 2.2146 0.6016 0.0584, 2.1161 0.6016 0.0584, 2.2146 0.6063 0.0564, 2.1161 0.6063 0.0564, 2.2146 0.6104 0.0533, 2.1161 0.6104 0.0533, 2.2146 0.6135 0.0492, 2.1161 0.6135 0.0492, 2.2146 0.6155 0.0445, 2.1161 0.6155 0.0445, 2.2146 0.6161 0.0394, 2.1161 0.6161 0.0394, 2.1161 0.6161 0.0, 2.2146 0.6161 0.0, 2.1161 0.1795 0.0, 2.2146 0.1795 0.0, 2.2146 0.1636 0.0016, 2.1161 0.1636 0.0016, 2.2146 0.1484 0.0064, 2.1161 0.1484 0.0064, 2.2146 0.1345 0.0141, 2.1161 0.1345 0.0141, 2.2146 0.1224 0.0245, 2.1161 0.1224 0.0245, 2.1161 0.1316 0.0149, 2.2146 0.1316 0.0149, 2.1161 0.1195 0.0252, 2.2146 0.1195 0.0252, 2.1161 0.1055 0.033, 2.2146 0.1055 0.033, 2.1161 0.0903 0.0378, 2.2146 0.0903 0.0378, 2.1161 0.0745 0.0394, 2.2146 0.0745 0.0394, 2.1161 -0.1325 0.0394, 2.2146 -0.1325 0.0394, 2.1161 -0.1325 0.1575, 2.2146 -0.1325 0.1575, 2.1161 -1.8799 0.1575, 2.2146 -1.8799 0.1575, 2.2146 -1.8746 0.2007, 2.1161 -1.8746 0.2007, 2.2146 -1.8589 0.2412, 2.1161 -1.8589 0.2412, 2.2146 -1.8338 0.2768, 2.1161 -1.8338 0.2768, 2.2146 -1.8007 0.3051, 2.1161 -1.8007 0.3051, 2.2146 -1.7618 0.3245, 2.1161 -1.7618 0.3245, 2.2146 -1.7193 0.3339, 2.1161 -1.7193 0.3339, 2.2146 -1.6758 0.3326, 2.1161 -1.6758 0.3326, 2.2146 -1.634 0.3207, 2.1161 -1.634 0.3207, 2.2146 -1.5962 0.2991, 2.1161 -1.5962 0.2991, 2.2146 -1.565 0.2688, 2.1161 -1.565 0.2688, 2.1161 -0.3445 0.2688, 2.2146 -0.3445 0.2688, 2.1161 -0.3088 0.2735, 2.2146 -0.3088 0.2735, 2.1161 -0.2756 0.2873, 2.2146 -0.2756 0.2873, 2.1161 -0.247 0.3092, 2.2146 -0.247 0.3092, 2.1161 -0.2251 0.3377, 2.2146 -0.2251 0.3377, 2.1161 -0.2114 0.371, 2.2146 -0.2114 0.371, 2.1161 -0.2067 0.4066, 2.2146 -0.2067 0.4066, 2.1161 -0.2067 0.6693, 2.2146 -0.2067 0.6693, 2.1161 -0.2094 0.6897, 2.2146 -0.2094 0.6897, 2.1161 -0.2172 0.7087, 2.2146 -0.2172 0.7087, 2.1161 -0.2298 0.725, 2.2146 -0.2298 0.725, 2.1161 -0.2461 0.7375, 2.2146 -0.2461 0.7375, 2.1161 -0.265 0.7453, 2.2146 -0.265 0.7453, 2.1161 -0.2854 0.748, 2.2146 -0.2854 0.748, 2.1161 -1.2106 0.748, 2.2146 -1.2106 0.748, 2.2146 -1.2259 0.75, 2.1161 -1.2259 0.75, 2.2146 -1.2402 0.7559, 2.1161 -1.2402 0.7559, 2.2146 -1.2524 0.7653, 2.1161 -1.2524 0.7653, 2.2146 -1.2618 0.7776, 2.1161 -1.2618 0.7776, 2.2146 -1.2677 0.7918, 2.1161 -1.2677 0.7918, 2.2146 -1.2697 0.8071, 2.1161 -1.2697 0.8071, 2.2146 -1.2677 0.8224, 2.1161 -1.2677 0.8224, 2.2146 -1.2618 0.8366, 2.1161 -1.2618 0.8366, 2.2146 -1.2524 0.8488, 2.1161 -1.2524 0.8488, 2.2146 -1.2402 0.8582, 2.1161 -1.2402 0.8582, 2.2146 -1.2259 0.8641, 2.1161 -1.2259 0.8641, 2.2146 -1.2106 0.8661, 2.1161 -1.2106 0.8661, 2.1161 -0.0492 0.8661, 2.2146 -0.0492 0.8661, 2.1161 -0.0485 0.861, 2.2146 -0.0485 0.861, 2.1161 -0.0466 0.8563, 2.2146 -0.0466 0.8563, 2.1161 -0.0434 0.8522, 2.2146 -0.0434 0.8522, 2.1161 -0.0394 0.8491, 2.2146 -0.0394 0.8491, 2.1161 -0.0346 0.8471, 2.2146 -0.0346 0.8471, 2.1161 -0.0295 0.8465, 2.2146 -0.0295 0.8465, 2.1161 -0.0244 0.8471, 2.2146 -0.0244 0.8471, 2.1161 -0.0197 0.8491, 2.2146 -0.0197 0.8491, 2.1161 -0.0156 0.8522, 2.2146 -0.0156 0.8522, 2.1161 -0.0125 0.8563, 2.2146 -0.0125 0.8563, 2.1161 -0.0105 0.861, 2.2146 -0.0105 0.861, 2.1161 -0.0098 0.8661, 2.2146 -0.0098 0.8661, 2.1161 0.1083 0.8661, 2.2146 0.1083 0.8661, 2.1161 0.1083 0.689, 2.2146 0.1083 0.689, 2.1161 0.0886 0.689, 2.2146 0.0886 0.689, 2.1161 0.0886 0.6299, 2.2146 0.0886 0.6299, 2.5098 0.1083 0.3543, 2.5098 0.1083 0.6299, 2.6083 0.1083 0.3543, 2.6083 0.1083 0.6299, 2.5098 0.0886 0.3543, 2.6083 0.0886 0.3543, 2.5098 0.0886 0.2953, 2.6083 0.0886 0.2953, 2.5098 0.1083 0.2953, 2.6083 0.1083 0.2953, 2.5098 0.1083 0.1378, 2.6083 0.1083 0.1378, 2.5098 0.1598 0.0836, 2.6083 0.1598 0.0836, 2.5098 0.1719 0.0732, 2.6083 0.1719 0.0732, 2.5098 0.1858 0.0654, 2.6083 0.1858 0.0654, 2.5098 0.201 0.0607, 2.6083 0.201 0.0607, 2.5098 0.2169 0.0591, 2.6083 0.2169 0.0591, 2.5098 0.5965 0.0591, 2.6083 0.5965 0.0591, 2.6083 0.6016 0.0584, 2.5098 0.6016 0.0584, 2.6083 0.6063 0.0564, 2.5098 0.6063 0.0564, 2.6083 0.6104 0.0533, 2.5098 0.6104 0.0533, 2.6083 0.6135 0.0492, 2.5098 0.6135 0.0492, 2.6083 0.6155 0.0445, 2.5098 0.6155 0.0445, 2.6083 0.6161 0.0394, 2.5098 0.6161 0.0394, 2.5098 0.6161 0.0, 2.6083 0.6161 0.0, 2.5098 0.1795 0.0, 2.6083 0.1795 0.0, 2.6083 0.1636 0.0016, 2.5098 0.1636 0.0016, 2.6083 0.1484 0.0064, 2.5098 0.1484 0.0064, 2.6083 0.1345 0.0141, 2.5098 0.1345 0.0141, 2.6083 0.1224 0.0245, 2.5098 0.1224 0.0245, 2.5098 0.1316 0.0149, 2.6083 0.1316 0.0149, 2.5098 0.1195 0.0252, 2.6083 0.1195 0.0252, 2.5098 0.1055 0.033, 2.6083 0.1055 0.033, 2.5098 0.0903 0.0378, 2.6083 0.0903 0.0378, 2.5098 0.0745 0.0394, 2.6083 0.0745 0.0394, 2.5098 -0.1325 0.0394, 2.6083 -0.1325 0.0394, 2.5098 -0.1325 0.1575, 2.6083 -0.1325 0.1575, 2.5098 -1.8799 0.1575, 2.6083 -1.8799 0.1575, 2.6083 -1.8746 0.2007, 2.5098 -1.8746 0.2007, 2.6083 -1.8589 0.2412, 2.5098 -1.8589 0.2412, 2.6083 -1.8338 0.2768, 2.5098 -1.8338 0.2768, 2.6083 -1.8007 0.3051, 2.5098 -1.8007 0.3051, 2.6083 -1.7618 0.3245, 2.5098 -1.7618 0.3245, 2.6083 -1.7193 0.3339, 2.5098 -1.7193 0.3339, 2.6083 -1.6758 0.3326, 2.5098 -1.6758 0.3326, 2.6083 -1.634 0.3207, 2.5098 -1.634 0.3207, 2.6083 -1.5962 0.2991, 2.5098 -1.5962 0.2991, 2.6083 -1.565 0.2688, 2.5098 -1.565 0.2688, 2.5098 -0.3445 0.2688, 2.6083 -0.3445 0.2688, 2.5098 -0.3088 0.2735, 2.6083 -0.3088 0.2735, 2.5098 -0.2756 0.2873, 2.6083 -0.2756 0.2873, 2.5098 -0.247 0.3092, 2.6083 -0.247 0.3092, 2.5098 -0.2251 0.3377, 2.6083 -0.2251 0.3377, 2.5098 -0.2114 0.371, 2.6083 -0.2114 0.371, 2.5098 -0.2067 0.4066, 2.6083 -0.2067 0.4066, 2.5098 -0.2067 0.6693, 2.6083 -0.2067 0.6693, 2.5098 -0.2094 0.6897, 2.6083 -0.2094 0.6897, 2.5098 -0.2172 0.7087, 2.6083 -0.2172 0.7087, 2.5098 -0.2298 0.725, 2.6083 -0.2298 0.725, 2.5098 -0.2461 0.7375, 2.6083 -0.2461 0.7375, 2.5098 -0.265 0.7453, 2.6083 -0.265 0.7453, 2.5098 -0.2854 0.748, 2.6083 -0.2854 0.748, 2.5098 -1.2106 0.748, 2.6083 -1.2106 0.748, 2.6083 -1.2259 0.75, 2.5098 -1.2259 0.75, 2.6083 -1.2402 0.7559, 2.5098 -1.2402 0.7559, 2.6083 -1.2524 0.7653, 2.5098 -1.2524 0.7653, 2.6083 -1.2618 0.7776, 2.5098 -1.2618 0.7776, 2.6083 -1.2677 0.7918, 2.5098 -1.2677 0.7918, 2.6083 -1.2697 0.8071, 2.5098 -1.2697 0.8071, 2.6083 -1.2677 0.8224, 2.5098 -1.2677 0.8224, 2.6083 -1.2618 0.8366, 2.5098 -1.2618 0.8366, 2.6083 -1.2524 0.8488, 2.5098 -1.2524 0.8488, 2.6083 -1.2402 0.8582, 2.5098 -1.2402 0.8582, 2.6083 -1.2259 0.8641, 2.5098 -1.2259 0.8641, 2.6083 -1.2106 0.8661, 2.5098 -1.2106 0.8661, 2.5098 -0.0492 0.8661, 2.6083 -0.0492 0.8661, 2.5098 -0.0485 0.861, 2.6083 -0.0485 0.861, 2.5098 -0.0466 0.8563, 2.6083 -0.0466 0.8563, 2.5098 -0.0434 0.8522, 2.6083 -0.0434 0.8522, 2.5098 -0.0394 0.8491, 2.6083 -0.0394 0.8491, 2.5098 -0.0346 0.8471, 2.6083 -0.0346 0.8471, 2.5098 -0.0295 0.8465, 2.6083 -0.0295 0.8465, 2.5098 -0.0244 0.8471, 2.6083 -0.0244 0.8471, 2.5098 -0.0197 0.8491, 2.6083 -0.0197 0.8491, 2.5098 -0.0156 0.8522, 2.6083 -0.0156 0.8522, 2.5098 -0.0125 0.8563, 2.6083 -0.0125 0.8563, 2.5098 -0.0105 0.861, 2.6083 -0.0105 0.861, 2.5098 -0.0098 0.8661, 2.6083 -0.0098 0.8661, 2.5098 0.1083 0.8661, 2.6083 0.1083 0.8661, 2.5098 0.1083 0.689, 2.6083 0.1083 0.689, 2.5098 0.0886 0.689, 2.6083 0.0886 0.689, 2.5098 0.0886 0.6299, 2.6083 0.0886 0.6299, 2.9035 0.1083 0.3543, 2.9035 0.1083 0.6299, 3.002 0.1083 0.3543, 3.002 0.1083 0.6299, 2.9035 0.0886 0.3543, 3.002 0.0886 0.3543, 2.9035 0.0886 0.2953, 3.002 0.0886 0.2953, 2.9035 0.1083 0.2953, 3.002 0.1083 0.2953, 2.9035 0.1083 0.1378, 3.002 0.1083 0.1378, 2.9035 0.1598 0.0836, 3.002 0.1598 0.0836, 2.9035 0.1719 0.0732, 3.002 0.1719 0.0732, 2.9035 0.1858 0.0654, 3.002 0.1858 0.0654, 2.9035 0.201 0.0607, 3.002 0.201 0.0607, 2.9035 0.2169 0.0591, 3.002 0.2169 0.0591, 2.9035 0.5965 0.0591, 3.002 0.5965 0.0591, 3.002 0.6016 0.0584, 2.9035 0.6016 0.0584, 3.002 0.6063 0.0564, 2.9035 0.6063 0.0564, 3.002 0.6104 0.0533, 2.9035 0.6104 0.0533, 3.002 0.6135 0.0492, 2.9035 0.6135 0.0492, 3.002 0.6155 0.0445, 2.9035 0.6155 0.0445, 3.002 0.6161 0.0394, 2.9035 0.6161 0.0394, 2.9035 0.6161 0.0, 3.002 0.6161 0.0, 2.9035 0.1795 0.0, 3.002 0.1795 0.0, 3.002 0.1636 0.0016, 2.9035 0.1636 0.0016, 3.002 0.1484 0.0064, 2.9035 0.1484 0.0064, 3.002 0.1345 0.0141, 2.9035 0.1345 0.0141, 3.002 0.1224 0.0245, 2.9035 0.1224 0.0245, 2.9035 0.1316 0.0149, 3.002 0.1316 0.0149, 2.9035 0.1195 0.0252, 3.002 0.1195 0.0252, 2.9035 0.1055 0.033, 3.002 0.1055 0.033, 2.9035 0.0903 0.0378, 3.002 0.0903 0.0378, 2.9035 0.0745 0.0394, 3.002 0.0745 0.0394, 2.9035 -0.1325 0.0394, 3.002 -0.1325 0.0394, 2.9035 -0.1325 0.1575, 3.002 -0.1325 0.1575, 2.9035 -1.8799 0.1575, 3.002 -1.8799 0.1575, 3.002 -1.8746 0.2007, 2.9035 -1.8746 0.2007, 3.002 -1.8589 0.2412, 2.9035 -1.8589 0.2412, 3.002 -1.8338 0.2768, 2.9035 -1.8338 0.2768, 3.002 -1.8007 0.3051, 2.9035 -1.8007 0.3051, 3.002 -1.7618 0.3245, 2.9035 -1.7618 0.3245, 3.002 -1.7193 0.3339, 2.9035 -1.7193 0.3339, 3.002 -1.6758 0.3326, 2.9035 -1.6758 0.3326, 3.002 -1.634 0.3207, 2.9035 -1.634 0.3207, 3.002 -1.5962 0.2991, 2.9035 -1.5962 0.2991, 3.002 -1.565 0.2688, 2.9035 -1.565 0.2688, 2.9035 -0.3445 0.2688, 3.002 -0.3445 0.2688, 2.9035 -0.3088 0.2735, 3.002 -0.3088 0.2735, 2.9035 -0.2756 0.2873, 3.002 -0.2756 0.2873, 2.9035 -0.247 0.3092, 3.002 -0.247 0.3092, 2.9035 -0.2251 0.3377, 3.002 -0.2251 0.3377, 2.9035 -0.2114 0.371, 3.002 -0.2114 0.371, 2.9035 -0.2067 0.4066, 3.002 -0.2067 0.4066, 2.9035 -0.2067 0.6693, 3.002 -0.2067 0.6693, 2.9035 -0.2094 0.6897, 3.002 -0.2094 0.6897, 2.9035 -0.2172 0.7087, 3.002 -0.2172 0.7087, 2.9035 -0.2298 0.725, 3.002 -0.2298 0.725, 2.9035 -0.2461 0.7375, 3.002 -0.2461 0.7375, 2.9035 -0.265 0.7453, 3.002 -0.265 0.7453, 2.9035 -0.2854 0.748, 3.002 -0.2854 0.748, 2.9035 -1.2106 0.748, 3.002 -1.2106 0.748, 3.002 -1.2259 0.75, 2.9035 -1.2259 0.75, 3.002 -1.2402 0.7559, 2.9035 -1.2402 0.7559, 3.002 -1.2524 0.7653, 2.9035 -1.2524 0.7653, 3.002 -1.2618 0.7776, 2.9035 -1.2618 0.7776, 3.002 -1.2677 0.7918, 2.9035 -1.2677 0.7918, 3.002 -1.2697 0.8071, 2.9035 -1.2697 0.8071, 3.002 -1.2677 0.8224, 2.9035 -1.2677 0.8224, 3.002 -1.2618 0.8366, 2.9035 -1.2618 0.8366, 3.002 -1.2524 0.8488, 2.9035 -1.2524 0.8488, 3.002 -1.2402 0.8582, 2.9035 -1.2402 0.8582, 3.002 -1.2259 0.8641, 2.9035 -1.2259 0.8641, 3.002 -1.2106 0.8661, 2.9035 -1.2106 0.8661, 2.9035 -0.0492 0.8661, 3.002 -0.0492 0.8661, 2.9035 -0.0485 0.861, 3.002 -0.0485 0.861, 2.9035 -0.0466 0.8563, 3.002 -0.0466 0.8563, 2.9035 -0.0434 0.8522, 3.002 -0.0434 0.8522, 2.9035 -0.0394 0.8491, 3.002 -0.0394 0.8491, 2.9035 -0.0346 0.8471, 3.002 -0.0346 0.8471, 2.9035 -0.0295 0.8465, 3.002 -0.0295 0.8465, 2.9035 -0.0244 0.8471, 3.002 -0.0244 0.8471, 2.9035 -0.0197 0.8491, 3.002 -0.0197 0.8491, 2.9035 -0.0156 0.8522, 3.002 -0.0156 0.8522, 2.9035 -0.0125 0.8563, 3.002 -0.0125 0.8563, 2.9035 -0.0105 0.861, 3.002 -0.0105 0.861, 2.9035 -0.0098 0.8661, 3.002 -0.0098 0.8661, 2.9035 0.1083 0.8661, 3.002 0.1083 0.8661, 2.9035 0.1083 0.689, 3.002 0.1083 0.689, 2.9035 0.0886 0.689, 3.002 0.0886 0.689, 2.9035 0.0886 0.6299, 3.002 0.0886 0.6299, 3.2972 0.1083 0.3543, 3.2972 0.1083 0.6299, 3.3957 0.1083 0.3543, 3.3957 0.1083 0.6299, 3.2972 0.0886 0.3543, 3.3957 0.0886 0.3543, 3.2972 0.0886 0.2953, 3.3957 0.0886 0.2953, 3.2972 0.1083 0.2953, 3.3957 0.1083 0.2953, 3.2972 0.1083 0.1378, 3.3957 0.1083 0.1378, 3.2972 0.1598 0.0836, 3.3957 0.1598 0.0836, 3.2972 0.1719 0.0732, 3.3957 0.1719 0.0732, 3.2972 0.1858 0.0654, 3.3957 0.1858 0.0654, 3.2972 0.201 0.0607, 3.3957 0.201 0.0607, 3.2972 0.2169 0.0591, 3.3957 0.2169 0.0591, 3.2972 0.5965 0.0591, 3.3957 0.5965 0.0591, 3.3957 0.6016 0.0584, 3.2972 0.6016 0.0584, 3.3957 0.6063 0.0564, 3.2972 0.6063 0.0564, 3.3957 0.6104 0.0533, 3.2972 0.6104 0.0533, 3.3957 0.6135 0.0492, 3.2972 0.6135 0.0492, 3.3957 0.6155 0.0445, 3.2972 0.6155 0.0445, 3.3957 0.6161 0.0394, 3.2972 0.6161 0.0394, 3.2972 0.6161 0.0, 3.3957 0.6161 0.0, 3.2972 0.1795 0.0, 3.3957 0.1795 0.0, 3.3957 0.1636 0.0016, 3.2972 0.1636 0.0016, 3.3957 0.1484 0.0064, 3.2972 0.1484 0.0064, 3.3957 0.1345 0.0141, 3.2972 0.1345 0.0141, 3.3957 0.1224 0.0245, 3.2972 0.1224 0.0245, 3.2972 0.1316 0.0149, 3.3957 0.1316 0.0149, 3.2972 0.1195 0.0252, 3.3957 0.1195 0.0252, 3.2972 0.1055 0.033, 3.3957 0.1055 0.033, 3.2972 0.0903 0.0378, 3.3957 0.0903 0.0378, 3.2972 0.0745 0.0394, 3.3957 0.0745 0.0394, 3.2972 -0.1325 0.0394, 3.3957 -0.1325 0.0394, 3.2972 -0.1325 0.1575, 3.3957 -0.1325 0.1575, 3.2972 -1.8799 0.1575, 3.3957 -1.8799 0.1575, 3.3957 -1.8746 0.2007, 3.2972 -1.8746 0.2007, 3.3957 -1.8589 0.2412, 3.2972 -1.8589 0.2412, 3.3957 -1.8338 0.2768, 3.2972 -1.8338 0.2768, 3.3957 -1.8007 0.3051, 3.2972 -1.8007 0.3051, 3.3957 -1.7618 0.3245, 3.2972 -1.7618 0.3245, 3.3957 -1.7193 0.3339, 3.2972 -1.7193 0.3339, 3.3957 -1.6758 0.3326, 3.2972 -1.6758 0.3326, 3.3957 -1.634 0.3207, 3.2972 -1.634 0.3207, 3.3957 -1.5962 0.2991, 3.2972 -1.5962 0.2991, 3.3957 -1.565 0.2688, 3.2972 -1.565 0.2688, 3.2972 -0.3445 0.2688, 3.3957 -0.3445 0.2688, 3.2972 -0.3088 0.2735, 3.3957 -0.3088 0.2735, 3.2972 -0.2756 0.2873, 3.3957 -0.2756 0.2873, 3.2972 -0.247 0.3092, 3.3957 -0.247 0.3092, 3.2972 -0.2251 0.3377, 3.3957 -0.2251 0.3377, 3.2972 -0.2114 0.371, 3.3957 -0.2114 0.371, 3.2972 -0.2067 0.4066, 3.3957 -0.2067 0.4066, 3.2972 -0.2067 0.6693, 3.3957 -0.2067 0.6693, 3.2972 -0.2094 0.6897, 3.3957 -0.2094 0.6897, 3.2972 -0.2172 0.7087, 3.3957 -0.2172 0.7087, 3.2972 -0.2298 0.725, 3.3957 -0.2298 0.725, 3.2972 -0.2461 0.7375, 3.3957 -0.2461 0.7375, 3.2972 -0.265 0.7453, 3.3957 -0.265 0.7453, 3.2972 -0.2854 0.748, 3.3957 -0.2854 0.748, 3.2972 -1.2106 0.748, 3.3957 -1.2106 0.748, 3.3957 -1.2259 0.75, 3.2972 -1.2259 0.75, 3.3957 -1.2402 0.7559, 3.2972 -1.2402 0.7559, 3.3957 -1.2524 0.7653, 3.2972 -1.2524 0.7653, 3.3957 -1.2618 0.7776, 3.2972 -1.2618 0.7776, 3.3957 -1.2677 0.7918, 3.2972 -1.2677 0.7918, 3.3957 -1.2697 0.8071, 3.2972 -1.2697 0.8071, 3.3957 -1.2677 0.8224, 3.2972 -1.2677 0.8224, 3.3957 -1.2618 0.8366, 3.2972 -1.2618 0.8366, 3.3957 -1.2524 0.8488, 3.2972 -1.2524 0.8488, 3.3957 -1.2402 0.8582, 3.2972 -1.2402 0.8582, 3.3957 -1.2259 0.8641, 3.2972 -1.2259 0.8641, 3.3957 -1.2106 0.8661, 3.2972 -1.2106 0.8661, 3.2972 -0.0492 0.8661, 3.3957 -0.0492 0.8661, 3.2972 -0.0485 0.861, 3.3957 -0.0485 0.861, 3.2972 -0.0466 0.8563, 3.3957 -0.0466 0.8563, 3.2972 -0.0434 0.8522, 3.3957 -0.0434 0.8522, 3.2972 -0.0394 0.8491, 3.3957 -0.0394 0.8491, 3.2972 -0.0346 0.8471, 3.3957 -0.0346 0.8471, 3.2972 -0.0295 0.8465, 3.3957 -0.0295 0.8465, 3.2972 -0.0244 0.8471, 3.3957 -0.0244 0.8471, 3.2972 -0.0197 0.8491, 3.3957 -0.0197 0.8491, 3.2972 -0.0156 0.8522, 3.3957 -0.0156 0.8522, 3.2972 -0.0125 0.8563, 3.3957 -0.0125 0.8563, 3.2972 -0.0105 0.861, 3.3957 -0.0105 0.861, 3.2972 -0.0098 0.8661, 3.3957 -0.0098 0.8661, 3.2972 0.1083 0.8661, 3.3957 0.1083 0.8661, 3.2972 0.1083 0.689, 3.3957 0.1083 0.689, 3.2972 0.0886 0.689, 3.3957 0.0886 0.689, 3.2972 0.0886 0.6299, 3.3957 0.0886 0.6299
            ]
        }
        coordIndex [
            0,1,2,-1,2,1,3,-1,2,3,4,-1,5,6,7,-1,7,6,8,-1,7,8,9,-1,9,8,10,-1,9,10,11,-1,11,10,12,-1,11,12,13,-1,13,12,4,-1,13,4,14,-1,14,4,3,-1,15,6,16,-1,16,6,5,-1,17,18,19,-1,19,18,20,-1,19,20,21,-1,21,20,22,-1,21,22,23,-1,24,25,26,-1,26,25,27,-1,26,27,28,-1,28,27,29,-1,28,29,30,-1,30,29,23,-1,30,23,31,-1,31,23,22,-1,32,25,33,-1,33,25,24,-1,34,35,36,-1,36,35,37,-1,36,37,38,-1,38,37,39,-1,38,39,40,-1,40,39,41,-1,15,16,42,-1,42,16,43,-1,42,43,44,-1,44,43,45,-1,44,45,41,-1,41,45,46,-1,41,46,40,-1,47,35,48,-1,48,35,34,-1,49,50,51,-1,51,50,52,-1,51,52,53,-1,53,52,54,-1,53,54,55,-1,55,54,56,-1,55,56,57,-1,57,56,58,-1,59,60,61,-1,61,60,62,-1,61,62,49,-1,49,62,63,-1,49,63,50,-1,17,57,18,-1,18,57,58,-1,48,34,64,-1,64,34,60,-1,16,58,56,-1,16,56,43,-1,43,56,54,-1,43,54,45,-1,45,54,52,-1,45,52,46,-1,46,52,50,-1,46,50,40,-1,40,50,63,-1,40,63,38,-1,38,63,62,-1,38,62,36,-1,36,62,60,-1,36,60,34,-1,16,5,58,-1,58,5,18,-1,1,24,26,-1,1,26,3,-1,3,26,28,-1,3,28,14,-1,14,28,30,-1,14,30,13,-1,13,30,31,-1,13,31,11,-1,11,31,22,-1,11,22,9,-1,9,22,20,-1,9,20,7,-1,7,20,18,-1,7,18,5,-1,1,65,24,-1,24,65,33,-1,65,66,33,-1,33,66,32,-1,66,0,32,-1,32,0,25,-1,6,17,8,-1,8,17,19,-1,8,19,10,-1,10,19,21,-1,10,21,12,-1,12,21,23,-1,12,23,4,-1,4,23,29,-1,4,29,2,-1,2,29,27,-1,2,27,0,-1,0,27,25,-1,6,15,17,-1,17,15,57,-1,35,59,37,-1,37,59,61,-1,37,61,39,-1,39,61,49,-1,39,49,41,-1,41,49,51,-1,41,51,44,-1,44,51,53,-1,44,53,42,-1,42,53,55,-1,42,55,15,-1,15,55,57,-1,35,47,59,-1,59,47,67,-1,47,48,67,-1,67,48,64,-1,65,1,66,-1,66,1,0,-1,59,67,60,-1,60,67,64,-1,68,69,70,-1,70,69,71,-1,72,68,73,-1,73,68,70,-1,74,72,75,-1,75,72,73,-1,76,74,77,-1,77,74,75,-1,78,76,79,-1,79,76,77,-1,80,78,81,-1,81,78,79,-1,80,81,82,-1,82,81,83,-1,82,83,84,-1,84,83,85,-1,84,85,86,-1,86,85,87,-1,86,87,88,-1,88,87,89,-1,90,88,91,-1,91,88,89,-1,90,91,92,-1,90,92,93,-1,93,92,94,-1,93,94,95,-1,95,94,96,-1,95,96,97,-1,97,96,98,-1,97,98,99,-1,99,98,100,-1,99,100,101,-1,101,100,102,-1,101,102,103,-1,104,103,105,-1,105,103,102,-1,106,104,107,-1,107,104,105,-1,106,107,108,-1,106,108,109,-1,109,108,110,-1,109,110,111,-1,111,110,112,-1,111,112,113,-1,113,112,114,-1,113,114,115,-1,116,115,117,-1,117,115,114,-1,116,117,118,-1,118,117,119,-1,118,119,120,-1,120,119,121,-1,120,121,122,-1,122,121,123,-1,122,123,124,-1,124,123,125,-1,126,124,127,-1,127,124,125,-1,128,126,129,-1,129,126,127,-1,130,128,131,-1,131,128,129,-1,130,131,132,-1,130,132,133,-1,133,132,134,-1,133,134,135,-1,135,134,136,-1,135,136,137,-1,137,136,138,-1,137,138,139,-1,139,138,140,-1,139,140,141,-1,141,140,142,-1,141,142,143,-1,143,142,144,-1,143,144,145,-1,145,144,146,-1,145,146,147,-1,147,146,148,-1,147,148,149,-1,149,148,150,-1,149,150,151,-1,152,151,153,-1,153,151,150,-1,152,153,154,-1,154,153,155,-1,154,155,156,-1,156,155,157,-1,156,157,158,-1,158,157,159,-1,158,159,160,-1,160,159,161,-1,160,161,162,-1,162,161,163,-1,162,163,164,-1,164,163,165,-1,166,164,167,-1,167,164,165,-1,166,167,168,-1,168,167,169,-1,168,169,170,-1,170,169,171,-1,170,171,172,-1,172,171,173,-1,172,173,174,-1,174,173,175,-1,174,175,176,-1,176,175,177,-1,176,177,178,-1,178,177,179,-1,180,178,181,-1,181,178,179,-1,180,181,182,-1,180,182,183,-1,183,182,184,-1,183,184,185,-1,185,184,186,-1,185,186,187,-1,187,186,188,-1,187,188,189,-1,189,188,190,-1,189,190,191,-1,191,190,192,-1,191,192,193,-1,193,192,194,-1,193,194,195,-1,195,194,196,-1,195,196,197,-1,197,196,198,-1,197,198,199,-1,199,198,200,-1,199,200,201,-1,201,200,202,-1,201,202,203,-1,203,202,204,-1,203,204,205,-1,206,205,207,-1,207,205,204,-1,206,207,208,-1,208,207,209,-1,208,209,210,-1,210,209,211,-1,210,211,212,-1,212,211,213,-1,212,213,214,-1,214,213,215,-1,214,215,216,-1,216,215,217,-1,216,217,218,-1,218,217,219,-1,218,219,220,-1,220,219,221,-1,220,221,222,-1,222,221,223,-1,222,223,224,-1,224,223,225,-1,224,225,226,-1,226,225,227,-1,226,227,228,-1,228,227,229,-1,228,229,230,-1,230,229,231,-1,232,230,233,-1,233,230,231,-1,234,232,235,-1,235,232,233,-1,236,234,237,-1,237,234,235,-1,238,236,239,-1,239,236,237,-1,69,238,71,-1,71,238,239,-1,69,68,238,-1,238,68,72,-1,154,156,128,-1,160,162,74,-1,74,162,72,-1,124,126,128,-1,135,151,133,-1,133,151,130,-1,135,137,151,-1,151,137,139,-1,151,139,141,-1,212,214,236,-1,236,214,216,-1,236,216,218,-1,82,84,106,-1,116,118,115,-1,115,118,120,-1,115,120,128,-1,128,120,122,-1,128,122,124,-1,141,143,145,-1,130,151,128,-1,128,151,152,-1,128,152,154,-1,218,220,236,-1,236,220,222,-1,236,222,234,-1,162,164,72,-1,72,164,166,-1,72,166,238,-1,238,166,168,-1,238,168,236,-1,210,174,208,-1,208,174,206,-1,109,111,78,-1,78,111,113,-1,78,113,115,-1,145,147,141,-1,141,147,149,-1,141,149,151,-1,222,224,234,-1,234,224,226,-1,234,226,232,-1,232,226,228,-1,232,228,230,-1,236,168,212,-1,212,168,170,-1,212,170,210,-1,210,170,172,-1,210,172,174,-1,174,176,206,-1,206,176,178,-1,206,178,205,-1,205,178,180,-1,197,199,180,-1,76,78,74,-1,74,78,115,-1,74,115,160,-1,160,115,128,-1,160,128,158,-1,158,128,156,-1,109,78,106,-1,106,78,80,-1,106,80,82,-1,84,86,106,-1,106,86,88,-1,106,88,104,-1,104,88,90,-1,104,90,103,-1,103,90,101,-1,199,201,180,-1,180,201,203,-1,180,203,205,-1,93,95,97,-1,197,180,195,-1,195,180,183,-1,195,183,185,-1,93,97,90,-1,90,97,99,-1,90,99,101,-1,185,187,195,-1,195,187,189,-1,195,189,193,-1,193,189,191,-1,119,117,114,-1,79,77,75,-1,70,71,73,-1,73,71,239,-1,157,129,159,-1,159,129,161,-1,177,175,207,-1,138,136,131,-1,131,136,134,-1,131,134,132,-1,161,129,114,-1,114,129,121,-1,114,121,119,-1,213,211,173,-1,150,131,153,-1,153,131,129,-1,153,129,155,-1,155,129,157,-1,150,148,131,-1,131,148,146,-1,131,146,144,-1,127,125,129,-1,129,125,123,-1,129,123,121,-1,167,114,169,-1,169,114,171,-1,167,165,114,-1,114,165,163,-1,114,163,161,-1,173,211,175,-1,175,211,209,-1,175,209,207,-1,221,219,237,-1,237,219,217,-1,144,142,131,-1,131,142,140,-1,131,140,138,-1,83,110,85,-1,85,110,108,-1,85,108,87,-1,87,108,107,-1,87,107,89,-1,81,114,83,-1,83,114,112,-1,83,112,110,-1,233,231,229,-1,89,107,91,-1,91,107,105,-1,91,105,102,-1,204,181,207,-1,207,181,179,-1,207,179,177,-1,233,229,235,-1,229,227,235,-1,235,227,225,-1,235,225,237,-1,237,225,223,-1,237,223,221,-1,217,215,237,-1,237,215,213,-1,237,213,239,-1,239,213,173,-1,239,173,73,-1,73,173,171,-1,73,171,75,-1,75,171,114,-1,75,114,79,-1,79,114,81,-1,92,91,94,-1,94,91,96,-1,204,202,181,-1,181,202,200,-1,181,200,198,-1,102,100,91,-1,91,100,98,-1,91,98,96,-1,192,190,188,-1,198,196,181,-1,181,196,194,-1,181,194,182,-1,182,194,184,-1,192,188,194,-1,194,188,186,-1,194,186,184,-1,240,241,242,-1,242,241,243,-1,244,240,245,-1,245,240,242,-1,246,244,247,-1,247,244,245,-1,248,246,249,-1,249,246,247,-1,250,248,251,-1,251,248,249,-1,252,250,253,-1,253,250,251,-1,252,253,254,-1,254,253,255,-1,254,255,256,-1,256,255,257,-1,256,257,258,-1,258,257,259,-1,258,259,260,-1,260,259,261,-1,262,260,263,-1,263,260,261,-1,262,263,264,-1,262,264,265,-1,265,264,266,-1,265,266,267,-1,267,266,268,-1,267,268,269,-1,269,268,270,-1,269,270,271,-1,271,270,272,-1,271,272,273,-1,273,272,274,-1,273,274,275,-1,276,275,277,-1,277,275,274,-1,278,276,279,-1,279,276,277,-1,278,279,280,-1,278,280,281,-1,281,280,282,-1,281,282,283,-1,283,282,284,-1,283,284,285,-1,285,284,286,-1,285,286,287,-1,288,287,289,-1,289,287,286,-1,288,289,290,-1,290,289,291,-1,290,291,292,-1,292,291,293,-1,292,293,294,-1,294,293,295,-1,294,295,296,-1,296,295,297,-1,298,296,299,-1,299,296,297,-1,300,298,301,-1,301,298,299,-1,302,300,303,-1,303,300,301,-1,302,303,304,-1,302,304,305,-1,305,304,306,-1,305,306,307,-1,307,306,308,-1,307,308,309,-1,309,308,310,-1,309,310,311,-1,311,310,312,-1,311,312,313,-1,313,312,314,-1,313,314,315,-1,315,314,316,-1,315,316,317,-1,317,316,318,-1,317,318,319,-1,319,318,320,-1,319,320,321,-1,321,320,322,-1,321,322,323,-1,324,323,325,-1,325,323,322,-1,324,325,326,-1,326,325,327,-1,326,327,328,-1,328,327,329,-1,328,329,330,-1,330,329,331,-1,330,331,332,-1,332,331,333,-1,332,333,334,-1,334,333,335,-1,334,335,336,-1,336,335,337,-1,338,336,339,-1,339,336,337,-1,338,339,340,-1,340,339,341,-1,340,341,342,-1,342,341,343,-1,342,343,344,-1,344,343,345,-1,344,345,346,-1,346,345,347,-1,346,347,348,-1,348,347,349,-1,348,349,350,-1,350,349,351,-1,352,350,353,-1,353,350,351,-1,352,353,354,-1,352,354,355,-1,355,354,356,-1,355,356,357,-1,357,356,358,-1,357,358,359,-1,359,358,360,-1,359,360,361,-1,361,360,362,-1,361,362,363,-1,363,362,364,-1,363,364,365,-1,365,364,366,-1,365,366,367,-1,367,366,368,-1,367,368,369,-1,369,368,370,-1,369,370,371,-1,371,370,372,-1,371,372,373,-1,373,372,374,-1,373,374,375,-1,375,374,376,-1,375,376,377,-1,378,377,379,-1,379,377,376,-1,378,379,380,-1,380,379,381,-1,380,381,382,-1,382,381,383,-1,382,383,384,-1,384,383,385,-1,384,385,386,-1,386,385,387,-1,386,387,388,-1,388,387,389,-1,388,389,390,-1,390,389,391,-1,390,391,392,-1,392,391,393,-1,392,393,394,-1,394,393,395,-1,394,395,396,-1,396,395,397,-1,396,397,398,-1,398,397,399,-1,398,399,400,-1,400,399,401,-1,400,401,402,-1,402,401,403,-1,404,402,405,-1,405,402,403,-1,406,404,407,-1,407,404,405,-1,408,406,409,-1,409,406,407,-1,410,408,411,-1,411,408,409,-1,241,410,243,-1,243,410,411,-1,241,240,410,-1,410,240,244,-1,326,328,300,-1,332,334,246,-1,246,334,244,-1,296,298,300,-1,307,323,305,-1,305,323,302,-1,307,309,323,-1,323,309,311,-1,323,311,313,-1,384,386,408,-1,408,386,388,-1,408,388,390,-1,254,256,278,-1,288,290,287,-1,287,290,292,-1,287,292,300,-1,300,292,294,-1,300,294,296,-1,313,315,317,-1,302,323,300,-1,300,323,324,-1,300,324,326,-1,390,392,408,-1,408,392,394,-1,408,394,406,-1,334,336,244,-1,244,336,338,-1,244,338,410,-1,410,338,340,-1,410,340,408,-1,382,346,380,-1,380,346,378,-1,281,283,250,-1,250,283,285,-1,250,285,287,-1,317,319,313,-1,313,319,321,-1,313,321,323,-1,394,396,406,-1,406,396,398,-1,406,398,404,-1,404,398,400,-1,404,400,402,-1,408,340,384,-1,384,340,342,-1,384,342,382,-1,382,342,344,-1,382,344,346,-1,346,348,378,-1,378,348,350,-1,378,350,377,-1,377,350,352,-1,369,371,352,-1,248,250,246,-1,246,250,287,-1,246,287,332,-1,332,287,300,-1,332,300,330,-1,330,300,328,-1,281,250,278,-1,278,250,252,-1,278,252,254,-1,256,258,278,-1,278,258,260,-1,278,260,276,-1,276,260,262,-1,276,262,275,-1,275,262,273,-1,371,373,352,-1,352,373,375,-1,352,375,377,-1,265,267,269,-1,369,352,367,-1,367,352,355,-1,367,355,357,-1,265,269,262,-1,262,269,271,-1,262,271,273,-1,357,359,367,-1,367,359,361,-1,367,361,365,-1,365,361,363,-1,291,289,286,-1,251,249,247,-1,242,243,245,-1,245,243,411,-1,329,301,331,-1,331,301,333,-1,349,347,379,-1,310,308,303,-1,303,308,306,-1,303,306,304,-1,333,301,286,-1,286,301,293,-1,286,293,291,-1,385,383,345,-1,322,303,325,-1,325,303,301,-1,325,301,327,-1,327,301,329,-1,322,320,303,-1,303,320,318,-1,303,318,316,-1,299,297,301,-1,301,297,295,-1,301,295,293,-1,339,286,341,-1,341,286,343,-1,339,337,286,-1,286,337,335,-1,286,335,333,-1,345,383,347,-1,347,383,381,-1,347,381,379,-1,393,391,409,-1,409,391,389,-1,316,314,303,-1,303,314,312,-1,303,312,310,-1,255,282,257,-1,257,282,280,-1,257,280,259,-1,259,280,279,-1,259,279,261,-1,253,286,255,-1,255,286,284,-1,255,284,282,-1,405,403,401,-1,261,279,263,-1,263,279,277,-1,263,277,274,-1,376,353,379,-1,379,353,351,-1,379,351,349,-1,405,401,407,-1,401,399,407,-1,407,399,397,-1,407,397,409,-1,409,397,395,-1,409,395,393,-1,389,387,409,-1,409,387,385,-1,409,385,411,-1,411,385,345,-1,411,345,245,-1,245,345,343,-1,245,343,247,-1,247,343,286,-1,247,286,251,-1,251,286,253,-1,264,263,266,-1,266,263,268,-1,376,374,353,-1,353,374,372,-1,353,372,370,-1,274,272,263,-1,263,272,270,-1,263,270,268,-1,364,362,360,-1,370,368,353,-1,353,368,366,-1,353,366,354,-1,354,366,356,-1,364,360,366,-1,366,360,358,-1,366,358,356,-1,412,413,414,-1,414,413,415,-1,416,412,417,-1,417,412,414,-1,418,416,419,-1,419,416,417,-1,420,418,421,-1,421,418,419,-1,422,420,423,-1,423,420,421,-1,424,422,425,-1,425,422,423,-1,424,425,426,-1,426,425,427,-1,426,427,428,-1,428,427,429,-1,428,429,430,-1,430,429,431,-1,430,431,432,-1,432,431,433,-1,434,432,435,-1,435,432,433,-1,434,435,436,-1,434,436,437,-1,437,436,438,-1,437,438,439,-1,439,438,440,-1,439,440,441,-1,441,440,442,-1,441,442,443,-1,443,442,444,-1,443,444,445,-1,445,444,446,-1,445,446,447,-1,448,447,449,-1,449,447,446,-1,450,448,451,-1,451,448,449,-1,450,451,452,-1,450,452,453,-1,453,452,454,-1,453,454,455,-1,455,454,456,-1,455,456,457,-1,457,456,458,-1,457,458,459,-1,460,459,461,-1,461,459,458,-1,460,461,462,-1,462,461,463,-1,462,463,464,-1,464,463,465,-1,464,465,466,-1,466,465,467,-1,466,467,468,-1,468,467,469,-1,470,468,471,-1,471,468,469,-1,472,470,473,-1,473,470,471,-1,474,472,475,-1,475,472,473,-1,474,475,476,-1,474,476,477,-1,477,476,478,-1,477,478,479,-1,479,478,480,-1,479,480,481,-1,481,480,482,-1,481,482,483,-1,483,482,484,-1,483,484,485,-1,485,484,486,-1,485,486,487,-1,487,486,488,-1,487,488,489,-1,489,488,490,-1,489,490,491,-1,491,490,492,-1,491,492,493,-1,493,492,494,-1,493,494,495,-1,496,495,497,-1,497,495,494,-1,496,497,498,-1,498,497,499,-1,498,499,500,-1,500,499,501,-1,500,501,502,-1,502,501,503,-1,502,503,504,-1,504,503,505,-1,504,505,506,-1,506,505,507,-1,506,507,508,-1,508,507,509,-1,510,508,511,-1,511,508,509,-1,510,511,512,-1,512,511,513,-1,512,513,514,-1,514,513,515,-1,514,515,516,-1,516,515,517,-1,516,517,518,-1,518,517,519,-1,518,519,520,-1,520,519,521,-1,520,521,522,-1,522,521,523,-1,524,522,525,-1,525,522,523,-1,524,525,526,-1,524,526,527,-1,527,526,528,-1,527,528,529,-1,529,528,530,-1,529,530,531,-1,531,530,532,-1,531,532,533,-1,533,532,534,-1,533,534,535,-1,535,534,536,-1,535,536,537,-1,537,536,538,-1,537,538,539,-1,539,538,540,-1,539,540,541,-1,541,540,542,-1,541,542,543,-1,543,542,544,-1,543,544,545,-1,545,544,546,-1,545,546,547,-1,547,546,548,-1,547,548,549,-1,550,549,551,-1,551,549,548,-1,550,551,552,-1,552,551,553,-1,552,553,554,-1,554,553,555,-1,554,555,556,-1,556,555,557,-1,556,557,558,-1,558,557,559,-1,558,559,560,-1,560,559,561,-1,560,561,562,-1,562,561,563,-1,562,563,564,-1,564,563,565,-1,564,565,566,-1,566,565,567,-1,566,567,568,-1,568,567,569,-1,568,569,570,-1,570,569,571,-1,570,571,572,-1,572,571,573,-1,572,573,574,-1,574,573,575,-1,576,574,577,-1,577,574,575,-1,578,576,579,-1,579,576,577,-1,580,578,581,-1,581,578,579,-1,582,580,583,-1,583,580,581,-1,413,582,415,-1,415,582,583,-1,413,412,582,-1,582,412,416,-1,498,500,472,-1,504,506,418,-1,418,506,416,-1,468,470,472,-1,479,495,477,-1,477,495,474,-1,479,481,495,-1,495,481,483,-1,495,483,485,-1,556,558,580,-1,580,558,560,-1,580,560,562,-1,426,428,450,-1,460,462,459,-1,459,462,464,-1,459,464,472,-1,472,464,466,-1,472,466,468,-1,485,487,489,-1,474,495,472,-1,472,495,496,-1,472,496,498,-1,562,564,580,-1,580,564,566,-1,580,566,578,-1,506,508,416,-1,416,508,510,-1,416,510,582,-1,582,510,512,-1,582,512,580,-1,554,518,552,-1,552,518,550,-1,453,455,422,-1,422,455,457,-1,422,457,459,-1,489,491,485,-1,485,491,493,-1,485,493,495,-1,566,568,578,-1,578,568,570,-1,578,570,576,-1,576,570,572,-1,576,572,574,-1,580,512,556,-1,556,512,514,-1,556,514,554,-1,554,514,516,-1,554,516,518,-1,518,520,550,-1,550,520,522,-1,550,522,549,-1,549,522,524,-1,541,543,524,-1,420,422,418,-1,418,422,459,-1,418,459,504,-1,504,459,472,-1,504,472,502,-1,502,472,500,-1,453,422,450,-1,450,422,424,-1,450,424,426,-1,428,430,450,-1,450,430,432,-1,450,432,448,-1,448,432,434,-1,448,434,447,-1,447,434,445,-1,543,545,524,-1,524,545,547,-1,524,547,549,-1,437,439,441,-1,541,524,539,-1,539,524,527,-1,539,527,529,-1,437,441,434,-1,434,441,443,-1,434,443,445,-1,529,531,539,-1,539,531,533,-1,539,533,537,-1,537,533,535,-1,463,461,458,-1,423,421,419,-1,414,415,417,-1,417,415,583,-1,501,473,503,-1,503,473,505,-1,521,519,551,-1,482,480,475,-1,475,480,478,-1,475,478,476,-1,505,473,458,-1,458,473,465,-1,458,465,463,-1,557,555,517,-1,494,475,497,-1,497,475,473,-1,497,473,499,-1,499,473,501,-1,494,492,475,-1,475,492,490,-1,475,490,488,-1,471,469,473,-1,473,469,467,-1,473,467,465,-1,511,458,513,-1,513,458,515,-1,511,509,458,-1,458,509,507,-1,458,507,505,-1,517,555,519,-1,519,555,553,-1,519,553,551,-1,565,563,581,-1,581,563,561,-1,488,486,475,-1,475,486,484,-1,475,484,482,-1,427,454,429,-1,429,454,452,-1,429,452,431,-1,431,452,451,-1,431,451,433,-1,425,458,427,-1,427,458,456,-1,427,456,454,-1,577,575,573,-1,433,451,435,-1,435,451,449,-1,435,449,446,-1,548,525,551,-1,551,525,523,-1,551,523,521,-1,577,573,579,-1,573,571,579,-1,579,571,569,-1,579,569,581,-1,581,569,567,-1,581,567,565,-1,561,559,581,-1,581,559,557,-1,581,557,583,-1,583,557,517,-1,583,517,417,-1,417,517,515,-1,417,515,419,-1,419,515,458,-1,419,458,423,-1,423,458,425,-1,436,435,438,-1,438,435,440,-1,548,546,525,-1,525,546,544,-1,525,544,542,-1,446,444,435,-1,435,444,442,-1,435,442,440,-1,536,534,532,-1,542,540,525,-1,525,540,538,-1,525,538,526,-1,526,538,528,-1,536,532,538,-1,538,532,530,-1,538,530,528,-1,584,585,586,-1,586,585,587,-1,588,584,589,-1,589,584,586,-1,590,588,591,-1,591,588,589,-1,592,590,593,-1,593,590,591,-1,594,592,595,-1,595,592,593,-1,596,594,597,-1,597,594,595,-1,596,597,598,-1,598,597,599,-1,598,599,600,-1,600,599,601,-1,600,601,602,-1,602,601,603,-1,602,603,604,-1,604,603,605,-1,606,604,607,-1,607,604,605,-1,606,607,608,-1,606,608,609,-1,609,608,610,-1,609,610,611,-1,611,610,612,-1,611,612,613,-1,613,612,614,-1,613,614,615,-1,615,614,616,-1,615,616,617,-1,617,616,618,-1,617,618,619,-1,620,619,621,-1,621,619,618,-1,622,620,623,-1,623,620,621,-1,622,623,624,-1,622,624,625,-1,625,624,626,-1,625,626,627,-1,627,626,628,-1,627,628,629,-1,629,628,630,-1,629,630,631,-1,632,631,633,-1,633,631,630,-1,632,633,634,-1,634,633,635,-1,634,635,636,-1,636,635,637,-1,636,637,638,-1,638,637,639,-1,638,639,640,-1,640,639,641,-1,642,640,643,-1,643,640,641,-1,644,642,645,-1,645,642,643,-1,646,644,647,-1,647,644,645,-1,646,647,648,-1,646,648,649,-1,649,648,650,-1,649,650,651,-1,651,650,652,-1,651,652,653,-1,653,652,654,-1,653,654,655,-1,655,654,656,-1,655,656,657,-1,657,656,658,-1,657,658,659,-1,659,658,660,-1,659,660,661,-1,661,660,662,-1,661,662,663,-1,663,662,664,-1,663,664,665,-1,665,664,666,-1,665,666,667,-1,668,667,669,-1,669,667,666,-1,668,669,670,-1,670,669,671,-1,670,671,672,-1,672,671,673,-1,672,673,674,-1,674,673,675,-1,674,675,676,-1,676,675,677,-1,676,677,678,-1,678,677,679,-1,678,679,680,-1,680,679,681,-1,682,680,683,-1,683,680,681,-1,682,683,684,-1,684,683,685,-1,684,685,686,-1,686,685,687,-1,686,687,688,-1,688,687,689,-1,688,689,690,-1,690,689,691,-1,690,691,692,-1,692,691,693,-1,692,693,694,-1,694,693,695,-1,696,694,697,-1,697,694,695,-1,696,697,698,-1,696,698,699,-1,699,698,700,-1,699,700,701,-1,701,700,702,-1,701,702,703,-1,703,702,704,-1,703,704,705,-1,705,704,706,-1,705,706,707,-1,707,706,708,-1,707,708,709,-1,709,708,710,-1,709,710,711,-1,711,710,712,-1,711,712,713,-1,713,712,714,-1,713,714,715,-1,715,714,716,-1,715,716,717,-1,717,716,718,-1,717,718,719,-1,719,718,720,-1,719,720,721,-1,722,721,723,-1,723,721,720,-1,722,723,724,-1,724,723,725,-1,724,725,726,-1,726,725,727,-1,726,727,728,-1,728,727,729,-1,728,729,730,-1,730,729,731,-1,730,731,732,-1,732,731,733,-1,732,733,734,-1,734,733,735,-1,734,735,736,-1,736,735,737,-1,736,737,738,-1,738,737,739,-1,738,739,740,-1,740,739,741,-1,740,741,742,-1,742,741,743,-1,742,743,744,-1,744,743,745,-1,744,745,746,-1,746,745,747,-1,748,746,749,-1,749,746,747,-1,750,748,751,-1,751,748,749,-1,752,750,753,-1,753,750,751,-1,754,752,755,-1,755,752,753,-1,585,754,587,-1,587,754,755,-1,585,584,754,-1,754,584,588,-1,670,672,644,-1,676,678,590,-1,590,678,588,-1,640,642,644,-1,651,667,649,-1,649,667,646,-1,651,653,667,-1,667,653,655,-1,667,655,657,-1,728,730,752,-1,752,730,732,-1,752,732,734,-1,598,600,622,-1,632,634,631,-1,631,634,636,-1,631,636,644,-1,644,636,638,-1,644,638,640,-1,657,659,661,-1,646,667,644,-1,644,667,668,-1,644,668,670,-1,734,736,752,-1,752,736,738,-1,752,738,750,-1,678,680,588,-1,588,680,682,-1,588,682,754,-1,754,682,684,-1,754,684,752,-1,726,690,724,-1,724,690,722,-1,625,627,594,-1,594,627,629,-1,594,629,631,-1,661,663,657,-1,657,663,665,-1,657,665,667,-1,738,740,750,-1,750,740,742,-1,750,742,748,-1,748,742,744,-1,748,744,746,-1,752,684,728,-1,728,684,686,-1,728,686,726,-1,726,686,688,-1,726,688,690,-1,690,692,722,-1,722,692,694,-1,722,694,721,-1,721,694,696,-1,713,715,696,-1,592,594,590,-1,590,594,631,-1,590,631,676,-1,676,631,644,-1,676,644,674,-1,674,644,672,-1,625,594,622,-1,622,594,596,-1,622,596,598,-1,600,602,622,-1,622,602,604,-1,622,604,620,-1,620,604,606,-1,620,606,619,-1,619,606,617,-1,715,717,696,-1,696,717,719,-1,696,719,721,-1,609,611,613,-1,713,696,711,-1,711,696,699,-1,711,699,701,-1,609,613,606,-1,606,613,615,-1,606,615,617,-1,701,703,711,-1,711,703,705,-1,711,705,709,-1,709,705,707,-1,635,633,630,-1,595,593,591,-1,586,587,589,-1,589,587,755,-1,673,645,675,-1,675,645,677,-1,693,691,723,-1,654,652,647,-1,647,652,650,-1,647,650,648,-1,677,645,630,-1,630,645,637,-1,630,637,635,-1,729,727,689,-1,666,647,669,-1,669,647,645,-1,669,645,671,-1,671,645,673,-1,666,664,647,-1,647,664,662,-1,647,662,660,-1,643,641,645,-1,645,641,639,-1,645,639,637,-1,683,630,685,-1,685,630,687,-1,683,681,630,-1,630,681,679,-1,630,679,677,-1,689,727,691,-1,691,727,725,-1,691,725,723,-1,737,735,753,-1,753,735,733,-1,660,658,647,-1,647,658,656,-1,647,656,654,-1,599,626,601,-1,601,626,624,-1,601,624,603,-1,603,624,623,-1,603,623,605,-1,597,630,599,-1,599,630,628,-1,599,628,626,-1,749,747,745,-1,605,623,607,-1,607,623,621,-1,607,621,618,-1,720,697,723,-1,723,697,695,-1,723,695,693,-1,749,745,751,-1,745,743,751,-1,751,743,741,-1,751,741,753,-1,753,741,739,-1,753,739,737,-1,733,731,753,-1,753,731,729,-1,753,729,755,-1,755,729,689,-1,755,689,589,-1,589,689,687,-1,589,687,591,-1,591,687,630,-1,591,630,595,-1,595,630,597,-1,608,607,610,-1,610,607,612,-1,720,718,697,-1,697,718,716,-1,697,716,714,-1,618,616,607,-1,607,616,614,-1,607,614,612,-1,708,706,704,-1,714,712,697,-1,697,712,710,-1,697,710,698,-1,698,710,700,-1,708,704,710,-1,710,704,702,-1,710,702,700,-1,756,757,758,-1,758,757,759,-1,760,756,761,-1,761,756,758,-1,762,760,763,-1,763,760,761,-1,764,762,765,-1,765,762,763,-1,766,764,767,-1,767,764,765,-1,768,766,769,-1,769,766,767,-1,768,769,770,-1,770,769,771,-1,770,771,772,-1,772,771,773,-1,772,773,774,-1,774,773,775,-1,774,775,776,-1,776,775,777,-1,778,776,779,-1,779,776,777,-1,778,779,780,-1,778,780,781,-1,781,780,782,-1,781,782,783,-1,783,782,784,-1,783,784,785,-1,785,784,786,-1,785,786,787,-1,787,786,788,-1,787,788,789,-1,789,788,790,-1,789,790,791,-1,792,791,793,-1,793,791,790,-1,794,792,795,-1,795,792,793,-1,794,795,796,-1,794,796,797,-1,797,796,798,-1,797,798,799,-1,799,798,800,-1,799,800,801,-1,801,800,802,-1,801,802,803,-1,804,803,805,-1,805,803,802,-1,804,805,806,-1,806,805,807,-1,806,807,808,-1,808,807,809,-1,808,809,810,-1,810,809,811,-1,810,811,812,-1,812,811,813,-1,814,812,815,-1,815,812,813,-1,816,814,817,-1,817,814,815,-1,818,816,819,-1,819,816,817,-1,818,819,820,-1,818,820,821,-1,821,820,822,-1,821,822,823,-1,823,822,824,-1,823,824,825,-1,825,824,826,-1,825,826,827,-1,827,826,828,-1,827,828,829,-1,829,828,830,-1,829,830,831,-1,831,830,832,-1,831,832,833,-1,833,832,834,-1,833,834,835,-1,835,834,836,-1,835,836,837,-1,837,836,838,-1,837,838,839,-1,840,839,841,-1,841,839,838,-1,840,841,842,-1,842,841,843,-1,842,843,844,-1,844,843,845,-1,844,845,846,-1,846,845,847,-1,846,847,848,-1,848,847,849,-1,848,849,850,-1,850,849,851,-1,850,851,852,-1,852,851,853,-1,854,852,855,-1,855,852,853,-1,854,855,856,-1,856,855,857,-1,856,857,858,-1,858,857,859,-1,858,859,860,-1,860,859,861,-1,860,861,862,-1,862,861,863,-1,862,863,864,-1,864,863,865,-1,864,865,866,-1,866,865,867,-1,868,866,869,-1,869,866,867,-1,868,869,870,-1,868,870,871,-1,871,870,872,-1,871,872,873,-1,873,872,874,-1,873,874,875,-1,875,874,876,-1,875,876,877,-1,877,876,878,-1,877,878,879,-1,879,878,880,-1,879,880,881,-1,881,880,882,-1,881,882,883,-1,883,882,884,-1,883,884,885,-1,885,884,886,-1,885,886,887,-1,887,886,888,-1,887,888,889,-1,889,888,890,-1,889,890,891,-1,891,890,892,-1,891,892,893,-1,894,893,895,-1,895,893,892,-1,894,895,896,-1,896,895,897,-1,896,897,898,-1,898,897,899,-1,898,899,900,-1,900,899,901,-1,900,901,902,-1,902,901,903,-1,902,903,904,-1,904,903,905,-1,904,905,906,-1,906,905,907,-1,906,907,908,-1,908,907,909,-1,908,909,910,-1,910,909,911,-1,910,911,912,-1,912,911,913,-1,912,913,914,-1,914,913,915,-1,914,915,916,-1,916,915,917,-1,916,917,918,-1,918,917,919,-1,920,918,921,-1,921,918,919,-1,922,920,923,-1,923,920,921,-1,924,922,925,-1,925,922,923,-1,926,924,927,-1,927,924,925,-1,757,926,759,-1,759,926,927,-1,757,756,926,-1,926,756,760,-1,842,844,816,-1,848,850,762,-1,762,850,760,-1,812,814,816,-1,823,839,821,-1,821,839,818,-1,823,825,839,-1,839,825,827,-1,839,827,829,-1,900,902,924,-1,924,902,904,-1,924,904,906,-1,770,772,794,-1,804,806,803,-1,803,806,808,-1,803,808,816,-1,816,808,810,-1,816,810,812,-1,829,831,833,-1,818,839,816,-1,816,839,840,-1,816,840,842,-1,906,908,924,-1,924,908,910,-1,924,910,922,-1,850,852,760,-1,760,852,854,-1,760,854,926,-1,926,854,856,-1,926,856,924,-1,898,862,896,-1,896,862,894,-1,797,799,766,-1,766,799,801,-1,766,801,803,-1,833,835,829,-1,829,835,837,-1,829,837,839,-1,910,912,922,-1,922,912,914,-1,922,914,920,-1,920,914,916,-1,920,916,918,-1,924,856,900,-1,900,856,858,-1,900,858,898,-1,898,858,860,-1,898,860,862,-1,862,864,894,-1,894,864,866,-1,894,866,893,-1,893,866,868,-1,885,887,868,-1,764,766,762,-1,762,766,803,-1,762,803,848,-1,848,803,816,-1,848,816,846,-1,846,816,844,-1,797,766,794,-1,794,766,768,-1,794,768,770,-1,772,774,794,-1,794,774,776,-1,794,776,792,-1,792,776,778,-1,792,778,791,-1,791,778,789,-1,887,889,868,-1,868,889,891,-1,868,891,893,-1,781,783,785,-1,885,868,883,-1,883,868,871,-1,883,871,873,-1,781,785,778,-1,778,785,787,-1,778,787,789,-1,873,875,883,-1,883,875,877,-1,883,877,881,-1,881,877,879,-1,807,805,802,-1,767,765,763,-1,758,759,761,-1,761,759,927,-1,845,817,847,-1,847,817,849,-1,865,863,895,-1,826,824,819,-1,819,824,822,-1,819,822,820,-1,849,817,802,-1,802,817,809,-1,802,809,807,-1,901,899,861,-1,838,819,841,-1,841,819,817,-1,841,817,843,-1,843,817,845,-1,838,836,819,-1,819,836,834,-1,819,834,832,-1,815,813,817,-1,817,813,811,-1,817,811,809,-1,855,802,857,-1,857,802,859,-1,855,853,802,-1,802,853,851,-1,802,851,849,-1,861,899,863,-1,863,899,897,-1,863,897,895,-1,909,907,925,-1,925,907,905,-1,832,830,819,-1,819,830,828,-1,819,828,826,-1,771,798,773,-1,773,798,796,-1,773,796,775,-1,775,796,795,-1,775,795,777,-1,769,802,771,-1,771,802,800,-1,771,800,798,-1,921,919,917,-1,777,795,779,-1,779,795,793,-1,779,793,790,-1,892,869,895,-1,895,869,867,-1,895,867,865,-1,921,917,923,-1,917,915,923,-1,923,915,913,-1,923,913,925,-1,925,913,911,-1,925,911,909,-1,905,903,925,-1,925,903,901,-1,925,901,927,-1,927,901,861,-1,927,861,761,-1,761,861,859,-1,761,859,763,-1,763,859,802,-1,763,802,767,-1,767,802,769,-1,780,779,782,-1,782,779,784,-1,892,890,869,-1,869,890,888,-1,869,888,886,-1,790,788,779,-1,779,788,786,-1,779,786,784,-1,880,878,876,-1,886,884,869,-1,869,884,882,-1,869,882,870,-1,870,882,872,-1,880,876,882,-1,882,876,874,-1,882,874,872,-1,928,929,930,-1,930,929,931,-1,932,928,933,-1,933,928,930,-1,934,932,935,-1,935,932,933,-1,936,934,937,-1,937,934,935,-1,938,936,939,-1,939,936,937,-1,940,938,941,-1,941,938,939,-1,940,941,942,-1,942,941,943,-1,942,943,944,-1,944,943,945,-1,944,945,946,-1,946,945,947,-1,946,947,948,-1,948,947,949,-1,950,948,951,-1,951,948,949,-1,950,951,952,-1,950,952,953,-1,953,952,954,-1,953,954,955,-1,955,954,956,-1,955,956,957,-1,957,956,958,-1,957,958,959,-1,959,958,960,-1,959,960,961,-1,961,960,962,-1,961,962,963,-1,964,963,965,-1,965,963,962,-1,966,964,967,-1,967,964,965,-1,966,967,968,-1,966,968,969,-1,969,968,970,-1,969,970,971,-1,971,970,972,-1,971,972,973,-1,973,972,974,-1,973,974,975,-1,976,975,977,-1,977,975,974,-1,976,977,978,-1,978,977,979,-1,978,979,980,-1,980,979,981,-1,980,981,982,-1,982,981,983,-1,982,983,984,-1,984,983,985,-1,986,984,987,-1,987,984,985,-1,988,986,989,-1,989,986,987,-1,990,988,991,-1,991,988,989,-1,990,991,992,-1,990,992,993,-1,993,992,994,-1,993,994,995,-1,995,994,996,-1,995,996,997,-1,997,996,998,-1,997,998,999,-1,999,998,1000,-1,999,1000,1001,-1,1001,1000,1002,-1,1001,1002,1003,-1,1003,1002,1004,-1,1003,1004,1005,-1,1005,1004,1006,-1,1005,1006,1007,-1,1007,1006,1008,-1,1007,1008,1009,-1,1009,1008,1010,-1,1009,1010,1011,-1,1012,1011,1013,-1,1013,1011,1010,-1,1012,1013,1014,-1,1014,1013,1015,-1,1014,1015,1016,-1,1016,1015,1017,-1,1016,1017,1018,-1,1018,1017,1019,-1,1018,1019,1020,-1,1020,1019,1021,-1,1020,1021,1022,-1,1022,1021,1023,-1,1022,1023,1024,-1,1024,1023,1025,-1,1026,1024,1027,-1,1027,1024,1025,-1,1026,1027,1028,-1,1028,1027,1029,-1,1028,1029,1030,-1,1030,1029,1031,-1,1030,1031,1032,-1,1032,1031,1033,-1,1032,1033,1034,-1,1034,1033,1035,-1,1034,1035,1036,-1,1036,1035,1037,-1,1036,1037,1038,-1,1038,1037,1039,-1,1040,1038,1041,-1,1041,1038,1039,-1,1040,1041,1042,-1,1040,1042,1043,-1,1043,1042,1044,-1,1043,1044,1045,-1,1045,1044,1046,-1,1045,1046,1047,-1,1047,1046,1048,-1,1047,1048,1049,-1,1049,1048,1050,-1,1049,1050,1051,-1,1051,1050,1052,-1,1051,1052,1053,-1,1053,1052,1054,-1,1053,1054,1055,-1,1055,1054,1056,-1,1055,1056,1057,-1,1057,1056,1058,-1,1057,1058,1059,-1,1059,1058,1060,-1,1059,1060,1061,-1,1061,1060,1062,-1,1061,1062,1063,-1,1063,1062,1064,-1,1063,1064,1065,-1,1066,1065,1067,-1,1067,1065,1064,-1,1066,1067,1068,-1,1068,1067,1069,-1,1068,1069,1070,-1,1070,1069,1071,-1,1070,1071,1072,-1,1072,1071,1073,-1,1072,1073,1074,-1,1074,1073,1075,-1,1074,1075,1076,-1,1076,1075,1077,-1,1076,1077,1078,-1,1078,1077,1079,-1,1078,1079,1080,-1,1080,1079,1081,-1,1080,1081,1082,-1,1082,1081,1083,-1,1082,1083,1084,-1,1084,1083,1085,-1,1084,1085,1086,-1,1086,1085,1087,-1,1086,1087,1088,-1,1088,1087,1089,-1,1088,1089,1090,-1,1090,1089,1091,-1,1092,1090,1093,-1,1093,1090,1091,-1,1094,1092,1095,-1,1095,1092,1093,-1,1096,1094,1097,-1,1097,1094,1095,-1,1098,1096,1099,-1,1099,1096,1097,-1,929,1098,931,-1,931,1098,1099,-1,929,928,1098,-1,1098,928,932,-1,1014,1016,988,-1,1020,1022,934,-1,934,1022,932,-1,984,986,988,-1,995,1011,993,-1,993,1011,990,-1,995,997,1011,-1,1011,997,999,-1,1011,999,1001,-1,1072,1074,1096,-1,1096,1074,1076,-1,1096,1076,1078,-1,942,944,966,-1,976,978,975,-1,975,978,980,-1,975,980,988,-1,988,980,982,-1,988,982,984,-1,1001,1003,1005,-1,990,1011,988,-1,988,1011,1012,-1,988,1012,1014,-1,1078,1080,1096,-1,1096,1080,1082,-1,1096,1082,1094,-1,1022,1024,932,-1,932,1024,1026,-1,932,1026,1098,-1,1098,1026,1028,-1,1098,1028,1096,-1,1070,1034,1068,-1,1068,1034,1066,-1,969,971,938,-1,938,971,973,-1,938,973,975,-1,1005,1007,1001,-1,1001,1007,1009,-1,1001,1009,1011,-1,1082,1084,1094,-1,1094,1084,1086,-1,1094,1086,1092,-1,1092,1086,1088,-1,1092,1088,1090,-1,1096,1028,1072,-1,1072,1028,1030,-1,1072,1030,1070,-1,1070,1030,1032,-1,1070,1032,1034,-1,1034,1036,1066,-1,1066,1036,1038,-1,1066,1038,1065,-1,1065,1038,1040,-1,1057,1059,1040,-1,936,938,934,-1,934,938,975,-1,934,975,1020,-1,1020,975,988,-1,1020,988,1018,-1,1018,988,1016,-1,969,938,966,-1,966,938,940,-1,966,940,942,-1,944,946,966,-1,966,946,948,-1,966,948,964,-1,964,948,950,-1,964,950,963,-1,963,950,961,-1,1059,1061,1040,-1,1040,1061,1063,-1,1040,1063,1065,-1,953,955,957,-1,1057,1040,1055,-1,1055,1040,1043,-1,1055,1043,1045,-1,953,957,950,-1,950,957,959,-1,950,959,961,-1,1045,1047,1055,-1,1055,1047,1049,-1,1055,1049,1053,-1,1053,1049,1051,-1,979,977,974,-1,939,937,935,-1,930,931,933,-1,933,931,1099,-1,1017,989,1019,-1,1019,989,1021,-1,1037,1035,1067,-1,998,996,991,-1,991,996,994,-1,991,994,992,-1,1021,989,974,-1,974,989,981,-1,974,981,979,-1,1073,1071,1033,-1,1010,991,1013,-1,1013,991,989,-1,1013,989,1015,-1,1015,989,1017,-1,1010,1008,991,-1,991,1008,1006,-1,991,1006,1004,-1,987,985,989,-1,989,985,983,-1,989,983,981,-1,1027,974,1029,-1,1029,974,1031,-1,1027,1025,974,-1,974,1025,1023,-1,974,1023,1021,-1,1033,1071,1035,-1,1035,1071,1069,-1,1035,1069,1067,-1,1081,1079,1097,-1,1097,1079,1077,-1,1004,1002,991,-1,991,1002,1000,-1,991,1000,998,-1,943,970,945,-1,945,970,968,-1,945,968,947,-1,947,968,967,-1,947,967,949,-1,941,974,943,-1,943,974,972,-1,943,972,970,-1,1093,1091,1089,-1,949,967,951,-1,951,967,965,-1,951,965,962,-1,1064,1041,1067,-1,1067,1041,1039,-1,1067,1039,1037,-1,1093,1089,1095,-1,1089,1087,1095,-1,1095,1087,1085,-1,1095,1085,1097,-1,1097,1085,1083,-1,1097,1083,1081,-1,1077,1075,1097,-1,1097,1075,1073,-1,1097,1073,1099,-1,1099,1073,1033,-1,1099,1033,933,-1,933,1033,1031,-1,933,1031,935,-1,935,1031,974,-1,935,974,939,-1,939,974,941,-1,952,951,954,-1,954,951,956,-1,1064,1062,1041,-1,1041,1062,1060,-1,1041,1060,1058,-1,962,960,951,-1,951,960,958,-1,951,958,956,-1,1052,1050,1048,-1,1058,1056,1041,-1,1041,1056,1054,-1,1041,1054,1042,-1,1042,1054,1044,-1,1052,1048,1054,-1,1054,1048,1046,-1,1054,1046,1044,-1,1100,1101,1102,-1,1102,1101,1103,-1,1104,1100,1105,-1,1105,1100,1102,-1,1106,1104,1107,-1,1107,1104,1105,-1,1108,1106,1109,-1,1109,1106,1107,-1,1110,1108,1111,-1,1111,1108,1109,-1,1112,1110,1113,-1,1113,1110,1111,-1,1112,1113,1114,-1,1114,1113,1115,-1,1114,1115,1116,-1,1116,1115,1117,-1,1116,1117,1118,-1,1118,1117,1119,-1,1118,1119,1120,-1,1120,1119,1121,-1,1122,1120,1123,-1,1123,1120,1121,-1,1122,1123,1124,-1,1122,1124,1125,-1,1125,1124,1126,-1,1125,1126,1127,-1,1127,1126,1128,-1,1127,1128,1129,-1,1129,1128,1130,-1,1129,1130,1131,-1,1131,1130,1132,-1,1131,1132,1133,-1,1133,1132,1134,-1,1133,1134,1135,-1,1136,1135,1137,-1,1137,1135,1134,-1,1138,1136,1139,-1,1139,1136,1137,-1,1138,1139,1140,-1,1138,1140,1141,-1,1141,1140,1142,-1,1141,1142,1143,-1,1143,1142,1144,-1,1143,1144,1145,-1,1145,1144,1146,-1,1145,1146,1147,-1,1148,1147,1149,-1,1149,1147,1146,-1,1148,1149,1150,-1,1150,1149,1151,-1,1150,1151,1152,-1,1152,1151,1153,-1,1152,1153,1154,-1,1154,1153,1155,-1,1154,1155,1156,-1,1156,1155,1157,-1,1158,1156,1159,-1,1159,1156,1157,-1,1160,1158,1161,-1,1161,1158,1159,-1,1162,1160,1163,-1,1163,1160,1161,-1,1162,1163,1164,-1,1162,1164,1165,-1,1165,1164,1166,-1,1165,1166,1167,-1,1167,1166,1168,-1,1167,1168,1169,-1,1169,1168,1170,-1,1169,1170,1171,-1,1171,1170,1172,-1,1171,1172,1173,-1,1173,1172,1174,-1,1173,1174,1175,-1,1175,1174,1176,-1,1175,1176,1177,-1,1177,1176,1178,-1,1177,1178,1179,-1,1179,1178,1180,-1,1179,1180,1181,-1,1181,1180,1182,-1,1181,1182,1183,-1,1184,1183,1185,-1,1185,1183,1182,-1,1184,1185,1186,-1,1186,1185,1187,-1,1186,1187,1188,-1,1188,1187,1189,-1,1188,1189,1190,-1,1190,1189,1191,-1,1190,1191,1192,-1,1192,1191,1193,-1,1192,1193,1194,-1,1194,1193,1195,-1,1194,1195,1196,-1,1196,1195,1197,-1,1198,1196,1199,-1,1199,1196,1197,-1,1198,1199,1200,-1,1200,1199,1201,-1,1200,1201,1202,-1,1202,1201,1203,-1,1202,1203,1204,-1,1204,1203,1205,-1,1204,1205,1206,-1,1206,1205,1207,-1,1206,1207,1208,-1,1208,1207,1209,-1,1208,1209,1210,-1,1210,1209,1211,-1,1212,1210,1213,-1,1213,1210,1211,-1,1212,1213,1214,-1,1212,1214,1215,-1,1215,1214,1216,-1,1215,1216,1217,-1,1217,1216,1218,-1,1217,1218,1219,-1,1219,1218,1220,-1,1219,1220,1221,-1,1221,1220,1222,-1,1221,1222,1223,-1,1223,1222,1224,-1,1223,1224,1225,-1,1225,1224,1226,-1,1225,1226,1227,-1,1227,1226,1228,-1,1227,1228,1229,-1,1229,1228,1230,-1,1229,1230,1231,-1,1231,1230,1232,-1,1231,1232,1233,-1,1233,1232,1234,-1,1233,1234,1235,-1,1235,1234,1236,-1,1235,1236,1237,-1,1238,1237,1239,-1,1239,1237,1236,-1,1238,1239,1240,-1,1240,1239,1241,-1,1240,1241,1242,-1,1242,1241,1243,-1,1242,1243,1244,-1,1244,1243,1245,-1,1244,1245,1246,-1,1246,1245,1247,-1,1246,1247,1248,-1,1248,1247,1249,-1,1248,1249,1250,-1,1250,1249,1251,-1,1250,1251,1252,-1,1252,1251,1253,-1,1252,1253,1254,-1,1254,1253,1255,-1,1254,1255,1256,-1,1256,1255,1257,-1,1256,1257,1258,-1,1258,1257,1259,-1,1258,1259,1260,-1,1260,1259,1261,-1,1260,1261,1262,-1,1262,1261,1263,-1,1264,1262,1265,-1,1265,1262,1263,-1,1266,1264,1267,-1,1267,1264,1265,-1,1268,1266,1269,-1,1269,1266,1267,-1,1270,1268,1271,-1,1271,1268,1269,-1,1101,1270,1103,-1,1103,1270,1271,-1,1101,1100,1270,-1,1270,1100,1104,-1,1186,1188,1160,-1,1192,1194,1106,-1,1106,1194,1104,-1,1156,1158,1160,-1,1167,1183,1165,-1,1165,1183,1162,-1,1167,1169,1183,-1,1183,1169,1171,-1,1183,1171,1173,-1,1244,1246,1268,-1,1268,1246,1248,-1,1268,1248,1250,-1,1114,1116,1138,-1,1148,1150,1147,-1,1147,1150,1152,-1,1147,1152,1160,-1,1160,1152,1154,-1,1160,1154,1156,-1,1173,1175,1177,-1,1162,1183,1160,-1,1160,1183,1184,-1,1160,1184,1186,-1,1250,1252,1268,-1,1268,1252,1254,-1,1268,1254,1266,-1,1194,1196,1104,-1,1104,1196,1198,-1,1104,1198,1270,-1,1270,1198,1200,-1,1270,1200,1268,-1,1242,1206,1240,-1,1240,1206,1238,-1,1141,1143,1110,-1,1110,1143,1145,-1,1110,1145,1147,-1,1177,1179,1173,-1,1173,1179,1181,-1,1173,1181,1183,-1,1254,1256,1266,-1,1266,1256,1258,-1,1266,1258,1264,-1,1264,1258,1260,-1,1264,1260,1262,-1,1268,1200,1244,-1,1244,1200,1202,-1,1244,1202,1242,-1,1242,1202,1204,-1,1242,1204,1206,-1,1206,1208,1238,-1,1238,1208,1210,-1,1238,1210,1237,-1,1237,1210,1212,-1,1229,1231,1212,-1,1108,1110,1106,-1,1106,1110,1147,-1,1106,1147,1192,-1,1192,1147,1160,-1,1192,1160,1190,-1,1190,1160,1188,-1,1141,1110,1138,-1,1138,1110,1112,-1,1138,1112,1114,-1,1116,1118,1138,-1,1138,1118,1120,-1,1138,1120,1136,-1,1136,1120,1122,-1,1136,1122,1135,-1,1135,1122,1133,-1,1231,1233,1212,-1,1212,1233,1235,-1,1212,1235,1237,-1,1125,1127,1129,-1,1229,1212,1227,-1,1227,1212,1215,-1,1227,1215,1217,-1,1125,1129,1122,-1,1122,1129,1131,-1,1122,1131,1133,-1,1217,1219,1227,-1,1227,1219,1221,-1,1227,1221,1225,-1,1225,1221,1223,-1,1151,1149,1146,-1,1111,1109,1107,-1,1102,1103,1105,-1,1105,1103,1271,-1,1189,1161,1191,-1,1191,1161,1193,-1,1209,1207,1239,-1,1170,1168,1163,-1,1163,1168,1166,-1,1163,1166,1164,-1,1193,1161,1146,-1,1146,1161,1153,-1,1146,1153,1151,-1,1245,1243,1205,-1,1182,1163,1185,-1,1185,1163,1161,-1,1185,1161,1187,-1,1187,1161,1189,-1,1182,1180,1163,-1,1163,1180,1178,-1,1163,1178,1176,-1,1159,1157,1161,-1,1161,1157,1155,-1,1161,1155,1153,-1,1199,1146,1201,-1,1201,1146,1203,-1,1199,1197,1146,-1,1146,1197,1195,-1,1146,1195,1193,-1,1205,1243,1207,-1,1207,1243,1241,-1,1207,1241,1239,-1,1253,1251,1269,-1,1269,1251,1249,-1,1176,1174,1163,-1,1163,1174,1172,-1,1163,1172,1170,-1,1115,1142,1117,-1,1117,1142,1140,-1,1117,1140,1119,-1,1119,1140,1139,-1,1119,1139,1121,-1,1113,1146,1115,-1,1115,1146,1144,-1,1115,1144,1142,-1,1265,1263,1261,-1,1121,1139,1123,-1,1123,1139,1137,-1,1123,1137,1134,-1,1236,1213,1239,-1,1239,1213,1211,-1,1239,1211,1209,-1,1265,1261,1267,-1,1261,1259,1267,-1,1267,1259,1257,-1,1267,1257,1269,-1,1269,1257,1255,-1,1269,1255,1253,-1,1249,1247,1269,-1,1269,1247,1245,-1,1269,1245,1271,-1,1271,1245,1205,-1,1271,1205,1105,-1,1105,1205,1203,-1,1105,1203,1107,-1,1107,1203,1146,-1,1107,1146,1111,-1,1111,1146,1113,-1,1124,1123,1126,-1,1126,1123,1128,-1,1236,1234,1213,-1,1213,1234,1232,-1,1213,1232,1230,-1,1134,1132,1123,-1,1123,1132,1130,-1,1123,1130,1128,-1,1224,1222,1220,-1,1230,1228,1213,-1,1213,1228,1226,-1,1213,1226,1214,-1,1214,1226,1216,-1,1224,1220,1226,-1,1226,1220,1218,-1,1226,1218,1216,-1,1272,1273,1274,-1,1274,1273,1275,-1,1276,1272,1277,-1,1277,1272,1274,-1,1278,1276,1279,-1,1279,1276,1277,-1,1280,1278,1281,-1,1281,1278,1279,-1,1282,1280,1283,-1,1283,1280,1281,-1,1284,1282,1285,-1,1285,1282,1283,-1,1284,1285,1286,-1,1286,1285,1287,-1,1286,1287,1288,-1,1288,1287,1289,-1,1288,1289,1290,-1,1290,1289,1291,-1,1290,1291,1292,-1,1292,1291,1293,-1,1294,1292,1295,-1,1295,1292,1293,-1,1294,1295,1296,-1,1294,1296,1297,-1,1297,1296,1298,-1,1297,1298,1299,-1,1299,1298,1300,-1,1299,1300,1301,-1,1301,1300,1302,-1,1301,1302,1303,-1,1303,1302,1304,-1,1303,1304,1305,-1,1305,1304,1306,-1,1305,1306,1307,-1,1308,1307,1309,-1,1309,1307,1306,-1,1310,1308,1311,-1,1311,1308,1309,-1,1310,1311,1312,-1,1310,1312,1313,-1,1313,1312,1314,-1,1313,1314,1315,-1,1315,1314,1316,-1,1315,1316,1317,-1,1317,1316,1318,-1,1317,1318,1319,-1,1320,1319,1321,-1,1321,1319,1318,-1,1320,1321,1322,-1,1322,1321,1323,-1,1322,1323,1324,-1,1324,1323,1325,-1,1324,1325,1326,-1,1326,1325,1327,-1,1326,1327,1328,-1,1328,1327,1329,-1,1330,1328,1331,-1,1331,1328,1329,-1,1332,1330,1333,-1,1333,1330,1331,-1,1334,1332,1335,-1,1335,1332,1333,-1,1334,1335,1336,-1,1334,1336,1337,-1,1337,1336,1338,-1,1337,1338,1339,-1,1339,1338,1340,-1,1339,1340,1341,-1,1341,1340,1342,-1,1341,1342,1343,-1,1343,1342,1344,-1,1343,1344,1345,-1,1345,1344,1346,-1,1345,1346,1347,-1,1347,1346,1348,-1,1347,1348,1349,-1,1349,1348,1350,-1,1349,1350,1351,-1,1351,1350,1352,-1,1351,1352,1353,-1,1353,1352,1354,-1,1353,1354,1355,-1,1356,1355,1357,-1,1357,1355,1354,-1,1356,1357,1358,-1,1358,1357,1359,-1,1358,1359,1360,-1,1360,1359,1361,-1,1360,1361,1362,-1,1362,1361,1363,-1,1362,1363,1364,-1,1364,1363,1365,-1,1364,1365,1366,-1,1366,1365,1367,-1,1366,1367,1368,-1,1368,1367,1369,-1,1370,1368,1371,-1,1371,1368,1369,-1,1370,1371,1372,-1,1372,1371,1373,-1,1372,1373,1374,-1,1374,1373,1375,-1,1374,1375,1376,-1,1376,1375,1377,-1,1376,1377,1378,-1,1378,1377,1379,-1,1378,1379,1380,-1,1380,1379,1381,-1,1380,1381,1382,-1,1382,1381,1383,-1,1384,1382,1385,-1,1385,1382,1383,-1,1384,1385,1386,-1,1384,1386,1387,-1,1387,1386,1388,-1,1387,1388,1389,-1,1389,1388,1390,-1,1389,1390,1391,-1,1391,1390,1392,-1,1391,1392,1393,-1,1393,1392,1394,-1,1393,1394,1395,-1,1395,1394,1396,-1,1395,1396,1397,-1,1397,1396,1398,-1,1397,1398,1399,-1,1399,1398,1400,-1,1399,1400,1401,-1,1401,1400,1402,-1,1401,1402,1403,-1,1403,1402,1404,-1,1403,1404,1405,-1,1405,1404,1406,-1,1405,1406,1407,-1,1407,1406,1408,-1,1407,1408,1409,-1,1410,1409,1411,-1,1411,1409,1408,-1,1410,1411,1412,-1,1412,1411,1413,-1,1412,1413,1414,-1,1414,1413,1415,-1,1414,1415,1416,-1,1416,1415,1417,-1,1416,1417,1418,-1,1418,1417,1419,-1,1418,1419,1420,-1,1420,1419,1421,-1,1420,1421,1422,-1,1422,1421,1423,-1,1422,1423,1424,-1,1424,1423,1425,-1,1424,1425,1426,-1,1426,1425,1427,-1,1426,1427,1428,-1,1428,1427,1429,-1,1428,1429,1430,-1,1430,1429,1431,-1,1430,1431,1432,-1,1432,1431,1433,-1,1432,1433,1434,-1,1434,1433,1435,-1,1436,1434,1437,-1,1437,1434,1435,-1,1438,1436,1439,-1,1439,1436,1437,-1,1440,1438,1441,-1,1441,1438,1439,-1,1442,1440,1443,-1,1443,1440,1441,-1,1273,1442,1275,-1,1275,1442,1443,-1,1273,1272,1442,-1,1442,1272,1276,-1,1358,1360,1332,-1,1364,1366,1278,-1,1278,1366,1276,-1,1328,1330,1332,-1,1339,1355,1337,-1,1337,1355,1334,-1,1339,1341,1355,-1,1355,1341,1343,-1,1355,1343,1345,-1,1416,1418,1440,-1,1440,1418,1420,-1,1440,1420,1422,-1,1286,1288,1310,-1,1320,1322,1319,-1,1319,1322,1324,-1,1319,1324,1332,-1,1332,1324,1326,-1,1332,1326,1328,-1,1345,1347,1349,-1,1334,1355,1332,-1,1332,1355,1356,-1,1332,1356,1358,-1,1422,1424,1440,-1,1440,1424,1426,-1,1440,1426,1438,-1,1366,1368,1276,-1,1276,1368,1370,-1,1276,1370,1442,-1,1442,1370,1372,-1,1442,1372,1440,-1,1414,1378,1412,-1,1412,1378,1410,-1,1313,1315,1282,-1,1282,1315,1317,-1,1282,1317,1319,-1,1349,1351,1345,-1,1345,1351,1353,-1,1345,1353,1355,-1,1426,1428,1438,-1,1438,1428,1430,-1,1438,1430,1436,-1,1436,1430,1432,-1,1436,1432,1434,-1,1440,1372,1416,-1,1416,1372,1374,-1,1416,1374,1414,-1,1414,1374,1376,-1,1414,1376,1378,-1,1378,1380,1410,-1,1410,1380,1382,-1,1410,1382,1409,-1,1409,1382,1384,-1,1401,1403,1384,-1,1280,1282,1278,-1,1278,1282,1319,-1,1278,1319,1364,-1,1364,1319,1332,-1,1364,1332,1362,-1,1362,1332,1360,-1,1313,1282,1310,-1,1310,1282,1284,-1,1310,1284,1286,-1,1288,1290,1310,-1,1310,1290,1292,-1,1310,1292,1308,-1,1308,1292,1294,-1,1308,1294,1307,-1,1307,1294,1305,-1,1403,1405,1384,-1,1384,1405,1407,-1,1384,1407,1409,-1,1297,1299,1301,-1,1401,1384,1399,-1,1399,1384,1387,-1,1399,1387,1389,-1,1297,1301,1294,-1,1294,1301,1303,-1,1294,1303,1305,-1,1389,1391,1399,-1,1399,1391,1393,-1,1399,1393,1397,-1,1397,1393,1395,-1,1323,1321,1318,-1,1283,1281,1279,-1,1274,1275,1277,-1,1277,1275,1443,-1,1361,1333,1363,-1,1363,1333,1365,-1,1381,1379,1411,-1,1342,1340,1335,-1,1335,1340,1338,-1,1335,1338,1336,-1,1365,1333,1318,-1,1318,1333,1325,-1,1318,1325,1323,-1,1417,1415,1377,-1,1354,1335,1357,-1,1357,1335,1333,-1,1357,1333,1359,-1,1359,1333,1361,-1,1354,1352,1335,-1,1335,1352,1350,-1,1335,1350,1348,-1,1331,1329,1333,-1,1333,1329,1327,-1,1333,1327,1325,-1,1371,1318,1373,-1,1373,1318,1375,-1,1371,1369,1318,-1,1318,1369,1367,-1,1318,1367,1365,-1,1377,1415,1379,-1,1379,1415,1413,-1,1379,1413,1411,-1,1425,1423,1441,-1,1441,1423,1421,-1,1348,1346,1335,-1,1335,1346,1344,-1,1335,1344,1342,-1,1287,1314,1289,-1,1289,1314,1312,-1,1289,1312,1291,-1,1291,1312,1311,-1,1291,1311,1293,-1,1285,1318,1287,-1,1287,1318,1316,-1,1287,1316,1314,-1,1437,1435,1433,-1,1293,1311,1295,-1,1295,1311,1309,-1,1295,1309,1306,-1,1408,1385,1411,-1,1411,1385,1383,-1,1411,1383,1381,-1,1437,1433,1439,-1,1433,1431,1439,-1,1439,1431,1429,-1,1439,1429,1441,-1,1441,1429,1427,-1,1441,1427,1425,-1,1421,1419,1441,-1,1441,1419,1417,-1,1441,1417,1443,-1,1443,1417,1377,-1,1443,1377,1277,-1,1277,1377,1375,-1,1277,1375,1279,-1,1279,1375,1318,-1,1279,1318,1283,-1,1283,1318,1285,-1,1296,1295,1298,-1,1298,1295,1300,-1,1408,1406,1385,-1,1385,1406,1404,-1,1385,1404,1402,-1,1306,1304,1295,-1,1295,1304,1302,-1,1295,1302,1300,-1,1396,1394,1392,-1,1402,1400,1385,-1,1385,1400,1398,-1,1385,1398,1386,-1,1386,1398,1388,-1,1396,1392,1398,-1,1398,1392,1390,-1,1398,1390,1388,-1,1444,1445,1446,-1,1446,1445,1447,-1,1448,1444,1449,-1,1449,1444,1446,-1,1450,1448,1451,-1,1451,1448,1449,-1,1452,1450,1453,-1,1453,1450,1451,-1,1454,1452,1455,-1,1455,1452,1453,-1,1456,1454,1457,-1,1457,1454,1455,-1,1456,1457,1458,-1,1458,1457,1459,-1,1458,1459,1460,-1,1460,1459,1461,-1,1460,1461,1462,-1,1462,1461,1463,-1,1462,1463,1464,-1,1464,1463,1465,-1,1466,1464,1467,-1,1467,1464,1465,-1,1466,1467,1468,-1,1466,1468,1469,-1,1469,1468,1470,-1,1469,1470,1471,-1,1471,1470,1472,-1,1471,1472,1473,-1,1473,1472,1474,-1,1473,1474,1475,-1,1475,1474,1476,-1,1475,1476,1477,-1,1477,1476,1478,-1,1477,1478,1479,-1,1480,1479,1481,-1,1481,1479,1478,-1,1482,1480,1483,-1,1483,1480,1481,-1,1482,1483,1484,-1,1482,1484,1485,-1,1485,1484,1486,-1,1485,1486,1487,-1,1487,1486,1488,-1,1487,1488,1489,-1,1489,1488,1490,-1,1489,1490,1491,-1,1492,1491,1493,-1,1493,1491,1490,-1,1492,1493,1494,-1,1494,1493,1495,-1,1494,1495,1496,-1,1496,1495,1497,-1,1496,1497,1498,-1,1498,1497,1499,-1,1498,1499,1500,-1,1500,1499,1501,-1,1502,1500,1503,-1,1503,1500,1501,-1,1504,1502,1505,-1,1505,1502,1503,-1,1506,1504,1507,-1,1507,1504,1505,-1,1506,1507,1508,-1,1506,1508,1509,-1,1509,1508,1510,-1,1509,1510,1511,-1,1511,1510,1512,-1,1511,1512,1513,-1,1513,1512,1514,-1,1513,1514,1515,-1,1515,1514,1516,-1,1515,1516,1517,-1,1517,1516,1518,-1,1517,1518,1519,-1,1519,1518,1520,-1,1519,1520,1521,-1,1521,1520,1522,-1,1521,1522,1523,-1,1523,1522,1524,-1,1523,1524,1525,-1,1525,1524,1526,-1,1525,1526,1527,-1,1528,1527,1529,-1,1529,1527,1526,-1,1528,1529,1530,-1,1530,1529,1531,-1,1530,1531,1532,-1,1532,1531,1533,-1,1532,1533,1534,-1,1534,1533,1535,-1,1534,1535,1536,-1,1536,1535,1537,-1,1536,1537,1538,-1,1538,1537,1539,-1,1538,1539,1540,-1,1540,1539,1541,-1,1542,1540,1543,-1,1543,1540,1541,-1,1542,1543,1544,-1,1544,1543,1545,-1,1544,1545,1546,-1,1546,1545,1547,-1,1546,1547,1548,-1,1548,1547,1549,-1,1548,1549,1550,-1,1550,1549,1551,-1,1550,1551,1552,-1,1552,1551,1553,-1,1552,1553,1554,-1,1554,1553,1555,-1,1556,1554,1557,-1,1557,1554,1555,-1,1556,1557,1558,-1,1556,1558,1559,-1,1559,1558,1560,-1,1559,1560,1561,-1,1561,1560,1562,-1,1561,1562,1563,-1,1563,1562,1564,-1,1563,1564,1565,-1,1565,1564,1566,-1,1565,1566,1567,-1,1567,1566,1568,-1,1567,1568,1569,-1,1569,1568,1570,-1,1569,1570,1571,-1,1571,1570,1572,-1,1571,1572,1573,-1,1573,1572,1574,-1,1573,1574,1575,-1,1575,1574,1576,-1,1575,1576,1577,-1,1577,1576,1578,-1,1577,1578,1579,-1,1579,1578,1580,-1,1579,1580,1581,-1,1582,1581,1583,-1,1583,1581,1580,-1,1582,1583,1584,-1,1584,1583,1585,-1,1584,1585,1586,-1,1586,1585,1587,-1,1586,1587,1588,-1,1588,1587,1589,-1,1588,1589,1590,-1,1590,1589,1591,-1,1590,1591,1592,-1,1592,1591,1593,-1,1592,1593,1594,-1,1594,1593,1595,-1,1594,1595,1596,-1,1596,1595,1597,-1,1596,1597,1598,-1,1598,1597,1599,-1,1598,1599,1600,-1,1600,1599,1601,-1,1600,1601,1602,-1,1602,1601,1603,-1,1602,1603,1604,-1,1604,1603,1605,-1,1604,1605,1606,-1,1606,1605,1607,-1,1608,1606,1609,-1,1609,1606,1607,-1,1610,1608,1611,-1,1611,1608,1609,-1,1612,1610,1613,-1,1613,1610,1611,-1,1614,1612,1615,-1,1615,1612,1613,-1,1445,1614,1447,-1,1447,1614,1615,-1,1445,1444,1614,-1,1614,1444,1448,-1,1530,1532,1504,-1,1536,1538,1450,-1,1450,1538,1448,-1,1500,1502,1504,-1,1511,1527,1509,-1,1509,1527,1506,-1,1511,1513,1527,-1,1527,1513,1515,-1,1527,1515,1517,-1,1588,1590,1612,-1,1612,1590,1592,-1,1612,1592,1594,-1,1458,1460,1482,-1,1492,1494,1491,-1,1491,1494,1496,-1,1491,1496,1504,-1,1504,1496,1498,-1,1504,1498,1500,-1,1517,1519,1521,-1,1506,1527,1504,-1,1504,1527,1528,-1,1504,1528,1530,-1,1594,1596,1612,-1,1612,1596,1598,-1,1612,1598,1610,-1,1538,1540,1448,-1,1448,1540,1542,-1,1448,1542,1614,-1,1614,1542,1544,-1,1614,1544,1612,-1,1586,1550,1584,-1,1584,1550,1582,-1,1485,1487,1454,-1,1454,1487,1489,-1,1454,1489,1491,-1,1521,1523,1517,-1,1517,1523,1525,-1,1517,1525,1527,-1,1598,1600,1610,-1,1610,1600,1602,-1,1610,1602,1608,-1,1608,1602,1604,-1,1608,1604,1606,-1,1612,1544,1588,-1,1588,1544,1546,-1,1588,1546,1586,-1,1586,1546,1548,-1,1586,1548,1550,-1,1550,1552,1582,-1,1582,1552,1554,-1,1582,1554,1581,-1,1581,1554,1556,-1,1573,1575,1556,-1,1452,1454,1450,-1,1450,1454,1491,-1,1450,1491,1536,-1,1536,1491,1504,-1,1536,1504,1534,-1,1534,1504,1532,-1,1485,1454,1482,-1,1482,1454,1456,-1,1482,1456,1458,-1,1460,1462,1482,-1,1482,1462,1464,-1,1482,1464,1480,-1,1480,1464,1466,-1,1480,1466,1479,-1,1479,1466,1477,-1,1575,1577,1556,-1,1556,1577,1579,-1,1556,1579,1581,-1,1469,1471,1473,-1,1573,1556,1571,-1,1571,1556,1559,-1,1571,1559,1561,-1,1469,1473,1466,-1,1466,1473,1475,-1,1466,1475,1477,-1,1561,1563,1571,-1,1571,1563,1565,-1,1571,1565,1569,-1,1569,1565,1567,-1,1495,1493,1490,-1,1455,1453,1451,-1,1446,1447,1449,-1,1449,1447,1615,-1,1533,1505,1535,-1,1535,1505,1537,-1,1553,1551,1583,-1,1514,1512,1507,-1,1507,1512,1510,-1,1507,1510,1508,-1,1537,1505,1490,-1,1490,1505,1497,-1,1490,1497,1495,-1,1589,1587,1549,-1,1526,1507,1529,-1,1529,1507,1505,-1,1529,1505,1531,-1,1531,1505,1533,-1,1526,1524,1507,-1,1507,1524,1522,-1,1507,1522,1520,-1,1503,1501,1505,-1,1505,1501,1499,-1,1505,1499,1497,-1,1543,1490,1545,-1,1545,1490,1547,-1,1543,1541,1490,-1,1490,1541,1539,-1,1490,1539,1537,-1,1549,1587,1551,-1,1551,1587,1585,-1,1551,1585,1583,-1,1597,1595,1613,-1,1613,1595,1593,-1,1520,1518,1507,-1,1507,1518,1516,-1,1507,1516,1514,-1,1459,1486,1461,-1,1461,1486,1484,-1,1461,1484,1463,-1,1463,1484,1483,-1,1463,1483,1465,-1,1457,1490,1459,-1,1459,1490,1488,-1,1459,1488,1486,-1,1609,1607,1605,-1,1465,1483,1467,-1,1467,1483,1481,-1,1467,1481,1478,-1,1580,1557,1583,-1,1583,1557,1555,-1,1583,1555,1553,-1,1609,1605,1611,-1,1605,1603,1611,-1,1611,1603,1601,-1,1611,1601,1613,-1,1613,1601,1599,-1,1613,1599,1597,-1,1593,1591,1613,-1,1613,1591,1589,-1,1613,1589,1615,-1,1615,1589,1549,-1,1615,1549,1449,-1,1449,1549,1547,-1,1449,1547,1451,-1,1451,1547,1490,-1,1451,1490,1455,-1,1455,1490,1457,-1,1468,1467,1470,-1,1470,1467,1472,-1,1580,1578,1557,-1,1557,1578,1576,-1,1557,1576,1574,-1,1478,1476,1467,-1,1467,1476,1474,-1,1467,1474,1472,-1,1568,1566,1564,-1,1574,1572,1557,-1,1557,1572,1570,-1,1557,1570,1558,-1,1558,1570,1560,-1,1568,1564,1570,-1,1570,1564,1562,-1,1570,1562,1560,-1,1616,1617,1618,-1,1618,1617,1619,-1,1620,1616,1621,-1,1621,1616,1618,-1,1622,1620,1623,-1,1623,1620,1621,-1,1624,1622,1625,-1,1625,1622,1623,-1,1626,1624,1627,-1,1627,1624,1625,-1,1628,1626,1629,-1,1629,1626,1627,-1,1628,1629,1630,-1,1630,1629,1631,-1,1630,1631,1632,-1,1632,1631,1633,-1,1632,1633,1634,-1,1634,1633,1635,-1,1634,1635,1636,-1,1636,1635,1637,-1,1638,1636,1639,-1,1639,1636,1637,-1,1638,1639,1640,-1,1638,1640,1641,-1,1641,1640,1642,-1,1641,1642,1643,-1,1643,1642,1644,-1,1643,1644,1645,-1,1645,1644,1646,-1,1645,1646,1647,-1,1647,1646,1648,-1,1647,1648,1649,-1,1649,1648,1650,-1,1649,1650,1651,-1,1652,1651,1653,-1,1653,1651,1650,-1,1654,1652,1655,-1,1655,1652,1653,-1,1654,1655,1656,-1,1654,1656,1657,-1,1657,1656,1658,-1,1657,1658,1659,-1,1659,1658,1660,-1,1659,1660,1661,-1,1661,1660,1662,-1,1661,1662,1663,-1,1664,1663,1665,-1,1665,1663,1662,-1,1664,1665,1666,-1,1666,1665,1667,-1,1666,1667,1668,-1,1668,1667,1669,-1,1668,1669,1670,-1,1670,1669,1671,-1,1670,1671,1672,-1,1672,1671,1673,-1,1674,1672,1675,-1,1675,1672,1673,-1,1676,1674,1677,-1,1677,1674,1675,-1,1678,1676,1679,-1,1679,1676,1677,-1,1678,1679,1680,-1,1678,1680,1681,-1,1681,1680,1682,-1,1681,1682,1683,-1,1683,1682,1684,-1,1683,1684,1685,-1,1685,1684,1686,-1,1685,1686,1687,-1,1687,1686,1688,-1,1687,1688,1689,-1,1689,1688,1690,-1,1689,1690,1691,-1,1691,1690,1692,-1,1691,1692,1693,-1,1693,1692,1694,-1,1693,1694,1695,-1,1695,1694,1696,-1,1695,1696,1697,-1,1697,1696,1698,-1,1697,1698,1699,-1,1700,1699,1701,-1,1701,1699,1698,-1,1700,1701,1702,-1,1702,1701,1703,-1,1702,1703,1704,-1,1704,1703,1705,-1,1704,1705,1706,-1,1706,1705,1707,-1,1706,1707,1708,-1,1708,1707,1709,-1,1708,1709,1710,-1,1710,1709,1711,-1,1710,1711,1712,-1,1712,1711,1713,-1,1714,1712,1715,-1,1715,1712,1713,-1,1714,1715,1716,-1,1716,1715,1717,-1,1716,1717,1718,-1,1718,1717,1719,-1,1718,1719,1720,-1,1720,1719,1721,-1,1720,1721,1722,-1,1722,1721,1723,-1,1722,1723,1724,-1,1724,1723,1725,-1,1724,1725,1726,-1,1726,1725,1727,-1,1728,1726,1729,-1,1729,1726,1727,-1,1728,1729,1730,-1,1728,1730,1731,-1,1731,1730,1732,-1,1731,1732,1733,-1,1733,1732,1734,-1,1733,1734,1735,-1,1735,1734,1736,-1,1735,1736,1737,-1,1737,1736,1738,-1,1737,1738,1739,-1,1739,1738,1740,-1,1739,1740,1741,-1,1741,1740,1742,-1,1741,1742,1743,-1,1743,1742,1744,-1,1743,1744,1745,-1,1745,1744,1746,-1,1745,1746,1747,-1,1747,1746,1748,-1,1747,1748,1749,-1,1749,1748,1750,-1,1749,1750,1751,-1,1751,1750,1752,-1,1751,1752,1753,-1,1754,1753,1755,-1,1755,1753,1752,-1,1754,1755,1756,-1,1756,1755,1757,-1,1756,1757,1758,-1,1758,1757,1759,-1,1758,1759,1760,-1,1760,1759,1761,-1,1760,1761,1762,-1,1762,1761,1763,-1,1762,1763,1764,-1,1764,1763,1765,-1,1764,1765,1766,-1,1766,1765,1767,-1,1766,1767,1768,-1,1768,1767,1769,-1,1768,1769,1770,-1,1770,1769,1771,-1,1770,1771,1772,-1,1772,1771,1773,-1,1772,1773,1774,-1,1774,1773,1775,-1,1774,1775,1776,-1,1776,1775,1777,-1,1776,1777,1778,-1,1778,1777,1779,-1,1780,1778,1781,-1,1781,1778,1779,-1,1782,1780,1783,-1,1783,1780,1781,-1,1784,1782,1785,-1,1785,1782,1783,-1,1786,1784,1787,-1,1787,1784,1785,-1,1617,1786,1619,-1,1619,1786,1787,-1,1617,1616,1786,-1,1786,1616,1620,-1,1702,1704,1676,-1,1708,1710,1622,-1,1622,1710,1620,-1,1672,1674,1676,-1,1683,1699,1681,-1,1681,1699,1678,-1,1683,1685,1699,-1,1699,1685,1687,-1,1699,1687,1689,-1,1760,1762,1784,-1,1784,1762,1764,-1,1784,1764,1766,-1,1630,1632,1654,-1,1664,1666,1663,-1,1663,1666,1668,-1,1663,1668,1676,-1,1676,1668,1670,-1,1676,1670,1672,-1,1689,1691,1693,-1,1678,1699,1676,-1,1676,1699,1700,-1,1676,1700,1702,-1,1766,1768,1784,-1,1784,1768,1770,-1,1784,1770,1782,-1,1710,1712,1620,-1,1620,1712,1714,-1,1620,1714,1786,-1,1786,1714,1716,-1,1786,1716,1784,-1,1758,1722,1756,-1,1756,1722,1754,-1,1657,1659,1626,-1,1626,1659,1661,-1,1626,1661,1663,-1,1693,1695,1689,-1,1689,1695,1697,-1,1689,1697,1699,-1,1770,1772,1782,-1,1782,1772,1774,-1,1782,1774,1780,-1,1780,1774,1776,-1,1780,1776,1778,-1,1784,1716,1760,-1,1760,1716,1718,-1,1760,1718,1758,-1,1758,1718,1720,-1,1758,1720,1722,-1,1722,1724,1754,-1,1754,1724,1726,-1,1754,1726,1753,-1,1753,1726,1728,-1,1745,1747,1728,-1,1624,1626,1622,-1,1622,1626,1663,-1,1622,1663,1708,-1,1708,1663,1676,-1,1708,1676,1706,-1,1706,1676,1704,-1,1657,1626,1654,-1,1654,1626,1628,-1,1654,1628,1630,-1,1632,1634,1654,-1,1654,1634,1636,-1,1654,1636,1652,-1,1652,1636,1638,-1,1652,1638,1651,-1,1651,1638,1649,-1,1747,1749,1728,-1,1728,1749,1751,-1,1728,1751,1753,-1,1641,1643,1645,-1,1745,1728,1743,-1,1743,1728,1731,-1,1743,1731,1733,-1,1641,1645,1638,-1,1638,1645,1647,-1,1638,1647,1649,-1,1733,1735,1743,-1,1743,1735,1737,-1,1743,1737,1741,-1,1741,1737,1739,-1,1667,1665,1662,-1,1627,1625,1623,-1,1618,1619,1621,-1,1621,1619,1787,-1,1705,1677,1707,-1,1707,1677,1709,-1,1725,1723,1755,-1,1686,1684,1679,-1,1679,1684,1682,-1,1679,1682,1680,-1,1709,1677,1662,-1,1662,1677,1669,-1,1662,1669,1667,-1,1761,1759,1721,-1,1698,1679,1701,-1,1701,1679,1677,-1,1701,1677,1703,-1,1703,1677,1705,-1,1698,1696,1679,-1,1679,1696,1694,-1,1679,1694,1692,-1,1675,1673,1677,-1,1677,1673,1671,-1,1677,1671,1669,-1,1715,1662,1717,-1,1717,1662,1719,-1,1715,1713,1662,-1,1662,1713,1711,-1,1662,1711,1709,-1,1721,1759,1723,-1,1723,1759,1757,-1,1723,1757,1755,-1,1769,1767,1785,-1,1785,1767,1765,-1,1692,1690,1679,-1,1679,1690,1688,-1,1679,1688,1686,-1,1631,1658,1633,-1,1633,1658,1656,-1,1633,1656,1635,-1,1635,1656,1655,-1,1635,1655,1637,-1,1629,1662,1631,-1,1631,1662,1660,-1,1631,1660,1658,-1,1781,1779,1777,-1,1637,1655,1639,-1,1639,1655,1653,-1,1639,1653,1650,-1,1752,1729,1755,-1,1755,1729,1727,-1,1755,1727,1725,-1,1781,1777,1783,-1,1777,1775,1783,-1,1783,1775,1773,-1,1783,1773,1785,-1,1785,1773,1771,-1,1785,1771,1769,-1,1765,1763,1785,-1,1785,1763,1761,-1,1785,1761,1787,-1,1787,1761,1721,-1,1787,1721,1621,-1,1621,1721,1719,-1,1621,1719,1623,-1,1623,1719,1662,-1,1623,1662,1627,-1,1627,1662,1629,-1,1640,1639,1642,-1,1642,1639,1644,-1,1752,1750,1729,-1,1729,1750,1748,-1,1729,1748,1746,-1,1650,1648,1639,-1,1639,1648,1646,-1,1639,1646,1644,-1,1740,1738,1736,-1,1746,1744,1729,-1,1729,1744,1742,-1,1729,1742,1730,-1,1730,1742,1732,-1,1740,1736,1742,-1,1742,1736,1734,-1,1742,1734,1732,-1,1788,1789,1790,-1,1790,1789,1791,-1,1792,1788,1793,-1,1793,1788,1790,-1,1794,1792,1795,-1,1795,1792,1793,-1,1796,1794,1797,-1,1797,1794,1795,-1,1798,1796,1799,-1,1799,1796,1797,-1,1800,1798,1801,-1,1801,1798,1799,-1,1800,1801,1802,-1,1802,1801,1803,-1,1802,1803,1804,-1,1804,1803,1805,-1,1804,1805,1806,-1,1806,1805,1807,-1,1806,1807,1808,-1,1808,1807,1809,-1,1810,1808,1811,-1,1811,1808,1809,-1,1810,1811,1812,-1,1810,1812,1813,-1,1813,1812,1814,-1,1813,1814,1815,-1,1815,1814,1816,-1,1815,1816,1817,-1,1817,1816,1818,-1,1817,1818,1819,-1,1819,1818,1820,-1,1819,1820,1821,-1,1821,1820,1822,-1,1821,1822,1823,-1,1824,1823,1825,-1,1825,1823,1822,-1,1826,1824,1827,-1,1827,1824,1825,-1,1826,1827,1828,-1,1826,1828,1829,-1,1829,1828,1830,-1,1829,1830,1831,-1,1831,1830,1832,-1,1831,1832,1833,-1,1833,1832,1834,-1,1833,1834,1835,-1,1836,1835,1837,-1,1837,1835,1834,-1,1836,1837,1838,-1,1838,1837,1839,-1,1838,1839,1840,-1,1840,1839,1841,-1,1840,1841,1842,-1,1842,1841,1843,-1,1842,1843,1844,-1,1844,1843,1845,-1,1846,1844,1847,-1,1847,1844,1845,-1,1848,1846,1849,-1,1849,1846,1847,-1,1850,1848,1851,-1,1851,1848,1849,-1,1850,1851,1852,-1,1850,1852,1853,-1,1853,1852,1854,-1,1853,1854,1855,-1,1855,1854,1856,-1,1855,1856,1857,-1,1857,1856,1858,-1,1857,1858,1859,-1,1859,1858,1860,-1,1859,1860,1861,-1,1861,1860,1862,-1,1861,1862,1863,-1,1863,1862,1864,-1,1863,1864,1865,-1,1865,1864,1866,-1,1865,1866,1867,-1,1867,1866,1868,-1,1867,1868,1869,-1,1869,1868,1870,-1,1869,1870,1871,-1,1872,1871,1873,-1,1873,1871,1870,-1,1872,1873,1874,-1,1874,1873,1875,-1,1874,1875,1876,-1,1876,1875,1877,-1,1876,1877,1878,-1,1878,1877,1879,-1,1878,1879,1880,-1,1880,1879,1881,-1,1880,1881,1882,-1,1882,1881,1883,-1,1882,1883,1884,-1,1884,1883,1885,-1,1886,1884,1887,-1,1887,1884,1885,-1,1886,1887,1888,-1,1888,1887,1889,-1,1888,1889,1890,-1,1890,1889,1891,-1,1890,1891,1892,-1,1892,1891,1893,-1,1892,1893,1894,-1,1894,1893,1895,-1,1894,1895,1896,-1,1896,1895,1897,-1,1896,1897,1898,-1,1898,1897,1899,-1,1900,1898,1901,-1,1901,1898,1899,-1,1900,1901,1902,-1,1900,1902,1903,-1,1903,1902,1904,-1,1903,1904,1905,-1,1905,1904,1906,-1,1905,1906,1907,-1,1907,1906,1908,-1,1907,1908,1909,-1,1909,1908,1910,-1,1909,1910,1911,-1,1911,1910,1912,-1,1911,1912,1913,-1,1913,1912,1914,-1,1913,1914,1915,-1,1915,1914,1916,-1,1915,1916,1917,-1,1917,1916,1918,-1,1917,1918,1919,-1,1919,1918,1920,-1,1919,1920,1921,-1,1921,1920,1922,-1,1921,1922,1923,-1,1923,1922,1924,-1,1923,1924,1925,-1,1926,1925,1927,-1,1927,1925,1924,-1,1926,1927,1928,-1,1928,1927,1929,-1,1928,1929,1930,-1,1930,1929,1931,-1,1930,1931,1932,-1,1932,1931,1933,-1,1932,1933,1934,-1,1934,1933,1935,-1,1934,1935,1936,-1,1936,1935,1937,-1,1936,1937,1938,-1,1938,1937,1939,-1,1938,1939,1940,-1,1940,1939,1941,-1,1940,1941,1942,-1,1942,1941,1943,-1,1942,1943,1944,-1,1944,1943,1945,-1,1944,1945,1946,-1,1946,1945,1947,-1,1946,1947,1948,-1,1948,1947,1949,-1,1948,1949,1950,-1,1950,1949,1951,-1,1952,1950,1953,-1,1953,1950,1951,-1,1954,1952,1955,-1,1955,1952,1953,-1,1956,1954,1957,-1,1957,1954,1955,-1,1958,1956,1959,-1,1959,1956,1957,-1,1789,1958,1791,-1,1791,1958,1959,-1,1789,1788,1958,-1,1958,1788,1792,-1,1874,1876,1848,-1,1880,1882,1794,-1,1794,1882,1792,-1,1844,1846,1848,-1,1855,1871,1853,-1,1853,1871,1850,-1,1855,1857,1871,-1,1871,1857,1859,-1,1871,1859,1861,-1,1932,1934,1956,-1,1956,1934,1936,-1,1956,1936,1938,-1,1802,1804,1826,-1,1836,1838,1835,-1,1835,1838,1840,-1,1835,1840,1848,-1,1848,1840,1842,-1,1848,1842,1844,-1,1861,1863,1865,-1,1850,1871,1848,-1,1848,1871,1872,-1,1848,1872,1874,-1,1938,1940,1956,-1,1956,1940,1942,-1,1956,1942,1954,-1,1882,1884,1792,-1,1792,1884,1886,-1,1792,1886,1958,-1,1958,1886,1888,-1,1958,1888,1956,-1,1930,1894,1928,-1,1928,1894,1926,-1,1829,1831,1798,-1,1798,1831,1833,-1,1798,1833,1835,-1,1865,1867,1861,-1,1861,1867,1869,-1,1861,1869,1871,-1,1942,1944,1954,-1,1954,1944,1946,-1,1954,1946,1952,-1,1952,1946,1948,-1,1952,1948,1950,-1,1956,1888,1932,-1,1932,1888,1890,-1,1932,1890,1930,-1,1930,1890,1892,-1,1930,1892,1894,-1,1894,1896,1926,-1,1926,1896,1898,-1,1926,1898,1925,-1,1925,1898,1900,-1,1917,1919,1900,-1,1796,1798,1794,-1,1794,1798,1835,-1,1794,1835,1880,-1,1880,1835,1848,-1,1880,1848,1878,-1,1878,1848,1876,-1,1829,1798,1826,-1,1826,1798,1800,-1,1826,1800,1802,-1,1804,1806,1826,-1,1826,1806,1808,-1,1826,1808,1824,-1,1824,1808,1810,-1,1824,1810,1823,-1,1823,1810,1821,-1,1919,1921,1900,-1,1900,1921,1923,-1,1900,1923,1925,-1,1813,1815,1817,-1,1917,1900,1915,-1,1915,1900,1903,-1,1915,1903,1905,-1,1813,1817,1810,-1,1810,1817,1819,-1,1810,1819,1821,-1,1905,1907,1915,-1,1915,1907,1909,-1,1915,1909,1913,-1,1913,1909,1911,-1,1839,1837,1834,-1,1799,1797,1795,-1,1790,1791,1793,-1,1793,1791,1959,-1,1877,1849,1879,-1,1879,1849,1881,-1,1897,1895,1927,-1,1858,1856,1851,-1,1851,1856,1854,-1,1851,1854,1852,-1,1881,1849,1834,-1,1834,1849,1841,-1,1834,1841,1839,-1,1933,1931,1893,-1,1870,1851,1873,-1,1873,1851,1849,-1,1873,1849,1875,-1,1875,1849,1877,-1,1870,1868,1851,-1,1851,1868,1866,-1,1851,1866,1864,-1,1847,1845,1849,-1,1849,1845,1843,-1,1849,1843,1841,-1,1887,1834,1889,-1,1889,1834,1891,-1,1887,1885,1834,-1,1834,1885,1883,-1,1834,1883,1881,-1,1893,1931,1895,-1,1895,1931,1929,-1,1895,1929,1927,-1,1941,1939,1957,-1,1957,1939,1937,-1,1864,1862,1851,-1,1851,1862,1860,-1,1851,1860,1858,-1,1803,1830,1805,-1,1805,1830,1828,-1,1805,1828,1807,-1,1807,1828,1827,-1,1807,1827,1809,-1,1801,1834,1803,-1,1803,1834,1832,-1,1803,1832,1830,-1,1953,1951,1949,-1,1809,1827,1811,-1,1811,1827,1825,-1,1811,1825,1822,-1,1924,1901,1927,-1,1927,1901,1899,-1,1927,1899,1897,-1,1953,1949,1955,-1,1949,1947,1955,-1,1955,1947,1945,-1,1955,1945,1957,-1,1957,1945,1943,-1,1957,1943,1941,-1,1937,1935,1957,-1,1957,1935,1933,-1,1957,1933,1959,-1,1959,1933,1893,-1,1959,1893,1793,-1,1793,1893,1891,-1,1793,1891,1795,-1,1795,1891,1834,-1,1795,1834,1799,-1,1799,1834,1801,-1,1812,1811,1814,-1,1814,1811,1816,-1,1924,1922,1901,-1,1901,1922,1920,-1,1901,1920,1918,-1,1822,1820,1811,-1,1811,1820,1818,-1,1811,1818,1816,-1,1912,1910,1908,-1,1918,1916,1901,-1,1901,1916,1914,-1,1901,1914,1902,-1,1902,1914,1904,-1,1912,1908,1914,-1,1914,1908,1906,-1,1914,1906,1904,-1,1960,1961,1962,-1,1962,1961,1963,-1,1964,1960,1965,-1,1965,1960,1962,-1,1966,1964,1967,-1,1967,1964,1965,-1,1968,1966,1969,-1,1969,1966,1967,-1,1970,1968,1971,-1,1971,1968,1969,-1,1972,1970,1973,-1,1973,1970,1971,-1,1972,1973,1974,-1,1974,1973,1975,-1,1974,1975,1976,-1,1976,1975,1977,-1,1976,1977,1978,-1,1978,1977,1979,-1,1978,1979,1980,-1,1980,1979,1981,-1,1982,1980,1983,-1,1983,1980,1981,-1,1982,1983,1984,-1,1982,1984,1985,-1,1985,1984,1986,-1,1985,1986,1987,-1,1987,1986,1988,-1,1987,1988,1989,-1,1989,1988,1990,-1,1989,1990,1991,-1,1991,1990,1992,-1,1991,1992,1993,-1,1993,1992,1994,-1,1993,1994,1995,-1,1996,1995,1997,-1,1997,1995,1994,-1,1998,1996,1999,-1,1999,1996,1997,-1,1998,1999,2000,-1,1998,2000,2001,-1,2001,2000,2002,-1,2001,2002,2003,-1,2003,2002,2004,-1,2003,2004,2005,-1,2005,2004,2006,-1,2005,2006,2007,-1,2008,2007,2009,-1,2009,2007,2006,-1,2008,2009,2010,-1,2010,2009,2011,-1,2010,2011,2012,-1,2012,2011,2013,-1,2012,2013,2014,-1,2014,2013,2015,-1,2014,2015,2016,-1,2016,2015,2017,-1,2018,2016,2019,-1,2019,2016,2017,-1,2020,2018,2021,-1,2021,2018,2019,-1,2022,2020,2023,-1,2023,2020,2021,-1,2022,2023,2024,-1,2022,2024,2025,-1,2025,2024,2026,-1,2025,2026,2027,-1,2027,2026,2028,-1,2027,2028,2029,-1,2029,2028,2030,-1,2029,2030,2031,-1,2031,2030,2032,-1,2031,2032,2033,-1,2033,2032,2034,-1,2033,2034,2035,-1,2035,2034,2036,-1,2035,2036,2037,-1,2037,2036,2038,-1,2037,2038,2039,-1,2039,2038,2040,-1,2039,2040,2041,-1,2041,2040,2042,-1,2041,2042,2043,-1,2044,2043,2045,-1,2045,2043,2042,-1,2044,2045,2046,-1,2046,2045,2047,-1,2046,2047,2048,-1,2048,2047,2049,-1,2048,2049,2050,-1,2050,2049,2051,-1,2050,2051,2052,-1,2052,2051,2053,-1,2052,2053,2054,-1,2054,2053,2055,-1,2054,2055,2056,-1,2056,2055,2057,-1,2058,2056,2059,-1,2059,2056,2057,-1,2058,2059,2060,-1,2060,2059,2061,-1,2060,2061,2062,-1,2062,2061,2063,-1,2062,2063,2064,-1,2064,2063,2065,-1,2064,2065,2066,-1,2066,2065,2067,-1,2066,2067,2068,-1,2068,2067,2069,-1,2068,2069,2070,-1,2070,2069,2071,-1,2072,2070,2073,-1,2073,2070,2071,-1,2072,2073,2074,-1,2072,2074,2075,-1,2075,2074,2076,-1,2075,2076,2077,-1,2077,2076,2078,-1,2077,2078,2079,-1,2079,2078,2080,-1,2079,2080,2081,-1,2081,2080,2082,-1,2081,2082,2083,-1,2083,2082,2084,-1,2083,2084,2085,-1,2085,2084,2086,-1,2085,2086,2087,-1,2087,2086,2088,-1,2087,2088,2089,-1,2089,2088,2090,-1,2089,2090,2091,-1,2091,2090,2092,-1,2091,2092,2093,-1,2093,2092,2094,-1,2093,2094,2095,-1,2095,2094,2096,-1,2095,2096,2097,-1,2098,2097,2099,-1,2099,2097,2096,-1,2098,2099,2100,-1,2100,2099,2101,-1,2100,2101,2102,-1,2102,2101,2103,-1,2102,2103,2104,-1,2104,2103,2105,-1,2104,2105,2106,-1,2106,2105,2107,-1,2106,2107,2108,-1,2108,2107,2109,-1,2108,2109,2110,-1,2110,2109,2111,-1,2110,2111,2112,-1,2112,2111,2113,-1,2112,2113,2114,-1,2114,2113,2115,-1,2114,2115,2116,-1,2116,2115,2117,-1,2116,2117,2118,-1,2118,2117,2119,-1,2118,2119,2120,-1,2120,2119,2121,-1,2120,2121,2122,-1,2122,2121,2123,-1,2124,2122,2125,-1,2125,2122,2123,-1,2126,2124,2127,-1,2127,2124,2125,-1,2128,2126,2129,-1,2129,2126,2127,-1,2130,2128,2131,-1,2131,2128,2129,-1,1961,2130,1963,-1,1963,2130,2131,-1,1961,1960,2130,-1,2130,1960,1964,-1,2046,2048,2020,-1,2052,2054,1966,-1,1966,2054,1964,-1,2016,2018,2020,-1,2027,2043,2025,-1,2025,2043,2022,-1,2027,2029,2043,-1,2043,2029,2031,-1,2043,2031,2033,-1,2104,2106,2128,-1,2128,2106,2108,-1,2128,2108,2110,-1,1974,1976,1998,-1,2008,2010,2007,-1,2007,2010,2012,-1,2007,2012,2020,-1,2020,2012,2014,-1,2020,2014,2016,-1,2033,2035,2037,-1,2022,2043,2020,-1,2020,2043,2044,-1,2020,2044,2046,-1,2110,2112,2128,-1,2128,2112,2114,-1,2128,2114,2126,-1,2054,2056,1964,-1,1964,2056,2058,-1,1964,2058,2130,-1,2130,2058,2060,-1,2130,2060,2128,-1,2102,2066,2100,-1,2100,2066,2098,-1,2001,2003,1970,-1,1970,2003,2005,-1,1970,2005,2007,-1,2037,2039,2033,-1,2033,2039,2041,-1,2033,2041,2043,-1,2114,2116,2126,-1,2126,2116,2118,-1,2126,2118,2124,-1,2124,2118,2120,-1,2124,2120,2122,-1,2128,2060,2104,-1,2104,2060,2062,-1,2104,2062,2102,-1,2102,2062,2064,-1,2102,2064,2066,-1,2066,2068,2098,-1,2098,2068,2070,-1,2098,2070,2097,-1,2097,2070,2072,-1,2089,2091,2072,-1,1968,1970,1966,-1,1966,1970,2007,-1,1966,2007,2052,-1,2052,2007,2020,-1,2052,2020,2050,-1,2050,2020,2048,-1,2001,1970,1998,-1,1998,1970,1972,-1,1998,1972,1974,-1,1976,1978,1998,-1,1998,1978,1980,-1,1998,1980,1996,-1,1996,1980,1982,-1,1996,1982,1995,-1,1995,1982,1993,-1,2091,2093,2072,-1,2072,2093,2095,-1,2072,2095,2097,-1,1985,1987,1989,-1,2089,2072,2087,-1,2087,2072,2075,-1,2087,2075,2077,-1,1985,1989,1982,-1,1982,1989,1991,-1,1982,1991,1993,-1,2077,2079,2087,-1,2087,2079,2081,-1,2087,2081,2085,-1,2085,2081,2083,-1,2011,2009,2006,-1,1971,1969,1967,-1,1962,1963,1965,-1,1965,1963,2131,-1,2049,2021,2051,-1,2051,2021,2053,-1,2069,2067,2099,-1,2030,2028,2023,-1,2023,2028,2026,-1,2023,2026,2024,-1,2053,2021,2006,-1,2006,2021,2013,-1,2006,2013,2011,-1,2105,2103,2065,-1,2042,2023,2045,-1,2045,2023,2021,-1,2045,2021,2047,-1,2047,2021,2049,-1,2042,2040,2023,-1,2023,2040,2038,-1,2023,2038,2036,-1,2019,2017,2021,-1,2021,2017,2015,-1,2021,2015,2013,-1,2059,2006,2061,-1,2061,2006,2063,-1,2059,2057,2006,-1,2006,2057,2055,-1,2006,2055,2053,-1,2065,2103,2067,-1,2067,2103,2101,-1,2067,2101,2099,-1,2113,2111,2129,-1,2129,2111,2109,-1,2036,2034,2023,-1,2023,2034,2032,-1,2023,2032,2030,-1,1975,2002,1977,-1,1977,2002,2000,-1,1977,2000,1979,-1,1979,2000,1999,-1,1979,1999,1981,-1,1973,2006,1975,-1,1975,2006,2004,-1,1975,2004,2002,-1,2125,2123,2121,-1,1981,1999,1983,-1,1983,1999,1997,-1,1983,1997,1994,-1,2096,2073,2099,-1,2099,2073,2071,-1,2099,2071,2069,-1,2125,2121,2127,-1,2121,2119,2127,-1,2127,2119,2117,-1,2127,2117,2129,-1,2129,2117,2115,-1,2129,2115,2113,-1,2109,2107,2129,-1,2129,2107,2105,-1,2129,2105,2131,-1,2131,2105,2065,-1,2131,2065,1965,-1,1965,2065,2063,-1,1965,2063,1967,-1,1967,2063,2006,-1,1967,2006,1971,-1,1971,2006,1973,-1,1984,1983,1986,-1,1986,1983,1988,-1,2096,2094,2073,-1,2073,2094,2092,-1,2073,2092,2090,-1,1994,1992,1983,-1,1983,1992,1990,-1,1983,1990,1988,-1,2084,2082,2080,-1,2090,2088,2073,-1,2073,2088,2086,-1,2073,2086,2074,-1,2074,2086,2076,-1,2084,2080,2086,-1,2086,2080,2078,-1,2086,2078,2076,-1,2132,2133,2134,-1,2134,2133,2135,-1,2136,2132,2137,-1,2137,2132,2134,-1,2138,2136,2139,-1,2139,2136,2137,-1,2140,2138,2141,-1,2141,2138,2139,-1,2142,2140,2143,-1,2143,2140,2141,-1,2144,2142,2145,-1,2145,2142,2143,-1,2144,2145,2146,-1,2146,2145,2147,-1,2146,2147,2148,-1,2148,2147,2149,-1,2148,2149,2150,-1,2150,2149,2151,-1,2150,2151,2152,-1,2152,2151,2153,-1,2154,2152,2155,-1,2155,2152,2153,-1,2154,2155,2156,-1,2154,2156,2157,-1,2157,2156,2158,-1,2157,2158,2159,-1,2159,2158,2160,-1,2159,2160,2161,-1,2161,2160,2162,-1,2161,2162,2163,-1,2163,2162,2164,-1,2163,2164,2165,-1,2165,2164,2166,-1,2165,2166,2167,-1,2168,2167,2169,-1,2169,2167,2166,-1,2170,2168,2171,-1,2171,2168,2169,-1,2170,2171,2172,-1,2170,2172,2173,-1,2173,2172,2174,-1,2173,2174,2175,-1,2175,2174,2176,-1,2175,2176,2177,-1,2177,2176,2178,-1,2177,2178,2179,-1,2180,2179,2181,-1,2181,2179,2178,-1,2180,2181,2182,-1,2182,2181,2183,-1,2182,2183,2184,-1,2184,2183,2185,-1,2184,2185,2186,-1,2186,2185,2187,-1,2186,2187,2188,-1,2188,2187,2189,-1,2190,2188,2191,-1,2191,2188,2189,-1,2192,2190,2193,-1,2193,2190,2191,-1,2194,2192,2195,-1,2195,2192,2193,-1,2194,2195,2196,-1,2194,2196,2197,-1,2197,2196,2198,-1,2197,2198,2199,-1,2199,2198,2200,-1,2199,2200,2201,-1,2201,2200,2202,-1,2201,2202,2203,-1,2203,2202,2204,-1,2203,2204,2205,-1,2205,2204,2206,-1,2205,2206,2207,-1,2207,2206,2208,-1,2207,2208,2209,-1,2209,2208,2210,-1,2209,2210,2211,-1,2211,2210,2212,-1,2211,2212,2213,-1,2213,2212,2214,-1,2213,2214,2215,-1,2216,2215,2217,-1,2217,2215,2214,-1,2216,2217,2218,-1,2218,2217,2219,-1,2218,2219,2220,-1,2220,2219,2221,-1,2220,2221,2222,-1,2222,2221,2223,-1,2222,2223,2224,-1,2224,2223,2225,-1,2224,2225,2226,-1,2226,2225,2227,-1,2226,2227,2228,-1,2228,2227,2229,-1,2230,2228,2231,-1,2231,2228,2229,-1,2230,2231,2232,-1,2232,2231,2233,-1,2232,2233,2234,-1,2234,2233,2235,-1,2234,2235,2236,-1,2236,2235,2237,-1,2236,2237,2238,-1,2238,2237,2239,-1,2238,2239,2240,-1,2240,2239,2241,-1,2240,2241,2242,-1,2242,2241,2243,-1,2244,2242,2245,-1,2245,2242,2243,-1,2244,2245,2246,-1,2244,2246,2247,-1,2247,2246,2248,-1,2247,2248,2249,-1,2249,2248,2250,-1,2249,2250,2251,-1,2251,2250,2252,-1,2251,2252,2253,-1,2253,2252,2254,-1,2253,2254,2255,-1,2255,2254,2256,-1,2255,2256,2257,-1,2257,2256,2258,-1,2257,2258,2259,-1,2259,2258,2260,-1,2259,2260,2261,-1,2261,2260,2262,-1,2261,2262,2263,-1,2263,2262,2264,-1,2263,2264,2265,-1,2265,2264,2266,-1,2265,2266,2267,-1,2267,2266,2268,-1,2267,2268,2269,-1,2270,2269,2271,-1,2271,2269,2268,-1,2270,2271,2272,-1,2272,2271,2273,-1,2272,2273,2274,-1,2274,2273,2275,-1,2274,2275,2276,-1,2276,2275,2277,-1,2276,2277,2278,-1,2278,2277,2279,-1,2278,2279,2280,-1,2280,2279,2281,-1,2280,2281,2282,-1,2282,2281,2283,-1,2282,2283,2284,-1,2284,2283,2285,-1,2284,2285,2286,-1,2286,2285,2287,-1,2286,2287,2288,-1,2288,2287,2289,-1,2288,2289,2290,-1,2290,2289,2291,-1,2290,2291,2292,-1,2292,2291,2293,-1,2292,2293,2294,-1,2294,2293,2295,-1,2296,2294,2297,-1,2297,2294,2295,-1,2298,2296,2299,-1,2299,2296,2297,-1,2300,2298,2301,-1,2301,2298,2299,-1,2302,2300,2303,-1,2303,2300,2301,-1,2133,2302,2135,-1,2135,2302,2303,-1,2133,2132,2302,-1,2302,2132,2136,-1,2218,2220,2192,-1,2224,2226,2138,-1,2138,2226,2136,-1,2188,2190,2192,-1,2199,2215,2197,-1,2197,2215,2194,-1,2199,2201,2215,-1,2215,2201,2203,-1,2215,2203,2205,-1,2276,2278,2300,-1,2300,2278,2280,-1,2300,2280,2282,-1,2146,2148,2170,-1,2180,2182,2179,-1,2179,2182,2184,-1,2179,2184,2192,-1,2192,2184,2186,-1,2192,2186,2188,-1,2205,2207,2209,-1,2194,2215,2192,-1,2192,2215,2216,-1,2192,2216,2218,-1,2282,2284,2300,-1,2300,2284,2286,-1,2300,2286,2298,-1,2226,2228,2136,-1,2136,2228,2230,-1,2136,2230,2302,-1,2302,2230,2232,-1,2302,2232,2300,-1,2274,2238,2272,-1,2272,2238,2270,-1,2173,2175,2142,-1,2142,2175,2177,-1,2142,2177,2179,-1,2209,2211,2205,-1,2205,2211,2213,-1,2205,2213,2215,-1,2286,2288,2298,-1,2298,2288,2290,-1,2298,2290,2296,-1,2296,2290,2292,-1,2296,2292,2294,-1,2300,2232,2276,-1,2276,2232,2234,-1,2276,2234,2274,-1,2274,2234,2236,-1,2274,2236,2238,-1,2238,2240,2270,-1,2270,2240,2242,-1,2270,2242,2269,-1,2269,2242,2244,-1,2261,2263,2244,-1,2140,2142,2138,-1,2138,2142,2179,-1,2138,2179,2224,-1,2224,2179,2192,-1,2224,2192,2222,-1,2222,2192,2220,-1,2173,2142,2170,-1,2170,2142,2144,-1,2170,2144,2146,-1,2148,2150,2170,-1,2170,2150,2152,-1,2170,2152,2168,-1,2168,2152,2154,-1,2168,2154,2167,-1,2167,2154,2165,-1,2263,2265,2244,-1,2244,2265,2267,-1,2244,2267,2269,-1,2157,2159,2161,-1,2261,2244,2259,-1,2259,2244,2247,-1,2259,2247,2249,-1,2157,2161,2154,-1,2154,2161,2163,-1,2154,2163,2165,-1,2249,2251,2259,-1,2259,2251,2253,-1,2259,2253,2257,-1,2257,2253,2255,-1,2183,2181,2178,-1,2143,2141,2139,-1,2134,2135,2137,-1,2137,2135,2303,-1,2221,2193,2223,-1,2223,2193,2225,-1,2241,2239,2271,-1,2202,2200,2195,-1,2195,2200,2198,-1,2195,2198,2196,-1,2225,2193,2178,-1,2178,2193,2185,-1,2178,2185,2183,-1,2277,2275,2237,-1,2214,2195,2217,-1,2217,2195,2193,-1,2217,2193,2219,-1,2219,2193,2221,-1,2214,2212,2195,-1,2195,2212,2210,-1,2195,2210,2208,-1,2191,2189,2193,-1,2193,2189,2187,-1,2193,2187,2185,-1,2231,2178,2233,-1,2233,2178,2235,-1,2231,2229,2178,-1,2178,2229,2227,-1,2178,2227,2225,-1,2237,2275,2239,-1,2239,2275,2273,-1,2239,2273,2271,-1,2285,2283,2301,-1,2301,2283,2281,-1,2208,2206,2195,-1,2195,2206,2204,-1,2195,2204,2202,-1,2147,2174,2149,-1,2149,2174,2172,-1,2149,2172,2151,-1,2151,2172,2171,-1,2151,2171,2153,-1,2145,2178,2147,-1,2147,2178,2176,-1,2147,2176,2174,-1,2297,2295,2293,-1,2153,2171,2155,-1,2155,2171,2169,-1,2155,2169,2166,-1,2268,2245,2271,-1,2271,2245,2243,-1,2271,2243,2241,-1,2297,2293,2299,-1,2293,2291,2299,-1,2299,2291,2289,-1,2299,2289,2301,-1,2301,2289,2287,-1,2301,2287,2285,-1,2281,2279,2301,-1,2301,2279,2277,-1,2301,2277,2303,-1,2303,2277,2237,-1,2303,2237,2137,-1,2137,2237,2235,-1,2137,2235,2139,-1,2139,2235,2178,-1,2139,2178,2143,-1,2143,2178,2145,-1,2156,2155,2158,-1,2158,2155,2160,-1,2268,2266,2245,-1,2245,2266,2264,-1,2245,2264,2262,-1,2166,2164,2155,-1,2155,2164,2162,-1,2155,2162,2160,-1,2256,2254,2252,-1,2262,2260,2245,-1,2245,2260,2258,-1,2245,2258,2246,-1,2246,2258,2248,-1,2256,2252,2258,-1,2258,2252,2250,-1,2258,2250,2248,-1,2304,2305,2306,-1,2306,2305,2307,-1,2308,2304,2309,-1,2309,2304,2306,-1,2310,2308,2311,-1,2311,2308,2309,-1,2312,2310,2313,-1,2313,2310,2311,-1,2314,2312,2315,-1,2315,2312,2313,-1,2316,2314,2317,-1,2317,2314,2315,-1,2316,2317,2318,-1,2318,2317,2319,-1,2318,2319,2320,-1,2320,2319,2321,-1,2320,2321,2322,-1,2322,2321,2323,-1,2322,2323,2324,-1,2324,2323,2325,-1,2326,2324,2327,-1,2327,2324,2325,-1,2326,2327,2328,-1,2326,2328,2329,-1,2329,2328,2330,-1,2329,2330,2331,-1,2331,2330,2332,-1,2331,2332,2333,-1,2333,2332,2334,-1,2333,2334,2335,-1,2335,2334,2336,-1,2335,2336,2337,-1,2337,2336,2338,-1,2337,2338,2339,-1,2340,2339,2341,-1,2341,2339,2338,-1,2342,2340,2343,-1,2343,2340,2341,-1,2342,2343,2344,-1,2342,2344,2345,-1,2345,2344,2346,-1,2345,2346,2347,-1,2347,2346,2348,-1,2347,2348,2349,-1,2349,2348,2350,-1,2349,2350,2351,-1,2352,2351,2353,-1,2353,2351,2350,-1,2352,2353,2354,-1,2354,2353,2355,-1,2354,2355,2356,-1,2356,2355,2357,-1,2356,2357,2358,-1,2358,2357,2359,-1,2358,2359,2360,-1,2360,2359,2361,-1,2362,2360,2363,-1,2363,2360,2361,-1,2364,2362,2365,-1,2365,2362,2363,-1,2366,2364,2367,-1,2367,2364,2365,-1,2366,2367,2368,-1,2366,2368,2369,-1,2369,2368,2370,-1,2369,2370,2371,-1,2371,2370,2372,-1,2371,2372,2373,-1,2373,2372,2374,-1,2373,2374,2375,-1,2375,2374,2376,-1,2375,2376,2377,-1,2377,2376,2378,-1,2377,2378,2379,-1,2379,2378,2380,-1,2379,2380,2381,-1,2381,2380,2382,-1,2381,2382,2383,-1,2383,2382,2384,-1,2383,2384,2385,-1,2385,2384,2386,-1,2385,2386,2387,-1,2388,2387,2389,-1,2389,2387,2386,-1,2388,2389,2390,-1,2390,2389,2391,-1,2390,2391,2392,-1,2392,2391,2393,-1,2392,2393,2394,-1,2394,2393,2395,-1,2394,2395,2396,-1,2396,2395,2397,-1,2396,2397,2398,-1,2398,2397,2399,-1,2398,2399,2400,-1,2400,2399,2401,-1,2402,2400,2403,-1,2403,2400,2401,-1,2402,2403,2404,-1,2404,2403,2405,-1,2404,2405,2406,-1,2406,2405,2407,-1,2406,2407,2408,-1,2408,2407,2409,-1,2408,2409,2410,-1,2410,2409,2411,-1,2410,2411,2412,-1,2412,2411,2413,-1,2412,2413,2414,-1,2414,2413,2415,-1,2416,2414,2417,-1,2417,2414,2415,-1,2416,2417,2418,-1,2416,2418,2419,-1,2419,2418,2420,-1,2419,2420,2421,-1,2421,2420,2422,-1,2421,2422,2423,-1,2423,2422,2424,-1,2423,2424,2425,-1,2425,2424,2426,-1,2425,2426,2427,-1,2427,2426,2428,-1,2427,2428,2429,-1,2429,2428,2430,-1,2429,2430,2431,-1,2431,2430,2432,-1,2431,2432,2433,-1,2433,2432,2434,-1,2433,2434,2435,-1,2435,2434,2436,-1,2435,2436,2437,-1,2437,2436,2438,-1,2437,2438,2439,-1,2439,2438,2440,-1,2439,2440,2441,-1,2442,2441,2443,-1,2443,2441,2440,-1,2442,2443,2444,-1,2444,2443,2445,-1,2444,2445,2446,-1,2446,2445,2447,-1,2446,2447,2448,-1,2448,2447,2449,-1,2448,2449,2450,-1,2450,2449,2451,-1,2450,2451,2452,-1,2452,2451,2453,-1,2452,2453,2454,-1,2454,2453,2455,-1,2454,2455,2456,-1,2456,2455,2457,-1,2456,2457,2458,-1,2458,2457,2459,-1,2458,2459,2460,-1,2460,2459,2461,-1,2460,2461,2462,-1,2462,2461,2463,-1,2462,2463,2464,-1,2464,2463,2465,-1,2464,2465,2466,-1,2466,2465,2467,-1,2468,2466,2469,-1,2469,2466,2467,-1,2470,2468,2471,-1,2471,2468,2469,-1,2472,2470,2473,-1,2473,2470,2471,-1,2474,2472,2475,-1,2475,2472,2473,-1,2305,2474,2307,-1,2307,2474,2475,-1,2305,2304,2474,-1,2474,2304,2308,-1,2390,2392,2364,-1,2396,2398,2310,-1,2310,2398,2308,-1,2360,2362,2364,-1,2371,2387,2369,-1,2369,2387,2366,-1,2371,2373,2387,-1,2387,2373,2375,-1,2387,2375,2377,-1,2448,2450,2472,-1,2472,2450,2452,-1,2472,2452,2454,-1,2318,2320,2342,-1,2352,2354,2351,-1,2351,2354,2356,-1,2351,2356,2364,-1,2364,2356,2358,-1,2364,2358,2360,-1,2377,2379,2381,-1,2366,2387,2364,-1,2364,2387,2388,-1,2364,2388,2390,-1,2454,2456,2472,-1,2472,2456,2458,-1,2472,2458,2470,-1,2398,2400,2308,-1,2308,2400,2402,-1,2308,2402,2474,-1,2474,2402,2404,-1,2474,2404,2472,-1,2446,2410,2444,-1,2444,2410,2442,-1,2345,2347,2314,-1,2314,2347,2349,-1,2314,2349,2351,-1,2381,2383,2377,-1,2377,2383,2385,-1,2377,2385,2387,-1,2458,2460,2470,-1,2470,2460,2462,-1,2470,2462,2468,-1,2468,2462,2464,-1,2468,2464,2466,-1,2472,2404,2448,-1,2448,2404,2406,-1,2448,2406,2446,-1,2446,2406,2408,-1,2446,2408,2410,-1,2410,2412,2442,-1,2442,2412,2414,-1,2442,2414,2441,-1,2441,2414,2416,-1,2433,2435,2416,-1,2312,2314,2310,-1,2310,2314,2351,-1,2310,2351,2396,-1,2396,2351,2364,-1,2396,2364,2394,-1,2394,2364,2392,-1,2345,2314,2342,-1,2342,2314,2316,-1,2342,2316,2318,-1,2320,2322,2342,-1,2342,2322,2324,-1,2342,2324,2340,-1,2340,2324,2326,-1,2340,2326,2339,-1,2339,2326,2337,-1,2435,2437,2416,-1,2416,2437,2439,-1,2416,2439,2441,-1,2329,2331,2333,-1,2433,2416,2431,-1,2431,2416,2419,-1,2431,2419,2421,-1,2329,2333,2326,-1,2326,2333,2335,-1,2326,2335,2337,-1,2421,2423,2431,-1,2431,2423,2425,-1,2431,2425,2429,-1,2429,2425,2427,-1,2355,2353,2350,-1,2315,2313,2311,-1,2306,2307,2309,-1,2309,2307,2475,-1,2393,2365,2395,-1,2395,2365,2397,-1,2413,2411,2443,-1,2374,2372,2367,-1,2367,2372,2370,-1,2367,2370,2368,-1,2397,2365,2350,-1,2350,2365,2357,-1,2350,2357,2355,-1,2449,2447,2409,-1,2386,2367,2389,-1,2389,2367,2365,-1,2389,2365,2391,-1,2391,2365,2393,-1,2386,2384,2367,-1,2367,2384,2382,-1,2367,2382,2380,-1,2363,2361,2365,-1,2365,2361,2359,-1,2365,2359,2357,-1,2403,2350,2405,-1,2405,2350,2407,-1,2403,2401,2350,-1,2350,2401,2399,-1,2350,2399,2397,-1,2409,2447,2411,-1,2411,2447,2445,-1,2411,2445,2443,-1,2457,2455,2473,-1,2473,2455,2453,-1,2380,2378,2367,-1,2367,2378,2376,-1,2367,2376,2374,-1,2319,2346,2321,-1,2321,2346,2344,-1,2321,2344,2323,-1,2323,2344,2343,-1,2323,2343,2325,-1,2317,2350,2319,-1,2319,2350,2348,-1,2319,2348,2346,-1,2469,2467,2465,-1,2325,2343,2327,-1,2327,2343,2341,-1,2327,2341,2338,-1,2440,2417,2443,-1,2443,2417,2415,-1,2443,2415,2413,-1,2469,2465,2471,-1,2465,2463,2471,-1,2471,2463,2461,-1,2471,2461,2473,-1,2473,2461,2459,-1,2473,2459,2457,-1,2453,2451,2473,-1,2473,2451,2449,-1,2473,2449,2475,-1,2475,2449,2409,-1,2475,2409,2309,-1,2309,2409,2407,-1,2309,2407,2311,-1,2311,2407,2350,-1,2311,2350,2315,-1,2315,2350,2317,-1,2328,2327,2330,-1,2330,2327,2332,-1,2440,2438,2417,-1,2417,2438,2436,-1,2417,2436,2434,-1,2338,2336,2327,-1,2327,2336,2334,-1,2327,2334,2332,-1,2428,2426,2424,-1,2434,2432,2417,-1,2417,2432,2430,-1,2417,2430,2418,-1,2418,2430,2420,-1,2428,2424,2430,-1,2430,2424,2422,-1,2430,2422,2420,-1,2476,2477,2478,-1,2478,2477,2479,-1,2480,2476,2481,-1,2481,2476,2478,-1,2482,2480,2483,-1,2483,2480,2481,-1,2484,2482,2485,-1,2485,2482,2483,-1,2486,2484,2487,-1,2487,2484,2485,-1,2488,2486,2489,-1,2489,2486,2487,-1,2488,2489,2490,-1,2490,2489,2491,-1,2490,2491,2492,-1,2492,2491,2493,-1,2492,2493,2494,-1,2494,2493,2495,-1,2494,2495,2496,-1,2496,2495,2497,-1,2498,2496,2499,-1,2499,2496,2497,-1,2498,2499,2500,-1,2498,2500,2501,-1,2501,2500,2502,-1,2501,2502,2503,-1,2503,2502,2504,-1,2503,2504,2505,-1,2505,2504,2506,-1,2505,2506,2507,-1,2507,2506,2508,-1,2507,2508,2509,-1,2509,2508,2510,-1,2509,2510,2511,-1,2512,2511,2513,-1,2513,2511,2510,-1,2514,2512,2515,-1,2515,2512,2513,-1,2514,2515,2516,-1,2514,2516,2517,-1,2517,2516,2518,-1,2517,2518,2519,-1,2519,2518,2520,-1,2519,2520,2521,-1,2521,2520,2522,-1,2521,2522,2523,-1,2524,2523,2525,-1,2525,2523,2522,-1,2524,2525,2526,-1,2526,2525,2527,-1,2526,2527,2528,-1,2528,2527,2529,-1,2528,2529,2530,-1,2530,2529,2531,-1,2530,2531,2532,-1,2532,2531,2533,-1,2534,2532,2535,-1,2535,2532,2533,-1,2536,2534,2537,-1,2537,2534,2535,-1,2538,2536,2539,-1,2539,2536,2537,-1,2538,2539,2540,-1,2538,2540,2541,-1,2541,2540,2542,-1,2541,2542,2543,-1,2543,2542,2544,-1,2543,2544,2545,-1,2545,2544,2546,-1,2545,2546,2547,-1,2547,2546,2548,-1,2547,2548,2549,-1,2549,2548,2550,-1,2549,2550,2551,-1,2551,2550,2552,-1,2551,2552,2553,-1,2553,2552,2554,-1,2553,2554,2555,-1,2555,2554,2556,-1,2555,2556,2557,-1,2557,2556,2558,-1,2557,2558,2559,-1,2560,2559,2561,-1,2561,2559,2558,-1,2560,2561,2562,-1,2562,2561,2563,-1,2562,2563,2564,-1,2564,2563,2565,-1,2564,2565,2566,-1,2566,2565,2567,-1,2566,2567,2568,-1,2568,2567,2569,-1,2568,2569,2570,-1,2570,2569,2571,-1,2570,2571,2572,-1,2572,2571,2573,-1,2574,2572,2575,-1,2575,2572,2573,-1,2574,2575,2576,-1,2576,2575,2577,-1,2576,2577,2578,-1,2578,2577,2579,-1,2578,2579,2580,-1,2580,2579,2581,-1,2580,2581,2582,-1,2582,2581,2583,-1,2582,2583,2584,-1,2584,2583,2585,-1,2584,2585,2586,-1,2586,2585,2587,-1,2588,2586,2589,-1,2589,2586,2587,-1,2588,2589,2590,-1,2588,2590,2591,-1,2591,2590,2592,-1,2591,2592,2593,-1,2593,2592,2594,-1,2593,2594,2595,-1,2595,2594,2596,-1,2595,2596,2597,-1,2597,2596,2598,-1,2597,2598,2599,-1,2599,2598,2600,-1,2599,2600,2601,-1,2601,2600,2602,-1,2601,2602,2603,-1,2603,2602,2604,-1,2603,2604,2605,-1,2605,2604,2606,-1,2605,2606,2607,-1,2607,2606,2608,-1,2607,2608,2609,-1,2609,2608,2610,-1,2609,2610,2611,-1,2611,2610,2612,-1,2611,2612,2613,-1,2614,2613,2615,-1,2615,2613,2612,-1,2614,2615,2616,-1,2616,2615,2617,-1,2616,2617,2618,-1,2618,2617,2619,-1,2618,2619,2620,-1,2620,2619,2621,-1,2620,2621,2622,-1,2622,2621,2623,-1,2622,2623,2624,-1,2624,2623,2625,-1,2624,2625,2626,-1,2626,2625,2627,-1,2626,2627,2628,-1,2628,2627,2629,-1,2628,2629,2630,-1,2630,2629,2631,-1,2630,2631,2632,-1,2632,2631,2633,-1,2632,2633,2634,-1,2634,2633,2635,-1,2634,2635,2636,-1,2636,2635,2637,-1,2636,2637,2638,-1,2638,2637,2639,-1,2640,2638,2641,-1,2641,2638,2639,-1,2642,2640,2643,-1,2643,2640,2641,-1,2644,2642,2645,-1,2645,2642,2643,-1,2646,2644,2647,-1,2647,2644,2645,-1,2477,2646,2479,-1,2479,2646,2647,-1,2477,2476,2646,-1,2646,2476,2480,-1,2562,2564,2536,-1,2568,2570,2482,-1,2482,2570,2480,-1,2532,2534,2536,-1,2543,2559,2541,-1,2541,2559,2538,-1,2543,2545,2559,-1,2559,2545,2547,-1,2559,2547,2549,-1,2620,2622,2644,-1,2644,2622,2624,-1,2644,2624,2626,-1,2490,2492,2514,-1,2524,2526,2523,-1,2523,2526,2528,-1,2523,2528,2536,-1,2536,2528,2530,-1,2536,2530,2532,-1,2549,2551,2553,-1,2538,2559,2536,-1,2536,2559,2560,-1,2536,2560,2562,-1,2626,2628,2644,-1,2644,2628,2630,-1,2644,2630,2642,-1,2570,2572,2480,-1,2480,2572,2574,-1,2480,2574,2646,-1,2646,2574,2576,-1,2646,2576,2644,-1,2618,2582,2616,-1,2616,2582,2614,-1,2517,2519,2486,-1,2486,2519,2521,-1,2486,2521,2523,-1,2553,2555,2549,-1,2549,2555,2557,-1,2549,2557,2559,-1,2630,2632,2642,-1,2642,2632,2634,-1,2642,2634,2640,-1,2640,2634,2636,-1,2640,2636,2638,-1,2644,2576,2620,-1,2620,2576,2578,-1,2620,2578,2618,-1,2618,2578,2580,-1,2618,2580,2582,-1,2582,2584,2614,-1,2614,2584,2586,-1,2614,2586,2613,-1,2613,2586,2588,-1,2605,2607,2588,-1,2484,2486,2482,-1,2482,2486,2523,-1,2482,2523,2568,-1,2568,2523,2536,-1,2568,2536,2566,-1,2566,2536,2564,-1,2517,2486,2514,-1,2514,2486,2488,-1,2514,2488,2490,-1,2492,2494,2514,-1,2514,2494,2496,-1,2514,2496,2512,-1,2512,2496,2498,-1,2512,2498,2511,-1,2511,2498,2509,-1,2607,2609,2588,-1,2588,2609,2611,-1,2588,2611,2613,-1,2501,2503,2505,-1,2605,2588,2603,-1,2603,2588,2591,-1,2603,2591,2593,-1,2501,2505,2498,-1,2498,2505,2507,-1,2498,2507,2509,-1,2593,2595,2603,-1,2603,2595,2597,-1,2603,2597,2601,-1,2601,2597,2599,-1,2527,2525,2522,-1,2487,2485,2483,-1,2478,2479,2481,-1,2481,2479,2647,-1,2565,2537,2567,-1,2567,2537,2569,-1,2585,2583,2615,-1,2546,2544,2539,-1,2539,2544,2542,-1,2539,2542,2540,-1,2569,2537,2522,-1,2522,2537,2529,-1,2522,2529,2527,-1,2621,2619,2581,-1,2558,2539,2561,-1,2561,2539,2537,-1,2561,2537,2563,-1,2563,2537,2565,-1,2558,2556,2539,-1,2539,2556,2554,-1,2539,2554,2552,-1,2535,2533,2537,-1,2537,2533,2531,-1,2537,2531,2529,-1,2575,2522,2577,-1,2577,2522,2579,-1,2575,2573,2522,-1,2522,2573,2571,-1,2522,2571,2569,-1,2581,2619,2583,-1,2583,2619,2617,-1,2583,2617,2615,-1,2629,2627,2645,-1,2645,2627,2625,-1,2552,2550,2539,-1,2539,2550,2548,-1,2539,2548,2546,-1,2491,2518,2493,-1,2493,2518,2516,-1,2493,2516,2495,-1,2495,2516,2515,-1,2495,2515,2497,-1,2489,2522,2491,-1,2491,2522,2520,-1,2491,2520,2518,-1,2641,2639,2637,-1,2497,2515,2499,-1,2499,2515,2513,-1,2499,2513,2510,-1,2612,2589,2615,-1,2615,2589,2587,-1,2615,2587,2585,-1,2641,2637,2643,-1,2637,2635,2643,-1,2643,2635,2633,-1,2643,2633,2645,-1,2645,2633,2631,-1,2645,2631,2629,-1,2625,2623,2645,-1,2645,2623,2621,-1,2645,2621,2647,-1,2647,2621,2581,-1,2647,2581,2481,-1,2481,2581,2579,-1,2481,2579,2483,-1,2483,2579,2522,-1,2483,2522,2487,-1,2487,2522,2489,-1,2500,2499,2502,-1,2502,2499,2504,-1,2612,2610,2589,-1,2589,2610,2608,-1,2589,2608,2606,-1,2510,2508,2499,-1,2499,2508,2506,-1,2499,2506,2504,-1,2600,2598,2596,-1,2606,2604,2589,-1,2589,2604,2602,-1,2589,2602,2590,-1,2590,2602,2592,-1,2600,2596,2602,-1,2602,2596,2594,-1,2602,2594,2592,-1,2648,2649,2650,-1,2650,2649,2651,-1,2652,2648,2653,-1,2653,2648,2650,-1,2654,2652,2655,-1,2655,2652,2653,-1,2656,2654,2657,-1,2657,2654,2655,-1,2658,2656,2659,-1,2659,2656,2657,-1,2660,2658,2661,-1,2661,2658,2659,-1,2660,2661,2662,-1,2662,2661,2663,-1,2662,2663,2664,-1,2664,2663,2665,-1,2664,2665,2666,-1,2666,2665,2667,-1,2666,2667,2668,-1,2668,2667,2669,-1,2670,2668,2671,-1,2671,2668,2669,-1,2670,2671,2672,-1,2670,2672,2673,-1,2673,2672,2674,-1,2673,2674,2675,-1,2675,2674,2676,-1,2675,2676,2677,-1,2677,2676,2678,-1,2677,2678,2679,-1,2679,2678,2680,-1,2679,2680,2681,-1,2681,2680,2682,-1,2681,2682,2683,-1,2684,2683,2685,-1,2685,2683,2682,-1,2686,2684,2687,-1,2687,2684,2685,-1,2686,2687,2688,-1,2686,2688,2689,-1,2689,2688,2690,-1,2689,2690,2691,-1,2691,2690,2692,-1,2691,2692,2693,-1,2693,2692,2694,-1,2693,2694,2695,-1,2696,2695,2697,-1,2697,2695,2694,-1,2696,2697,2698,-1,2698,2697,2699,-1,2698,2699,2700,-1,2700,2699,2701,-1,2700,2701,2702,-1,2702,2701,2703,-1,2702,2703,2704,-1,2704,2703,2705,-1,2706,2704,2707,-1,2707,2704,2705,-1,2708,2706,2709,-1,2709,2706,2707,-1,2710,2708,2711,-1,2711,2708,2709,-1,2710,2711,2712,-1,2710,2712,2713,-1,2713,2712,2714,-1,2713,2714,2715,-1,2715,2714,2716,-1,2715,2716,2717,-1,2717,2716,2718,-1,2717,2718,2719,-1,2719,2718,2720,-1,2719,2720,2721,-1,2721,2720,2722,-1,2721,2722,2723,-1,2723,2722,2724,-1,2723,2724,2725,-1,2725,2724,2726,-1,2725,2726,2727,-1,2727,2726,2728,-1,2727,2728,2729,-1,2729,2728,2730,-1,2729,2730,2731,-1,2732,2731,2733,-1,2733,2731,2730,-1,2732,2733,2734,-1,2734,2733,2735,-1,2734,2735,2736,-1,2736,2735,2737,-1,2736,2737,2738,-1,2738,2737,2739,-1,2738,2739,2740,-1,2740,2739,2741,-1,2740,2741,2742,-1,2742,2741,2743,-1,2742,2743,2744,-1,2744,2743,2745,-1,2746,2744,2747,-1,2747,2744,2745,-1,2746,2747,2748,-1,2748,2747,2749,-1,2748,2749,2750,-1,2750,2749,2751,-1,2750,2751,2752,-1,2752,2751,2753,-1,2752,2753,2754,-1,2754,2753,2755,-1,2754,2755,2756,-1,2756,2755,2757,-1,2756,2757,2758,-1,2758,2757,2759,-1,2760,2758,2761,-1,2761,2758,2759,-1,2760,2761,2762,-1,2760,2762,2763,-1,2763,2762,2764,-1,2763,2764,2765,-1,2765,2764,2766,-1,2765,2766,2767,-1,2767,2766,2768,-1,2767,2768,2769,-1,2769,2768,2770,-1,2769,2770,2771,-1,2771,2770,2772,-1,2771,2772,2773,-1,2773,2772,2774,-1,2773,2774,2775,-1,2775,2774,2776,-1,2775,2776,2777,-1,2777,2776,2778,-1,2777,2778,2779,-1,2779,2778,2780,-1,2779,2780,2781,-1,2781,2780,2782,-1,2781,2782,2783,-1,2783,2782,2784,-1,2783,2784,2785,-1,2786,2785,2787,-1,2787,2785,2784,-1,2786,2787,2788,-1,2788,2787,2789,-1,2788,2789,2790,-1,2790,2789,2791,-1,2790,2791,2792,-1,2792,2791,2793,-1,2792,2793,2794,-1,2794,2793,2795,-1,2794,2795,2796,-1,2796,2795,2797,-1,2796,2797,2798,-1,2798,2797,2799,-1,2798,2799,2800,-1,2800,2799,2801,-1,2800,2801,2802,-1,2802,2801,2803,-1,2802,2803,2804,-1,2804,2803,2805,-1,2804,2805,2806,-1,2806,2805,2807,-1,2806,2807,2808,-1,2808,2807,2809,-1,2808,2809,2810,-1,2810,2809,2811,-1,2812,2810,2813,-1,2813,2810,2811,-1,2814,2812,2815,-1,2815,2812,2813,-1,2816,2814,2817,-1,2817,2814,2815,-1,2818,2816,2819,-1,2819,2816,2817,-1,2649,2818,2651,-1,2651,2818,2819,-1,2649,2648,2818,-1,2818,2648,2652,-1,2734,2736,2708,-1,2740,2742,2654,-1,2654,2742,2652,-1,2704,2706,2708,-1,2715,2731,2713,-1,2713,2731,2710,-1,2715,2717,2731,-1,2731,2717,2719,-1,2731,2719,2721,-1,2792,2794,2816,-1,2816,2794,2796,-1,2816,2796,2798,-1,2662,2664,2686,-1,2696,2698,2695,-1,2695,2698,2700,-1,2695,2700,2708,-1,2708,2700,2702,-1,2708,2702,2704,-1,2721,2723,2725,-1,2710,2731,2708,-1,2708,2731,2732,-1,2708,2732,2734,-1,2798,2800,2816,-1,2816,2800,2802,-1,2816,2802,2814,-1,2742,2744,2652,-1,2652,2744,2746,-1,2652,2746,2818,-1,2818,2746,2748,-1,2818,2748,2816,-1,2790,2754,2788,-1,2788,2754,2786,-1,2689,2691,2658,-1,2658,2691,2693,-1,2658,2693,2695,-1,2725,2727,2721,-1,2721,2727,2729,-1,2721,2729,2731,-1,2802,2804,2814,-1,2814,2804,2806,-1,2814,2806,2812,-1,2812,2806,2808,-1,2812,2808,2810,-1,2816,2748,2792,-1,2792,2748,2750,-1,2792,2750,2790,-1,2790,2750,2752,-1,2790,2752,2754,-1,2754,2756,2786,-1,2786,2756,2758,-1,2786,2758,2785,-1,2785,2758,2760,-1,2777,2779,2760,-1,2656,2658,2654,-1,2654,2658,2695,-1,2654,2695,2740,-1,2740,2695,2708,-1,2740,2708,2738,-1,2738,2708,2736,-1,2689,2658,2686,-1,2686,2658,2660,-1,2686,2660,2662,-1,2664,2666,2686,-1,2686,2666,2668,-1,2686,2668,2684,-1,2684,2668,2670,-1,2684,2670,2683,-1,2683,2670,2681,-1,2779,2781,2760,-1,2760,2781,2783,-1,2760,2783,2785,-1,2673,2675,2677,-1,2777,2760,2775,-1,2775,2760,2763,-1,2775,2763,2765,-1,2673,2677,2670,-1,2670,2677,2679,-1,2670,2679,2681,-1,2765,2767,2775,-1,2775,2767,2769,-1,2775,2769,2773,-1,2773,2769,2771,-1,2699,2697,2694,-1,2659,2657,2655,-1,2650,2651,2653,-1,2653,2651,2819,-1,2737,2709,2739,-1,2739,2709,2741,-1,2757,2755,2787,-1,2718,2716,2711,-1,2711,2716,2714,-1,2711,2714,2712,-1,2741,2709,2694,-1,2694,2709,2701,-1,2694,2701,2699,-1,2793,2791,2753,-1,2730,2711,2733,-1,2733,2711,2709,-1,2733,2709,2735,-1,2735,2709,2737,-1,2730,2728,2711,-1,2711,2728,2726,-1,2711,2726,2724,-1,2707,2705,2709,-1,2709,2705,2703,-1,2709,2703,2701,-1,2747,2694,2749,-1,2749,2694,2751,-1,2747,2745,2694,-1,2694,2745,2743,-1,2694,2743,2741,-1,2753,2791,2755,-1,2755,2791,2789,-1,2755,2789,2787,-1,2801,2799,2817,-1,2817,2799,2797,-1,2724,2722,2711,-1,2711,2722,2720,-1,2711,2720,2718,-1,2663,2690,2665,-1,2665,2690,2688,-1,2665,2688,2667,-1,2667,2688,2687,-1,2667,2687,2669,-1,2661,2694,2663,-1,2663,2694,2692,-1,2663,2692,2690,-1,2813,2811,2809,-1,2669,2687,2671,-1,2671,2687,2685,-1,2671,2685,2682,-1,2784,2761,2787,-1,2787,2761,2759,-1,2787,2759,2757,-1,2813,2809,2815,-1,2809,2807,2815,-1,2815,2807,2805,-1,2815,2805,2817,-1,2817,2805,2803,-1,2817,2803,2801,-1,2797,2795,2817,-1,2817,2795,2793,-1,2817,2793,2819,-1,2819,2793,2753,-1,2819,2753,2653,-1,2653,2753,2751,-1,2653,2751,2655,-1,2655,2751,2694,-1,2655,2694,2659,-1,2659,2694,2661,-1,2672,2671,2674,-1,2674,2671,2676,-1,2784,2782,2761,-1,2761,2782,2780,-1,2761,2780,2778,-1,2682,2680,2671,-1,2671,2680,2678,-1,2671,2678,2676,-1,2772,2770,2768,-1,2778,2776,2761,-1,2761,2776,2774,-1,2761,2774,2762,-1,2762,2774,2764,-1,2772,2768,2774,-1,2774,2768,2766,-1,2774,2766,2764,-1,2820,2821,2822,-1,2822,2821,2823,-1,2824,2820,2825,-1,2825,2820,2822,-1,2826,2824,2827,-1,2827,2824,2825,-1,2828,2826,2829,-1,2829,2826,2827,-1,2830,2828,2831,-1,2831,2828,2829,-1,2832,2830,2833,-1,2833,2830,2831,-1,2832,2833,2834,-1,2834,2833,2835,-1,2834,2835,2836,-1,2836,2835,2837,-1,2836,2837,2838,-1,2838,2837,2839,-1,2838,2839,2840,-1,2840,2839,2841,-1,2842,2840,2843,-1,2843,2840,2841,-1,2842,2843,2844,-1,2842,2844,2845,-1,2845,2844,2846,-1,2845,2846,2847,-1,2847,2846,2848,-1,2847,2848,2849,-1,2849,2848,2850,-1,2849,2850,2851,-1,2851,2850,2852,-1,2851,2852,2853,-1,2853,2852,2854,-1,2853,2854,2855,-1,2856,2855,2857,-1,2857,2855,2854,-1,2858,2856,2859,-1,2859,2856,2857,-1,2858,2859,2860,-1,2858,2860,2861,-1,2861,2860,2862,-1,2861,2862,2863,-1,2863,2862,2864,-1,2863,2864,2865,-1,2865,2864,2866,-1,2865,2866,2867,-1,2868,2867,2869,-1,2869,2867,2866,-1,2868,2869,2870,-1,2870,2869,2871,-1,2870,2871,2872,-1,2872,2871,2873,-1,2872,2873,2874,-1,2874,2873,2875,-1,2874,2875,2876,-1,2876,2875,2877,-1,2878,2876,2879,-1,2879,2876,2877,-1,2880,2878,2881,-1,2881,2878,2879,-1,2882,2880,2883,-1,2883,2880,2881,-1,2882,2883,2884,-1,2882,2884,2885,-1,2885,2884,2886,-1,2885,2886,2887,-1,2887,2886,2888,-1,2887,2888,2889,-1,2889,2888,2890,-1,2889,2890,2891,-1,2891,2890,2892,-1,2891,2892,2893,-1,2893,2892,2894,-1,2893,2894,2895,-1,2895,2894,2896,-1,2895,2896,2897,-1,2897,2896,2898,-1,2897,2898,2899,-1,2899,2898,2900,-1,2899,2900,2901,-1,2901,2900,2902,-1,2901,2902,2903,-1,2904,2903,2905,-1,2905,2903,2902,-1,2904,2905,2906,-1,2906,2905,2907,-1,2906,2907,2908,-1,2908,2907,2909,-1,2908,2909,2910,-1,2910,2909,2911,-1,2910,2911,2912,-1,2912,2911,2913,-1,2912,2913,2914,-1,2914,2913,2915,-1,2914,2915,2916,-1,2916,2915,2917,-1,2918,2916,2919,-1,2919,2916,2917,-1,2918,2919,2920,-1,2920,2919,2921,-1,2920,2921,2922,-1,2922,2921,2923,-1,2922,2923,2924,-1,2924,2923,2925,-1,2924,2925,2926,-1,2926,2925,2927,-1,2926,2927,2928,-1,2928,2927,2929,-1,2928,2929,2930,-1,2930,2929,2931,-1,2932,2930,2933,-1,2933,2930,2931,-1,2932,2933,2934,-1,2932,2934,2935,-1,2935,2934,2936,-1,2935,2936,2937,-1,2937,2936,2938,-1,2937,2938,2939,-1,2939,2938,2940,-1,2939,2940,2941,-1,2941,2940,2942,-1,2941,2942,2943,-1,2943,2942,2944,-1,2943,2944,2945,-1,2945,2944,2946,-1,2945,2946,2947,-1,2947,2946,2948,-1,2947,2948,2949,-1,2949,2948,2950,-1,2949,2950,2951,-1,2951,2950,2952,-1,2951,2952,2953,-1,2953,2952,2954,-1,2953,2954,2955,-1,2955,2954,2956,-1,2955,2956,2957,-1,2958,2957,2959,-1,2959,2957,2956,-1,2958,2959,2960,-1,2960,2959,2961,-1,2960,2961,2962,-1,2962,2961,2963,-1,2962,2963,2964,-1,2964,2963,2965,-1,2964,2965,2966,-1,2966,2965,2967,-1,2966,2967,2968,-1,2968,2967,2969,-1,2968,2969,2970,-1,2970,2969,2971,-1,2970,2971,2972,-1,2972,2971,2973,-1,2972,2973,2974,-1,2974,2973,2975,-1,2974,2975,2976,-1,2976,2975,2977,-1,2976,2977,2978,-1,2978,2977,2979,-1,2978,2979,2980,-1,2980,2979,2981,-1,2980,2981,2982,-1,2982,2981,2983,-1,2984,2982,2985,-1,2985,2982,2983,-1,2986,2984,2987,-1,2987,2984,2985,-1,2988,2986,2989,-1,2989,2986,2987,-1,2990,2988,2991,-1,2991,2988,2989,-1,2821,2990,2823,-1,2823,2990,2991,-1,2821,2820,2990,-1,2990,2820,2824,-1,2906,2908,2880,-1,2912,2914,2826,-1,2826,2914,2824,-1,2876,2878,2880,-1,2887,2903,2885,-1,2885,2903,2882,-1,2887,2889,2903,-1,2903,2889,2891,-1,2903,2891,2893,-1,2964,2966,2988,-1,2988,2966,2968,-1,2988,2968,2970,-1,2834,2836,2858,-1,2868,2870,2867,-1,2867,2870,2872,-1,2867,2872,2880,-1,2880,2872,2874,-1,2880,2874,2876,-1,2893,2895,2897,-1,2882,2903,2880,-1,2880,2903,2904,-1,2880,2904,2906,-1,2970,2972,2988,-1,2988,2972,2974,-1,2988,2974,2986,-1,2914,2916,2824,-1,2824,2916,2918,-1,2824,2918,2990,-1,2990,2918,2920,-1,2990,2920,2988,-1,2962,2926,2960,-1,2960,2926,2958,-1,2861,2863,2830,-1,2830,2863,2865,-1,2830,2865,2867,-1,2897,2899,2893,-1,2893,2899,2901,-1,2893,2901,2903,-1,2974,2976,2986,-1,2986,2976,2978,-1,2986,2978,2984,-1,2984,2978,2980,-1,2984,2980,2982,-1,2988,2920,2964,-1,2964,2920,2922,-1,2964,2922,2962,-1,2962,2922,2924,-1,2962,2924,2926,-1,2926,2928,2958,-1,2958,2928,2930,-1,2958,2930,2957,-1,2957,2930,2932,-1,2949,2951,2932,-1,2828,2830,2826,-1,2826,2830,2867,-1,2826,2867,2912,-1,2912,2867,2880,-1,2912,2880,2910,-1,2910,2880,2908,-1,2861,2830,2858,-1,2858,2830,2832,-1,2858,2832,2834,-1,2836,2838,2858,-1,2858,2838,2840,-1,2858,2840,2856,-1,2856,2840,2842,-1,2856,2842,2855,-1,2855,2842,2853,-1,2951,2953,2932,-1,2932,2953,2955,-1,2932,2955,2957,-1,2845,2847,2849,-1,2949,2932,2947,-1,2947,2932,2935,-1,2947,2935,2937,-1,2845,2849,2842,-1,2842,2849,2851,-1,2842,2851,2853,-1,2937,2939,2947,-1,2947,2939,2941,-1,2947,2941,2945,-1,2945,2941,2943,-1,2871,2869,2866,-1,2831,2829,2827,-1,2822,2823,2825,-1,2825,2823,2991,-1,2909,2881,2911,-1,2911,2881,2913,-1,2929,2927,2959,-1,2890,2888,2883,-1,2883,2888,2886,-1,2883,2886,2884,-1,2913,2881,2866,-1,2866,2881,2873,-1,2866,2873,2871,-1,2965,2963,2925,-1,2902,2883,2905,-1,2905,2883,2881,-1,2905,2881,2907,-1,2907,2881,2909,-1,2902,2900,2883,-1,2883,2900,2898,-1,2883,2898,2896,-1,2879,2877,2881,-1,2881,2877,2875,-1,2881,2875,2873,-1,2919,2866,2921,-1,2921,2866,2923,-1,2919,2917,2866,-1,2866,2917,2915,-1,2866,2915,2913,-1,2925,2963,2927,-1,2927,2963,2961,-1,2927,2961,2959,-1,2973,2971,2989,-1,2989,2971,2969,-1,2896,2894,2883,-1,2883,2894,2892,-1,2883,2892,2890,-1,2835,2862,2837,-1,2837,2862,2860,-1,2837,2860,2839,-1,2839,2860,2859,-1,2839,2859,2841,-1,2833,2866,2835,-1,2835,2866,2864,-1,2835,2864,2862,-1,2985,2983,2981,-1,2841,2859,2843,-1,2843,2859,2857,-1,2843,2857,2854,-1,2956,2933,2959,-1,2959,2933,2931,-1,2959,2931,2929,-1,2985,2981,2987,-1,2981,2979,2987,-1,2987,2979,2977,-1,2987,2977,2989,-1,2989,2977,2975,-1,2989,2975,2973,-1,2969,2967,2989,-1,2989,2967,2965,-1,2989,2965,2991,-1,2991,2965,2925,-1,2991,2925,2825,-1,2825,2925,2923,-1,2825,2923,2827,-1,2827,2923,2866,-1,2827,2866,2831,-1,2831,2866,2833,-1,2844,2843,2846,-1,2846,2843,2848,-1,2956,2954,2933,-1,2933,2954,2952,-1,2933,2952,2950,-1,2854,2852,2843,-1,2843,2852,2850,-1,2843,2850,2848,-1,2944,2942,2940,-1,2950,2948,2933,-1,2933,2948,2946,-1,2933,2946,2934,-1,2934,2946,2936,-1,2944,2940,2946,-1,2946,2940,2938,-1,2946,2938,2936,-1,2992,2993,2994,-1,2994,2993,2995,-1,2996,2992,2997,-1,2997,2992,2994,-1,2998,2996,2999,-1,2999,2996,2997,-1,3000,2998,3001,-1,3001,2998,2999,-1,3002,3000,3003,-1,3003,3000,3001,-1,3004,3002,3005,-1,3005,3002,3003,-1,3004,3005,3006,-1,3006,3005,3007,-1,3006,3007,3008,-1,3008,3007,3009,-1,3008,3009,3010,-1,3010,3009,3011,-1,3010,3011,3012,-1,3012,3011,3013,-1,3014,3012,3015,-1,3015,3012,3013,-1,3014,3015,3016,-1,3014,3016,3017,-1,3017,3016,3018,-1,3017,3018,3019,-1,3019,3018,3020,-1,3019,3020,3021,-1,3021,3020,3022,-1,3021,3022,3023,-1,3023,3022,3024,-1,3023,3024,3025,-1,3025,3024,3026,-1,3025,3026,3027,-1,3028,3027,3029,-1,3029,3027,3026,-1,3030,3028,3031,-1,3031,3028,3029,-1,3030,3031,3032,-1,3030,3032,3033,-1,3033,3032,3034,-1,3033,3034,3035,-1,3035,3034,3036,-1,3035,3036,3037,-1,3037,3036,3038,-1,3037,3038,3039,-1,3040,3039,3041,-1,3041,3039,3038,-1,3040,3041,3042,-1,3042,3041,3043,-1,3042,3043,3044,-1,3044,3043,3045,-1,3044,3045,3046,-1,3046,3045,3047,-1,3046,3047,3048,-1,3048,3047,3049,-1,3050,3048,3051,-1,3051,3048,3049,-1,3052,3050,3053,-1,3053,3050,3051,-1,3054,3052,3055,-1,3055,3052,3053,-1,3054,3055,3056,-1,3054,3056,3057,-1,3057,3056,3058,-1,3057,3058,3059,-1,3059,3058,3060,-1,3059,3060,3061,-1,3061,3060,3062,-1,3061,3062,3063,-1,3063,3062,3064,-1,3063,3064,3065,-1,3065,3064,3066,-1,3065,3066,3067,-1,3067,3066,3068,-1,3067,3068,3069,-1,3069,3068,3070,-1,3069,3070,3071,-1,3071,3070,3072,-1,3071,3072,3073,-1,3073,3072,3074,-1,3073,3074,3075,-1,3076,3075,3077,-1,3077,3075,3074,-1,3076,3077,3078,-1,3078,3077,3079,-1,3078,3079,3080,-1,3080,3079,3081,-1,3080,3081,3082,-1,3082,3081,3083,-1,3082,3083,3084,-1,3084,3083,3085,-1,3084,3085,3086,-1,3086,3085,3087,-1,3086,3087,3088,-1,3088,3087,3089,-1,3090,3088,3091,-1,3091,3088,3089,-1,3090,3091,3092,-1,3092,3091,3093,-1,3092,3093,3094,-1,3094,3093,3095,-1,3094,3095,3096,-1,3096,3095,3097,-1,3096,3097,3098,-1,3098,3097,3099,-1,3098,3099,3100,-1,3100,3099,3101,-1,3100,3101,3102,-1,3102,3101,3103,-1,3104,3102,3105,-1,3105,3102,3103,-1,3104,3105,3106,-1,3104,3106,3107,-1,3107,3106,3108,-1,3107,3108,3109,-1,3109,3108,3110,-1,3109,3110,3111,-1,3111,3110,3112,-1,3111,3112,3113,-1,3113,3112,3114,-1,3113,3114,3115,-1,3115,3114,3116,-1,3115,3116,3117,-1,3117,3116,3118,-1,3117,3118,3119,-1,3119,3118,3120,-1,3119,3120,3121,-1,3121,3120,3122,-1,3121,3122,3123,-1,3123,3122,3124,-1,3123,3124,3125,-1,3125,3124,3126,-1,3125,3126,3127,-1,3127,3126,3128,-1,3127,3128,3129,-1,3130,3129,3131,-1,3131,3129,3128,-1,3130,3131,3132,-1,3132,3131,3133,-1,3132,3133,3134,-1,3134,3133,3135,-1,3134,3135,3136,-1,3136,3135,3137,-1,3136,3137,3138,-1,3138,3137,3139,-1,3138,3139,3140,-1,3140,3139,3141,-1,3140,3141,3142,-1,3142,3141,3143,-1,3142,3143,3144,-1,3144,3143,3145,-1,3144,3145,3146,-1,3146,3145,3147,-1,3146,3147,3148,-1,3148,3147,3149,-1,3148,3149,3150,-1,3150,3149,3151,-1,3150,3151,3152,-1,3152,3151,3153,-1,3152,3153,3154,-1,3154,3153,3155,-1,3156,3154,3157,-1,3157,3154,3155,-1,3158,3156,3159,-1,3159,3156,3157,-1,3160,3158,3161,-1,3161,3158,3159,-1,3162,3160,3163,-1,3163,3160,3161,-1,2993,3162,2995,-1,2995,3162,3163,-1,2993,2992,3162,-1,3162,2992,2996,-1,3078,3080,3052,-1,3084,3086,2998,-1,2998,3086,2996,-1,3048,3050,3052,-1,3059,3075,3057,-1,3057,3075,3054,-1,3059,3061,3075,-1,3075,3061,3063,-1,3075,3063,3065,-1,3136,3138,3160,-1,3160,3138,3140,-1,3160,3140,3142,-1,3006,3008,3030,-1,3040,3042,3039,-1,3039,3042,3044,-1,3039,3044,3052,-1,3052,3044,3046,-1,3052,3046,3048,-1,3065,3067,3069,-1,3054,3075,3052,-1,3052,3075,3076,-1,3052,3076,3078,-1,3142,3144,3160,-1,3160,3144,3146,-1,3160,3146,3158,-1,3086,3088,2996,-1,2996,3088,3090,-1,2996,3090,3162,-1,3162,3090,3092,-1,3162,3092,3160,-1,3134,3098,3132,-1,3132,3098,3130,-1,3033,3035,3002,-1,3002,3035,3037,-1,3002,3037,3039,-1,3069,3071,3065,-1,3065,3071,3073,-1,3065,3073,3075,-1,3146,3148,3158,-1,3158,3148,3150,-1,3158,3150,3156,-1,3156,3150,3152,-1,3156,3152,3154,-1,3160,3092,3136,-1,3136,3092,3094,-1,3136,3094,3134,-1,3134,3094,3096,-1,3134,3096,3098,-1,3098,3100,3130,-1,3130,3100,3102,-1,3130,3102,3129,-1,3129,3102,3104,-1,3121,3123,3104,-1,3000,3002,2998,-1,2998,3002,3039,-1,2998,3039,3084,-1,3084,3039,3052,-1,3084,3052,3082,-1,3082,3052,3080,-1,3033,3002,3030,-1,3030,3002,3004,-1,3030,3004,3006,-1,3008,3010,3030,-1,3030,3010,3012,-1,3030,3012,3028,-1,3028,3012,3014,-1,3028,3014,3027,-1,3027,3014,3025,-1,3123,3125,3104,-1,3104,3125,3127,-1,3104,3127,3129,-1,3017,3019,3021,-1,3121,3104,3119,-1,3119,3104,3107,-1,3119,3107,3109,-1,3017,3021,3014,-1,3014,3021,3023,-1,3014,3023,3025,-1,3109,3111,3119,-1,3119,3111,3113,-1,3119,3113,3117,-1,3117,3113,3115,-1,3043,3041,3038,-1,3003,3001,2999,-1,2994,2995,2997,-1,2997,2995,3163,-1,3081,3053,3083,-1,3083,3053,3085,-1,3101,3099,3131,-1,3062,3060,3055,-1,3055,3060,3058,-1,3055,3058,3056,-1,3085,3053,3038,-1,3038,3053,3045,-1,3038,3045,3043,-1,3137,3135,3097,-1,3074,3055,3077,-1,3077,3055,3053,-1,3077,3053,3079,-1,3079,3053,3081,-1,3074,3072,3055,-1,3055,3072,3070,-1,3055,3070,3068,-1,3051,3049,3053,-1,3053,3049,3047,-1,3053,3047,3045,-1,3091,3038,3093,-1,3093,3038,3095,-1,3091,3089,3038,-1,3038,3089,3087,-1,3038,3087,3085,-1,3097,3135,3099,-1,3099,3135,3133,-1,3099,3133,3131,-1,3145,3143,3161,-1,3161,3143,3141,-1,3068,3066,3055,-1,3055,3066,3064,-1,3055,3064,3062,-1,3007,3034,3009,-1,3009,3034,3032,-1,3009,3032,3011,-1,3011,3032,3031,-1,3011,3031,3013,-1,3005,3038,3007,-1,3007,3038,3036,-1,3007,3036,3034,-1,3157,3155,3153,-1,3013,3031,3015,-1,3015,3031,3029,-1,3015,3029,3026,-1,3128,3105,3131,-1,3131,3105,3103,-1,3131,3103,3101,-1,3157,3153,3159,-1,3153,3151,3159,-1,3159,3151,3149,-1,3159,3149,3161,-1,3161,3149,3147,-1,3161,3147,3145,-1,3141,3139,3161,-1,3161,3139,3137,-1,3161,3137,3163,-1,3163,3137,3097,-1,3163,3097,2997,-1,2997,3097,3095,-1,2997,3095,2999,-1,2999,3095,3038,-1,2999,3038,3003,-1,3003,3038,3005,-1,3016,3015,3018,-1,3018,3015,3020,-1,3128,3126,3105,-1,3105,3126,3124,-1,3105,3124,3122,-1,3026,3024,3015,-1,3015,3024,3022,-1,3015,3022,3020,-1,3116,3114,3112,-1,3122,3120,3105,-1,3105,3120,3118,-1,3105,3118,3106,-1,3106,3118,3108,-1,3116,3112,3118,-1,3118,3112,3110,-1,3118,3110,3108,-1,
        ]
    }
}
Shape{
    appearance Appearance {
        material  Material 	{
            diffuseColor 0.8941176470588236 0.8941176470588236 0.8941176470588236
            specularColor 0.26666666666666666 0.26666666666666666 0.26666666666666666
            ambientIntensity 0.8941
            transparency 0.0
            shininess 0.5
        }
    }
    geometry IndexedFaceSet {
        ccw TRUE
        solid FALSE
        coord DEF co Coordinate {
            point [
                -3.7795 -0.9941 0.9843, -4.4882 -0.9941 0.9843, -4.4882 -1.4862 0.9843, 4.4882 -1.4862 0.9843, 4.4882 -0.9941 0.9843, 3.7795 -0.9941 0.9843, 3.7795 0.0098 0.9843, -3.7795 0.0098 0.9843, -0.2259 -0.5279 0.0, -0.2262 -0.527 0.0, -0.0591 0.0098 0.0, -0.2446 -0.527 0.0, -3.7795 0.0098 0.0, -3.7795 -0.5279 0.0, -0.2449 -0.5279 0.0, -3.7795 -0.9941 0.0, -3.5433 -1.4862 0.0, -4.4882 -1.4862 0.0, -4.4882 -0.9941 0.0, -3.5433 -1.9587 0.0, -0.2907 -0.6863 0.0, -0.0591 -1.9587 0.0, -0.2686 -0.6863 0.0, -0.1508 -0.547 0.0, -0.1576 -0.5568 0.0, -0.1636 -0.5731 0.0, -0.1802 -0.6863 0.0, -0.1279 -0.6819 0.0, -0.1107 -0.6859 0.0, -0.2557 -0.6375 0.0, -0.2152 -0.6375 0.0, -0.2023 -0.6863 0.0, -0.1182 -0.5302 0.0, -0.1322 -0.5341 0.0, -0.1428 -0.5398 0.0, -0.1618 -0.6473 0.0, -0.1562 -0.6596 0.0, -0.101 -0.6863 0.0, -0.1496 -0.6681 0.0, -0.1404 -0.6757 0.0, -0.0696 -0.6863 0.0, -0.0696 -0.5289 0.0, -0.0591 -0.5279 0.0, -0.101 -0.5289 0.0, -0.1672 -0.6037 0.0, -0.1673 -0.6081 0.0, -0.1657 -0.6307 0.0, 0.2831 -0.5289 0.0, 0.2619 -0.5289 0.0, 0.1221 -0.5279 0.0, 0.1243 -0.5282 0.0, 0.1064 -0.5279 0.0, 0.1014 -0.5286 0.0, 0.0455 -0.5289 0.0, 0.0924 -0.5322 0.0, 0.0842 -0.538 0.0, 0.0765 -0.5468 0.0, 0.0712 -0.5574 0.0, 0.068 -0.5722 0.0, 0.0676 -0.585 0.0, 0.0455 -0.6863 0.0, 0.14 -0.5659 0.0, 0.144 -0.5818 0.0, 0.0878 -0.6237 0.0, 0.1459 -0.6108 0.0, 0.0886 -0.6387 0.0, 0.1435 -0.6398 0.0, 0.1873 -0.6863 0.0, 0.2831 -0.6863 0.0, 3.5433 -1.9587 0.0, 0.0981 -0.6632 0.0, 0.1401 -0.6517 0.0, 0.2619 -0.6688 0.0, 0.1873 -0.6688 0.0, 0.1459 -0.6765 0.0, 0.1542 -0.6679 0.0, 0.1601 -0.6579 0.0, 0.1654 -0.6408 0.0, 4.4882 -0.9941 0.0, 4.4882 -1.4862 0.0, 3.7795 -0.9941 0.0, 3.5433 -1.4862 0.0, 0.0943 -0.6586 0.0, 0.0913 -0.652 0.0, 0.1518 -0.5468 0.0, 0.143 -0.5375 0.0, 0.134 -0.5316 0.0, 0.168 -0.6127 0.0, 0.1655 -0.5816 0.0, 0.1597 -0.5609 0.0, -0.0439 -0.5464 0.0, -0.0485 -0.6688 0.0, -0.0485 -0.6863 0.0, 0.1201 -0.6701 0.0, 0.1145 -0.6707 0.0, -0.0439 -0.5289 0.0, 0.0243 -0.6127 0.0, 0.0243 -0.6688 0.0, -0.0383 -0.6127 0.0, -0.0383 -0.5952 0.0, 0.0243 -0.5952 0.0, 0.0243 -0.5464 0.0, 0.1253 -0.6683 0.0, 0.136 -0.659 0.0, 0.1303 -0.6651 0.0, 0.089 -0.5696 0.0, 0.0917 -0.5597 0.0, 0.1123 -0.5446 0.0, 0.0943 -0.5547 0.0, 0.1063 -0.5455 0.0, 0.0975 -0.5506 0.0, 0.1016 -0.5474 0.0, 0.1203 -0.5454 0.0, 0.1256 -0.5476 0.0, 0.0878 -0.585 0.0, 0.1305 -0.5512 0.0, 0.1353 -0.5567 0.0, 0.1088 -0.6698 0.0, 0.1038 -0.6676 0.0, 0.1136 -0.5445 0.0, 0.0667 -0.6237 0.0, 0.0687 -0.6451 0.0, 0.0729 -0.6597 0.0, 0.0781 -0.6694 0.0, 0.0862 -0.678 0.0, 0.0957 -0.6841 0.0, 0.105 -0.6872 0.0, 0.1145 -0.6882 0.0, 0.1267 -0.6867 0.0, 0.1369 -0.6827 0.0, 0.1136 -0.527 0.0, 3.7795 0.0098 0.0, 3.7795 -0.5279 0.0, -4.4882 0.1083 0.1772, -4.4882 0.1083 0.126, -4.4882 -0.9941 0.126, -4.4882 -1.4862 0.1772, -3.7795 0.1083 0.0787, -3.7795 0.1083 0.9055, -3.4252 0.1083 0.0787, -3.4252 0.1083 0.9055, -4.0748 0.1083 0.1772, -4.4882 0.1083 0.8071, -4.4882 0.1083 0.8583, -4.0748 0.1083 0.8071, -3.8819 0.1083 0.8583, -3.8819 0.1083 0.126, -3.6811 -1.4862 0.1969, -3.5433 -1.4862 0.1969, -3.5433 -1.4862 0.8268, -3.4252 -1.4862 0.8268, -3.4252 -1.4862 0.8661, -4.4882 -1.4862 0.8071, -4.0748 -1.4862 0.8071, -3.6811 -1.4862 0.748, -3.5433 -1.4862 0.748, -4.0748 -1.4862 0.1772, -3.2677 -1.4862 0.8268, -3.0315 -1.4862 0.8268, -3.2677 -1.4862 0.8661, -3.0315 -1.4862 0.8661, -1.2992 -1.4862 0.8661, -1.2992 -1.4862 0.8268, -1.063 -1.4862 0.8268, -2.874 -1.4862 0.8661, -2.874 -1.4862 0.8268, -2.6378 -1.4862 0.8268, -2.6378 -1.4862 0.8661, -2.4803 -1.4862 0.8661, -0.5118 -1.4862 0.8661, -0.5118 -1.4862 0.8268, -0.2756 -1.4862 0.8268, -2.4803 -1.4862 0.8268, -2.2441 -1.4862 0.8268, -2.2441 -1.4862 0.8661, -2.0866 -1.4862 0.8661, -2.0866 -1.4862 0.8268, -1.8504 -1.4862 0.8268, -1.8504 -1.4862 0.8661, -1.6929 -1.4862 0.8661, -1.063 -1.4862 0.8661, -0.9055 -1.4862 0.8661, 0.2756 -1.4862 0.8661, 0.2756 -1.4862 0.8268, 0.5118 -1.4862 0.8268, -1.4567 -1.4862 0.8661, -1.4567 -1.4862 0.8268, -1.6929 -1.4862 0.8268, -0.2756 -1.4862 0.8661, -0.1181 -1.4862 0.8661, -0.6693 -1.4862 0.8661, -0.6693 -1.4862 0.8268, -0.9055 -1.4862 0.8268, 0.5118 -1.4862 0.8661, 0.6693 -1.4862 0.8661, 3.6811 -1.4862 0.1969, 3.5433 -1.4862 0.1969, 0.1181 -1.4862 0.8661, 0.1181 -1.4862 0.8268, -0.1181 -1.4862 0.8268, 1.4567 -1.4862 0.8661, 1.4567 -1.4862 0.8268, 1.6929 -1.4862 0.8268, 1.6929 -1.4862 0.8661, 1.8504 -1.4862 0.8661, 0.6693 -1.4862 0.8268, 0.9055 -1.4862 0.8268, 0.9055 -1.4862 0.8661, 1.063 -1.4862 0.8661, 1.2992 -1.4862 0.8661, 1.2992 -1.4862 0.8268, 1.063 -1.4862 0.8268, 2.2441 -1.4862 0.8661, 2.2441 -1.4862 0.8268, 2.4803 -1.4862 0.8268, 2.4803 -1.4862 0.8661, 2.6378 -1.4862 0.8661, 2.0866 -1.4862 0.8661, 2.0866 -1.4862 0.8268, 1.8504 -1.4862 0.8268, 3.0315 -1.4862 0.8661, 3.0315 -1.4862 0.8268, 3.2677 -1.4862 0.8268, 3.2677 -1.4862 0.8661, 2.874 -1.4862 0.8661, 2.874 -1.4862 0.8268, 2.6378 -1.4862 0.8268, 3.4252 -1.4862 0.8661, 3.4252 -1.4862 0.8268, 3.5433 -1.4862 0.8268, 3.6811 -1.4862 0.748, 3.5433 -1.4862 0.748, 4.4882 -1.4862 0.1772, 4.0748 -1.4862 0.1772, 4.4882 -1.4862 0.8071, 4.0748 -1.4862 0.8071, -4.4882 -0.9941 0.8583, -3.5433 -1.4075 0.748, -3.8819 -0.9941 0.126, -3.8819 -0.9941 0.8583, -3.7795 0.0098 0.9055, -3.7795 0.0098 0.0787, -3.5433 -1.8405 0.2756, -3.4252 -1.8405 0.2756, -3.5433 -1.4075 0.2756, -3.4252 -0.0295 0.2756, -3.6811 -1.4075 0.2756, -3.6811 -0.0295 0.2756, -3.6811 -0.0295 0.748, -3.4252 -1.4075 0.748, -3.4252 -0.0295 0.748, -3.2677 0.1083 0.0787, -3.2677 0.1083 0.9055, -3.0315 0.1083 0.0787, -3.0315 0.1083 0.9055, -3.2677 -1.9587 0.1575, -3.0315 -1.9587 0.1575, -3.0315 -1.9546 0.188, -3.2677 -1.9546 0.188, -3.0315 -1.9428 0.2165, -3.2677 -1.9428 0.2165, -3.0315 -1.9241 0.241, -3.2677 -1.9241 0.241, -3.0315 -1.8996 0.2598, -3.2677 -1.8996 0.2598, -3.0315 -1.8711 0.2716, -3.2677 -1.8711 0.2716, -3.0315 -1.8405 0.2756, -3.2677 -1.8405 0.2756
            ]
        }
        coordIndex [
            0,1,2,-1,3,4,5,-1,6,7,5,-1,5,7,0,-1,5,0,3,-1,3,0,2,-1,8,9,10,-1,10,9,11,-1,10,11,12,-1,12,11,13,-1,13,11,14,-1,13,14,15,-1,16,17,18,-1,18,15,16,-1,16,15,14,-1,16,14,19,-1,19,14,20,-1,19,20,21,-1,21,20,22,-1,23,24,8,-1,8,24,25,-1,26,27,28,-1,29,30,31,-1,32,33,8,-1,8,33,34,-1,8,34,23,-1,35,36,26,-1,28,37,26,-1,26,37,21,-1,26,21,31,-1,31,21,22,-1,31,22,29,-1,36,38,26,-1,26,38,39,-1,26,39,27,-1,40,41,42,-1,42,41,43,-1,25,44,8,-1,8,44,45,-1,8,45,26,-1,26,45,46,-1,26,46,35,-1,47,48,49,-1,49,48,50,-1,51,52,53,-1,53,52,54,-1,54,55,53,-1,53,55,56,-1,53,56,57,-1,57,58,53,-1,53,58,59,-1,53,59,60,-1,61,62,63,-1,63,62,64,-1,63,64,65,-1,65,64,66,-1,67,68,69,-1,70,66,71,-1,48,72,73,-1,74,75,73,-1,73,75,76,-1,73,76,77,-1,78,79,80,-1,80,79,81,-1,70,82,66,-1,66,82,83,-1,66,83,65,-1,84,85,48,-1,48,85,86,-1,48,86,50,-1,77,87,73,-1,73,87,88,-1,73,88,48,-1,48,88,89,-1,48,89,84,-1,90,91,42,-1,21,92,60,-1,71,93,94,-1,51,53,42,-1,42,53,95,-1,42,95,90,-1,37,40,21,-1,21,40,42,-1,21,42,92,-1,92,42,91,-1,96,97,98,-1,98,97,91,-1,98,91,99,-1,99,91,90,-1,99,90,100,-1,100,90,101,-1,93,71,102,-1,102,71,103,-1,102,103,104,-1,105,106,107,-1,107,106,108,-1,107,108,109,-1,109,108,110,-1,109,110,111,-1,112,113,114,-1,114,113,115,-1,114,115,116,-1,94,117,71,-1,71,117,118,-1,71,118,70,-1,105,107,114,-1,114,107,119,-1,114,119,112,-1,116,61,114,-1,114,61,63,-1,114,63,59,-1,59,63,120,-1,59,120,60,-1,60,120,121,-1,121,122,60,-1,60,122,123,-1,60,123,21,-1,21,123,124,-1,21,124,125,-1,125,126,21,-1,21,126,127,-1,21,127,128,-1,69,21,67,-1,67,21,128,-1,67,128,73,-1,73,128,129,-1,73,129,74,-1,49,130,10,-1,10,131,49,-1,49,131,132,-1,49,132,47,-1,47,132,80,-1,47,80,68,-1,68,80,81,-1,68,81,69,-1,130,51,10,-1,10,51,42,-1,10,42,8,-1,8,42,43,-1,8,43,32,-1,133,134,135,-1,18,17,135,-1,135,17,136,-1,135,136,133,-1,137,138,139,-1,139,138,140,-1,134,133,141,-1,142,143,144,-1,144,143,145,-1,144,145,141,-1,141,145,146,-1,141,146,134,-1,17,16,147,-1,147,16,148,-1,149,150,151,-1,2,152,153,-1,154,155,149,-1,136,17,156,-1,156,17,147,-1,156,147,153,-1,153,147,154,-1,153,154,2,-1,2,154,149,-1,157,158,159,-1,159,158,160,-1,161,162,163,-1,149,151,2,-1,2,151,159,-1,2,159,3,-1,3,159,160,-1,3,160,164,-1,165,166,164,-1,164,166,167,-1,164,167,3,-1,3,167,168,-1,169,170,171,-1,172,173,168,-1,168,173,174,-1,168,174,3,-1,3,174,175,-1,176,177,175,-1,175,177,178,-1,175,178,3,-1,3,178,179,-1,3,180,181,-1,182,183,184,-1,163,180,161,-1,161,180,3,-1,161,3,185,-1,185,3,179,-1,185,179,186,-1,186,179,187,-1,188,189,3,-1,171,188,169,-1,169,188,3,-1,169,3,190,-1,190,3,181,-1,190,181,191,-1,191,181,192,-1,193,194,3,-1,195,196,81,-1,184,193,182,-1,182,193,3,-1,182,3,197,-1,197,3,189,-1,197,189,198,-1,198,189,199,-1,200,201,202,-1,203,204,3,-1,205,206,194,-1,194,206,207,-1,194,207,3,-1,3,207,208,-1,202,203,200,-1,200,203,3,-1,200,3,209,-1,209,3,208,-1,209,208,210,-1,210,208,211,-1,212,213,214,-1,215,216,3,-1,214,215,212,-1,212,215,3,-1,212,3,217,-1,217,3,204,-1,217,204,218,-1,218,204,219,-1,220,221,222,-1,222,223,220,-1,220,223,3,-1,220,3,224,-1,224,3,216,-1,224,216,225,-1,225,216,226,-1,227,228,229,-1,223,227,3,-1,3,227,229,-1,3,229,230,-1,230,229,231,-1,79,232,233,-1,234,3,235,-1,235,3,230,-1,235,230,233,-1,233,230,195,-1,233,195,79,-1,79,195,81,-1,143,142,236,-1,236,142,152,-1,236,152,1,-1,1,152,2,-1,149,155,237,-1,238,135,146,-1,146,135,134,-1,236,1,239,-1,239,1,0,-1,239,0,238,-1,238,0,15,-1,238,15,135,-1,135,15,18,-1,145,143,239,-1,239,143,236,-1,13,15,0,-1,0,7,240,-1,138,137,240,-1,240,137,241,-1,240,241,0,-1,0,241,12,-1,0,12,13,-1,145,239,146,-1,146,239,238,-1,156,153,141,-1,141,153,144,-1,136,156,133,-1,133,156,141,-1,153,152,144,-1,144,152,142,-1,242,243,244,-1,244,243,245,-1,244,245,246,-1,246,245,247,-1,247,248,246,-1,246,248,154,-1,246,154,147,-1,155,154,237,-1,237,154,248,-1,237,248,249,-1,249,248,250,-1,250,248,245,-1,245,248,247,-1,148,244,147,-1,147,244,246,-1,251,252,253,-1,253,252,254,-1,255,256,257,-1,255,257,258,-1,258,257,259,-1,258,259,260,-1,260,259,261,-1,260,261,262,-1,262,261,263,-1,262,263,264,-1,264,263,265,-1,264,265,266,-1,266,265,267,-1,266,267,268,-1,
        ]
    }
}
Shape{
    appearance Appearance {
        material  Material 	{
            diffuseColor 0.6784313725490196 0.6784313725490196 0.6784313725490196
            specularColor 0.047058823529411764 0.047058823529411764 0.047058823529411764
            ambientIntensity 0.9686
            transparency 0.0
            shininess 0.5
        }
    }
    geometry IndexedFaceSet {
        ccw TRUE
        solid FALSE
        coord DEF co Coordinate {
            point [
                -3.0315 -1.8405 0.2756, -3.0315 -0.0295 0.2756, -3.2677 -1.8405 0.2756, -3.2677 -0.0295 0.2756, -3.2677 -0.0295 0.748, -3.0315 -0.0295 0.748
            ]
        }
        coordIndex [
            0,1,2,-1,2,1,3,-1,3,1,4,-1,4,1,5,-1,
        ]
    }
}
Shape{
    appearance Appearance {
        material  Material 	{
            diffuseColor 0.8941176470588236 0.8941176470588236 0.8941176470588236
            specularColor 0.26666666666666666 0.26666666666666666 0.26666666666666666
            ambientIntensity 0.8941
            transparency 0.0
            shininess 0.5
        }
    }
    geometry IndexedFaceSet {
        ccw TRUE
        solid FALSE
        coord DEF co Coordinate {
            point [
                -3.2677 -0.0295 0.748, -3.0315 -0.0295 0.748, -3.2677 -1.4075 0.748, -3.0315 -1.4075 0.748, -3.2677 -1.4862 0.8268, -3.0315 -1.4862 0.8268, 3.5433 -1.9587 0.1575, 3.4252 -1.9587 0.1575, 3.5433 -1.9587 0.0, 3.2677 -1.9587 0.1575, -0.2756 -1.9587 0.1575, -0.5118 -1.9587 0.1575, -0.0591 -1.9587 0.0, -0.6693 -1.9587 0.1575, -0.9055 -1.9587 0.1575, 3.0315 -1.9587 0.1575, 2.874 -1.9587 0.1575, 2.6378 -1.9587 0.1575, -1.063 -1.9587 0.1575, -1.2992 -1.9587 0.1575, -1.4567 -1.9587 0.1575, 2.4803 -1.9587 0.1575, 2.2441 -1.9587 0.1575, 2.0866 -1.9587 0.1575, -1.6929 -1.9587 0.1575, -1.8504 -1.9587 0.1575, -3.5433 -1.9587 0.0, 1.8504 -1.9587 0.1575, 1.6929 -1.9587 0.1575, 1.4567 -1.9587 0.1575, -2.0866 -1.9587 0.1575, -2.2441 -1.9587 0.1575, -2.4803 -1.9587 0.1575, 1.2992 -1.9587 0.1575, 1.063 -1.9587 0.1575, 0.9055 -1.9587 0.1575, -2.6378 -1.9587 0.1575, -2.874 -1.9587 0.1575, -3.0315 -1.9587 0.1575, -3.2677 -1.9587 0.1575, -3.4252 -1.9587 0.1575, -3.5433 -1.9587 0.1575, 0.6693 -1.9587 0.1575, 0.5118 -1.9587 0.1575, 0.2756 -1.9587 0.1575, 0.1181 -1.9587 0.1575, -0.1181 -1.9587 0.1575, -3.4252 -1.9546 0.188, -3.5433 -1.9546 0.188, -3.4252 -1.9428 0.2165, -3.5433 -1.9428 0.2165, -3.4252 -1.9241 0.241, -3.5433 -1.9241 0.241, -3.4252 -1.8996 0.2598, -3.5433 -1.8996 0.2598, -3.4252 -1.8711 0.2716, -3.5433 -1.8711 0.2716, -3.4252 -1.8405 0.2756, -3.5433 -1.8405 0.2756, -3.5433 -1.4862 0.8268, -3.5433 -1.4075 0.748, -3.4252 -1.4862 0.8268, -3.4252 -1.4075 0.748, -3.5433 -1.4862 0.1969, -3.5433 -1.4075 0.2756, -3.5433 -1.4862 0.0, -3.2677 0.0098 0.8661, -3.2677 -1.4862 0.8661, -3.4252 0.0098 0.8661, -3.4252 -1.4862 0.8661, -3.2677 0.0098 0.1575, -3.4252 0.0098 0.1575, -0.6693 0.0098 0.0787, -0.6693 0.0098 0.1575, -0.5118 0.0098 0.1575, -0.0591 0.0098 0.0, -3.7795 0.0098 0.0, -3.4252 0.0098 0.0787, -3.7795 0.0098 0.0787, -0.5118 0.0098 0.0787, -0.2756 0.0098 0.0787, -3.0315 0.0098 0.0787, -3.0315 0.0098 0.1575, -2.874 0.0098 0.1575, -0.2756 0.0098 0.1575, -0.1181 0.0098 0.1575, -0.1181 0.0098 0.0787, 0.1181 0.0098 0.0787, 3.7795 0.0098 0.0, 0.5118 0.0098 0.0787, 0.5118 0.0098 0.1575, 0.6693 0.0098 0.1575, -2.874 0.0098 0.0787, -2.6378 0.0098 0.0787, -3.2677 0.0098 0.0787, -2.2441 0.0098 0.0787, -2.2441 0.0098 0.1575, -2.0866 0.0098 0.1575, -2.0866 0.0098 0.0787, -1.8504 0.0098 0.0787, -2.4803 0.0098 0.0787, -2.4803 0.0098 0.1575, -2.6378 0.0098 0.1575, 0.6693 0.0098 0.0787, 0.9055 0.0098 0.0787, 1.2992 0.0098 0.0787, 1.2992 0.0098 0.1575, 1.4567 0.0098 0.1575, 3.4252 0.0098 0.0787, 3.7795 0.0098 0.0787, 0.2756 0.0098 0.0787, 0.2756 0.0098 0.1575, 0.1181 0.0098 0.1575, -1.4567 0.0098 0.0787, -1.4567 0.0098 0.1575, -1.2992 0.0098 0.1575, -1.2992 0.0098 0.0787, -1.063 0.0098 0.0787, 1.4567 0.0098 0.0787, 1.6929 0.0098 0.0787, -1.6929 0.0098 0.0787, -1.6929 0.0098 0.1575, -1.8504 0.0098 0.1575, -0.9055 0.0098 0.0787, -0.9055 0.0098 0.1575, -1.063 0.0098 0.1575, 0.9055 0.0098 0.1575, 1.063 0.0098 0.1575, 1.063 0.0098 0.0787, 2.0866 0.0098 0.0787, 2.0866 0.0098 0.1575, 2.2441 0.0098 0.1575, 2.2441 0.0098 0.0787, 2.4803 0.0098 0.0787, 1.8504 0.0098 0.0787, 1.8504 0.0098 0.1575, 1.6929 0.0098 0.1575, 3.2677 0.0098 0.0787, 3.2677 0.0098 0.1575, 3.4252 0.0098 0.1575, 2.4803 0.0098 0.1575, 2.6378 0.0098 0.1575, 2.6378 0.0098 0.0787, 2.874 0.0098 0.0787, 2.874 0.0098 0.1575, 3.0315 0.0098 0.1575, 3.0315 0.0098 0.0787, -3.4252 0.0098 0.9055, -3.7795 0.0098 0.9055, -3.7795 0.0098 0.9843, -2.2441 0.0098 0.9055, -2.4803 0.0098 0.9055, 1.8504 0.0098 0.9055, 1.8504 0.0098 0.8661, 1.6929 0.0098 0.8661, -3.2677 0.0098 0.9055, -0.9055 0.0098 0.9055, -0.9055 0.0098 0.8661, -1.063 0.0098 0.8661, -2.0866 0.0098 0.9055, -2.0866 0.0098 0.8661, -2.2441 0.0098 0.8661, 3.0315 0.0098 0.9055, 3.0315 0.0098 0.8661, 2.874 0.0098 0.8661, 1.063 0.0098 0.9055, 1.063 0.0098 0.8661, 0.9055 0.0098 0.8661, -2.874 0.0098 0.9055, -2.6378 0.0098 0.9055, -2.6378 0.0098 0.8661, -2.4803 0.0098 0.8661, 3.7795 0.0098 0.9843, 1.6929 0.0098 0.9055, 1.4567 0.0098 0.9055, -1.063 0.0098 0.9055, -1.2992 0.0098 0.9055, -3.0315 0.0098 0.9055, -3.0315 0.0098 0.8661, -2.874 0.0098 0.8661, 3.7795 0.0098 0.9055, 3.4252 0.0098 0.9055, 2.874 0.0098 0.9055, 2.6378 0.0098 0.9055, 2.6378 0.0098 0.8661, 2.4803 0.0098 0.8661, 2.4803 0.0098 0.9055, 2.2441 0.0098 0.9055, 2.2441 0.0098 0.8661, 2.0866 0.0098 0.8661, 2.0866 0.0098 0.9055, -0.1181 0.0098 0.9055, -0.1181 0.0098 0.8661, -0.2756 0.0098 0.8661, 3.4252 0.0098 0.8661, 3.2677 0.0098 0.8661, 3.2677 0.0098 0.9055, 0.9055 0.0098 0.9055, 0.6693 0.0098 0.9055, -1.6929 0.0098 0.9055, -1.4567 0.0098 0.9055, -1.4567 0.0098 0.8661, -1.2992 0.0098 0.8661, -1.8504 0.0098 0.9055, -1.8504 0.0098 0.8661, -1.6929 0.0098 0.8661, 1.4567 0.0098 0.8661, 1.2992 0.0098 0.8661, 1.2992 0.0098 0.9055, -0.5118 0.0098 0.8661, -0.6693 0.0098 0.8661, -0.5118 0.0098 0.9055, -0.6693 0.0098 0.9055, 0.6693 0.0098 0.8661, 0.5118 0.0098 0.8661, 0.5118 0.0098 0.9055, 0.2756 0.0098 0.9055, -0.2756 0.0098 0.9055, 0.2756 0.0098 0.8661, 0.1181 0.0098 0.8661, 0.1181 0.0098 0.9055, -3.2677 0.1083 0.0787, -3.2677 -1.8405 0.2756, -3.2677 -0.0295 0.2756, -3.2677 0.1083 0.9055, -3.2677 -1.9546 0.188, -3.2677 -1.9428 0.2165, -3.2677 -1.9241 0.241, -3.2677 -1.8996 0.2598, -3.2677 -1.8711 0.2716, -3.4252 0.1083 0.0787, -3.4252 0.1083 0.9055, -3.4252 -0.0295 0.2756, -3.4252 -0.0295 0.748, -2.874 0.1083 0.0787, -2.874 0.1083 0.9055, -2.6378 0.1083 0.0787, -2.6378 0.1083 0.9055, -2.6378 -1.9546 0.188, -2.874 -1.9546 0.188, -2.6378 -1.9428 0.2165, -2.874 -1.9428 0.2165, -2.6378 -1.9241 0.241, -2.874 -1.9241 0.241, -2.6378 -1.8996 0.2598, -2.874 -1.8996 0.2598, -2.6378 -1.8711 0.2716, -2.874 -1.8711 0.2716, -2.6378 -1.8405 0.2756, -2.874 -1.8405 0.2756
            ]
        }
        coordIndex [
            0,1,2,-1,2,1,3,-1,2,3,4,-1,4,3,5,-1,6,7,8,-1,8,7,9,-1,10,11,12,-1,12,11,13,-1,12,13,14,-1,9,15,8,-1,8,15,16,-1,8,16,17,-1,14,18,12,-1,12,18,19,-1,12,19,20,-1,17,21,8,-1,8,21,22,-1,8,22,23,-1,20,24,12,-1,12,24,25,-1,12,25,26,-1,23,27,8,-1,8,27,28,-1,8,28,12,-1,12,28,29,-1,25,30,26,-1,26,30,31,-1,26,31,32,-1,29,33,12,-1,12,33,34,-1,12,34,35,-1,32,36,26,-1,26,36,37,-1,26,37,38,-1,38,39,26,-1,26,39,40,-1,26,40,41,-1,35,42,12,-1,12,42,43,-1,12,43,44,-1,44,45,12,-1,12,45,46,-1,12,46,10,-1,41,40,47,-1,41,47,48,-1,48,47,49,-1,48,49,50,-1,50,49,51,-1,50,51,52,-1,52,51,53,-1,52,53,54,-1,54,53,55,-1,54,55,56,-1,56,55,57,-1,56,57,58,-1,59,60,61,-1,61,60,62,-1,56,58,63,-1,63,58,64,-1,63,65,26,-1,52,54,56,-1,26,41,63,-1,63,41,48,-1,63,48,56,-1,56,48,50,-1,56,50,52,-1,66,67,68,-1,68,67,69,-1,39,70,40,-1,40,70,71,-1,72,73,74,-1,75,76,77,-1,77,76,78,-1,79,80,75,-1,81,82,83,-1,84,85,80,-1,80,85,86,-1,80,86,75,-1,75,86,87,-1,75,87,88,-1,89,90,91,-1,92,93,75,-1,83,92,81,-1,81,92,75,-1,81,75,94,-1,94,75,77,-1,94,77,70,-1,70,77,71,-1,95,96,97,-1,98,99,75,-1,97,98,95,-1,95,98,75,-1,95,75,100,-1,100,75,93,-1,100,93,101,-1,101,93,102,-1,103,104,88,-1,105,106,107,-1,108,109,88,-1,91,103,89,-1,89,103,88,-1,89,88,110,-1,110,88,87,-1,110,87,111,-1,111,87,112,-1,113,114,115,-1,116,117,75,-1,118,119,88,-1,115,116,113,-1,113,116,75,-1,113,75,120,-1,120,75,99,-1,120,99,121,-1,121,99,122,-1,74,79,72,-1,72,79,75,-1,72,75,123,-1,123,75,117,-1,123,117,124,-1,124,117,125,-1,126,127,104,-1,104,127,128,-1,104,128,88,-1,88,128,105,-1,88,105,118,-1,118,105,107,-1,129,130,131,-1,132,133,88,-1,131,132,129,-1,129,132,88,-1,129,88,134,-1,134,88,119,-1,134,119,135,-1,135,119,136,-1,137,138,139,-1,140,141,133,-1,133,141,142,-1,133,142,88,-1,88,142,143,-1,144,145,143,-1,143,145,146,-1,143,146,88,-1,88,146,137,-1,88,137,108,-1,108,137,139,-1,147,148,149,-1,150,151,149,-1,152,153,154,-1,155,66,68,-1,156,157,158,-1,159,160,161,-1,162,163,164,-1,165,166,167,-1,168,149,169,-1,169,149,151,-1,169,151,170,-1,170,151,171,-1,172,173,174,-1,175,176,149,-1,68,147,155,-1,155,147,149,-1,155,149,177,-1,177,149,168,-1,177,168,178,-1,178,168,179,-1,172,180,181,-1,172,182,183,-1,184,185,183,-1,183,185,186,-1,183,186,172,-1,172,186,187,-1,188,189,187,-1,187,189,190,-1,187,190,172,-1,172,190,152,-1,172,152,173,-1,173,152,154,-1,191,192,193,-1,194,195,181,-1,181,195,196,-1,181,196,172,-1,172,196,162,-1,172,162,182,-1,182,162,164,-1,197,198,172,-1,199,149,200,-1,200,149,176,-1,200,176,201,-1,201,176,202,-1,161,150,159,-1,159,150,149,-1,159,149,203,-1,203,149,199,-1,203,199,204,-1,204,199,205,-1,206,207,174,-1,174,207,208,-1,174,208,172,-1,172,208,165,-1,172,165,197,-1,197,165,167,-1,209,210,211,-1,211,210,212,-1,213,214,198,-1,198,214,215,-1,198,215,172,-1,172,215,216,-1,158,175,156,-1,156,175,149,-1,156,149,212,-1,212,149,172,-1,212,172,211,-1,211,172,217,-1,218,219,216,-1,216,219,220,-1,216,220,172,-1,172,220,191,-1,172,191,217,-1,217,191,193,-1,221,94,70,-1,222,223,70,-1,221,70,224,-1,224,70,223,-1,224,223,0,-1,70,39,222,-1,222,39,225,-1,222,225,226,-1,226,227,222,-1,222,227,228,-1,222,228,229,-1,155,224,66,-1,66,224,0,-1,66,0,67,-1,67,0,2,-1,67,2,4,-1,230,231,68,-1,68,231,147,-1,232,230,233,-1,233,230,68,-1,233,68,62,-1,62,68,69,-1,62,69,61,-1,77,230,71,-1,71,230,232,-1,71,232,40,-1,40,232,57,-1,51,57,53,-1,53,57,55,-1,51,49,57,-1,57,49,47,-1,57,47,40,-1,234,235,236,-1,236,235,237,-1,37,36,238,-1,37,238,239,-1,239,238,240,-1,239,240,241,-1,241,240,242,-1,241,242,243,-1,243,242,244,-1,243,244,245,-1,245,244,246,-1,245,246,247,-1,247,246,248,-1,247,248,249,-1,
        ]
    }
}
Shape{
    appearance Appearance {
        material  Material 	{
            diffuseColor 0.6784313725490196 0.6784313725490196 0.6784313725490196
            specularColor 0.047058823529411764 0.047058823529411764 0.047058823529411764
            ambientIntensity 0.9686
            transparency 0.0
            shininess 0.5
        }
    }
    geometry IndexedFaceSet {
        ccw TRUE
        solid FALSE
        coord DEF co Coordinate {
            point [
                -2.6378 -1.8405 0.2756, -2.6378 -0.0295 0.2756, -2.874 -1.8405 0.2756, -2.874 -0.0295 0.2756, -2.874 -0.0295 0.748, -2.6378 -0.0295 0.748
            ]
        }
        coordIndex [
            0,1,2,-1,2,1,3,-1,3,1,4,-1,4,1,5,-1,
        ]
    }
}
Shape{
    appearance Appearance {
        material  Material 	{
            diffuseColor 0.8941176470588236 0.8941176470588236 0.8941176470588236
            specularColor 0.26666666666666666 0.26666666666666666 0.26666666666666666
            ambientIntensity 0.8941
            transparency 0.0
            shininess 0.5
        }
    }
    geometry IndexedFaceSet {
        ccw TRUE
        solid FALSE
        coord DEF co Coordinate {
            point [
                -2.874 -0.0295 0.748, -2.6378 -0.0295 0.748, -2.874 -1.4075 0.748, -2.6378 -1.4075 0.748, -2.874 -1.4862 0.8268, -2.6378 -1.4862 0.8268, -2.874 0.0098 0.8661, -2.874 -1.4862 0.8661, -3.0315 0.0098 0.8661, -3.0315 -1.4862 0.8661, -2.874 -1.9587 0.1575, -2.874 0.0098 0.1575, -3.0315 -1.9587 0.1575, -3.0315 0.0098 0.1575, -2.874 0.1083 0.0787, -2.874 0.0098 0.0787, -2.874 -1.8405 0.2756, -2.874 -0.0295 0.2756, -2.874 0.1083 0.9055, -2.874 -1.9546 0.188, -2.874 -1.9428 0.2165, -2.874 -1.9241 0.241, -2.874 -1.8996 0.2598, -2.874 -1.8711 0.2716, -2.874 0.0098 0.9055, -3.0315 0.1083 0.0787, -3.0315 0.1083 0.9055, -3.0315 0.0098 0.9055, -3.0315 -0.0295 0.2756, -3.0315 -0.0295 0.748, -3.0315 -1.4075 0.748, -3.0315 -1.4862 0.8268, -3.0315 0.0098 0.0787, -3.0315 -1.8405 0.2756, -3.0315 -1.9241 0.241, -3.0315 -1.8996 0.2598, -3.0315 -1.8711 0.2716, -3.0315 -1.9428 0.2165, -3.0315 -1.9546 0.188, -2.4803 0.1083 0.0787, -2.4803 0.1083 0.9055, -2.2441 0.1083 0.0787, -2.2441 0.1083 0.9055, -2.4803 -1.9587 0.1575, -2.2441 -1.9587 0.1575, -2.2441 -1.9546 0.188, -2.4803 -1.9546 0.188, -2.2441 -1.9428 0.2165, -2.4803 -1.9428 0.2165, -2.2441 -1.9241 0.241, -2.4803 -1.9241 0.241, -2.2441 -1.8996 0.2598, -2.4803 -1.8996 0.2598, -2.2441 -1.8711 0.2716, -2.4803 -1.8711 0.2716, -2.2441 -1.8405 0.2756, -2.4803 -1.8405 0.2756
            ]
        }
        coordIndex [
            0,1,2,-1,2,1,3,-1,2,3,4,-1,4,3,5,-1,6,7,8,-1,8,7,9,-1,10,11,12,-1,12,11,13,-1,14,15,11,-1,16,17,11,-1,14,11,18,-1,18,11,17,-1,18,17,0,-1,11,10,16,-1,16,10,19,-1,16,19,20,-1,20,21,16,-1,16,21,22,-1,16,22,23,-1,24,18,6,-1,6,18,0,-1,6,0,7,-1,7,0,2,-1,7,2,4,-1,25,26,8,-1,8,26,27,-1,28,25,29,-1,29,25,8,-1,29,8,30,-1,30,8,9,-1,30,9,31,-1,32,25,13,-1,13,25,28,-1,13,28,12,-1,12,28,33,-1,34,33,35,-1,35,33,36,-1,34,37,33,-1,33,37,38,-1,33,38,12,-1,39,40,41,-1,41,40,42,-1,43,44,45,-1,43,45,46,-1,46,45,47,-1,46,47,48,-1,48,47,49,-1,48,49,50,-1,50,49,51,-1,50,51,52,-1,52,51,53,-1,52,53,54,-1,54,53,55,-1,54,55,56,-1,
        ]
    }
}
Shape{
    appearance Appearance {
        material  Material 	{
            diffuseColor 0.6784313725490196 0.6784313725490196 0.6784313725490196
            specularColor 0.047058823529411764 0.047058823529411764 0.047058823529411764
            ambientIntensity 0.9686
            transparency 0.0
            shininess 0.5
        }
    }
    geometry IndexedFaceSet {
        ccw TRUE
        solid FALSE
        coord DEF co Coordinate {
            point [
                -2.2441 -1.8405 0.2756, -2.2441 -0.0295 0.2756, -2.4803 -1.8405 0.2756, -2.4803 -0.0295 0.2756, -2.4803 -0.0295 0.748, -2.2441 -0.0295 0.748
            ]
        }
        coordIndex [
            0,1,2,-1,2,1,3,-1,3,1,4,-1,4,1,5,-1,
        ]
    }
}
Shape{
    appearance Appearance {
        material  Material 	{
            diffuseColor 0.8941176470588236 0.8941176470588236 0.8941176470588236
            specularColor 0.26666666666666666 0.26666666666666666 0.26666666666666666
            ambientIntensity 0.8941
            transparency 0.0
            shininess 0.5
        }
    }
    geometry IndexedFaceSet {
        ccw TRUE
        solid FALSE
        coord DEF co Coordinate {
            point [
                -2.4803 -0.0295 0.748, -2.2441 -0.0295 0.748, -2.4803 -1.4075 0.748, -2.2441 -1.4075 0.748, -2.4803 -1.4862 0.8268, -2.2441 -1.4862 0.8268, -2.4803 0.0098 0.8661, -2.4803 -1.4862 0.8661, -2.6378 0.0098 0.8661, -2.6378 -1.4862 0.8661, -2.4803 -1.9587 0.1575, -2.4803 0.0098 0.1575, -2.6378 -1.9587 0.1575, -2.6378 0.0098 0.1575, -2.4803 0.1083 0.0787, -2.4803 0.0098 0.0787, -2.4803 -1.8405 0.2756, -2.4803 -0.0295 0.2756, -2.4803 0.1083 0.9055, -2.4803 -1.9546 0.188, -2.4803 -1.9428 0.2165, -2.4803 -1.9241 0.241, -2.4803 -1.8996 0.2598, -2.4803 -1.8711 0.2716, -2.4803 0.0098 0.9055, -2.6378 0.1083 0.0787, -2.6378 0.1083 0.9055, -2.6378 0.0098 0.9055, -2.6378 -0.0295 0.2756, -2.6378 -0.0295 0.748, -2.6378 -1.4075 0.748, -2.6378 -1.4862 0.8268, -2.6378 0.0098 0.0787, -2.6378 -1.8405 0.2756, -2.6378 -1.9241 0.241, -2.6378 -1.8996 0.2598, -2.6378 -1.8711 0.2716, -2.6378 -1.9428 0.2165, -2.6378 -1.9546 0.188, -2.0866 0.1083 0.0787, -2.0866 0.1083 0.9055, -1.8504 0.1083 0.0787, -1.8504 0.1083 0.9055, -2.0866 -1.9587 0.1575, -1.8504 -1.9587 0.1575, -1.8504 -1.9546 0.188, -2.0866 -1.9546 0.188, -1.8504 -1.9428 0.2165, -2.0866 -1.9428 0.2165, -1.8504 -1.9241 0.241, -2.0866 -1.9241 0.241, -1.8504 -1.8996 0.2598, -2.0866 -1.8996 0.2598, -1.8504 -1.8711 0.2716, -2.0866 -1.8711 0.2716, -1.8504 -1.8405 0.2756, -2.0866 -1.8405 0.2756
            ]
        }
        coordIndex [
            0,1,2,-1,2,1,3,-1,2,3,4,-1,4,3,5,-1,6,7,8,-1,8,7,9,-1,10,11,12,-1,12,11,13,-1,14,15,11,-1,16,17,11,-1,14,11,18,-1,18,11,17,-1,18,17,0,-1,11,10,16,-1,16,10,19,-1,16,19,20,-1,20,21,16,-1,16,21,22,-1,16,22,23,-1,24,18,6,-1,6,18,0,-1,6,0,7,-1,7,0,2,-1,7,2,4,-1,25,26,8,-1,8,26,27,-1,28,25,29,-1,29,25,8,-1,29,8,30,-1,30,8,9,-1,30,9,31,-1,32,25,13,-1,13,25,28,-1,13,28,12,-1,12,28,33,-1,34,33,35,-1,35,33,36,-1,34,37,33,-1,33,37,38,-1,33,38,12,-1,39,40,41,-1,41,40,42,-1,43,44,45,-1,43,45,46,-1,46,45,47,-1,46,47,48,-1,48,47,49,-1,48,49,50,-1,50,49,51,-1,50,51,52,-1,52,51,53,-1,52,53,54,-1,54,53,55,-1,54,55,56,-1,
        ]
    }
}
Shape{
    appearance Appearance {
        material  Material 	{
            diffuseColor 0.6784313725490196 0.6784313725490196 0.6784313725490196
            specularColor 0.047058823529411764 0.047058823529411764 0.047058823529411764
            ambientIntensity 0.9686
            transparency 0.0
            shininess 0.5
        }
    }
    geometry IndexedFaceSet {
        ccw TRUE
        solid FALSE
        coord DEF co Coordinate {
            point [
                -1.8504 -1.8405 0.2756, -1.8504 -0.0295 0.2756, -2.0866 -1.8405 0.2756, -2.0866 -0.0295 0.2756, -2.0866 -0.0295 0.748, -1.8504 -0.0295 0.748
            ]
        }
        coordIndex [
            0,1,2,-1,2,1,3,-1,3,1,4,-1,4,1,5,-1,
        ]
    }
}
Shape{
    appearance Appearance {
        material  Material 	{
            diffuseColor 0.8941176470588236 0.8941176470588236 0.8941176470588236
            specularColor 0.26666666666666666 0.26666666666666666 0.26666666666666666
            ambientIntensity 0.8941
            transparency 0.0
            shininess 0.5
        }
    }
    geometry IndexedFaceSet {
        ccw TRUE
        solid FALSE
        coord DEF co Coordinate {
            point [
                -2.0866 -0.0295 0.748, -1.8504 -0.0295 0.748, -2.0866 -1.4075 0.748, -1.8504 -1.4075 0.748, -2.0866 -1.4862 0.8268, -1.8504 -1.4862 0.8268, -2.0866 0.0098 0.8661, -2.0866 -1.4862 0.8661, -2.2441 0.0098 0.8661, -2.2441 -1.4862 0.8661, -2.0866 -1.9587 0.1575, -2.0866 0.0098 0.1575, -2.2441 -1.9587 0.1575, -2.2441 0.0098 0.1575, -2.0866 0.1083 0.0787, -2.0866 0.0098 0.0787, -2.0866 -1.8405 0.2756, -2.0866 -0.0295 0.2756, -2.0866 0.1083 0.9055, -2.0866 -1.9546 0.188, -2.0866 -1.9428 0.2165, -2.0866 -1.9241 0.241, -2.0866 -1.8996 0.2598, -2.0866 -1.8711 0.2716, -2.0866 0.0098 0.9055, -2.2441 0.1083 0.9055, -2.2441 0.0098 0.9055, -2.2441 -0.0295 0.748, -2.2441 -0.0295 0.2756, -2.2441 0.1083 0.0787, -2.2441 -1.4075 0.748, -2.2441 -1.4862 0.8268, -2.2441 0.0098 0.0787, -2.2441 -1.8405 0.2756, -2.2441 -1.9241 0.241, -2.2441 -1.8996 0.2598, -2.2441 -1.8711 0.2716, -2.2441 -1.9428 0.2165, -2.2441 -1.9546 0.188, 3.5433 -1.4862 0.8268, 3.5433 -1.4075 0.748, 3.5433 -1.4862 0.748, 4.4882 0.1083 0.126, 4.4882 0.1083 0.1772, 4.4882 -0.9941 0.126, 4.4882 -1.4862 0.1772, 4.4882 -0.9941 0.0, 4.4882 -1.4862 0.0, 3.4252 0.1083 0.0787, 3.4252 0.1083 0.9055, 3.7795 0.1083 0.0787, 3.7795 0.1083 0.9055, 4.4882 0.1083 0.8583, 4.4882 0.1083 0.8071, 4.0748 0.1083 0.8071, 4.0748 0.1083 0.1772, 3.8819 0.1083 0.126, 3.8819 0.1083 0.8583, 4.4882 -0.9941 0.8583, 4.4882 -0.9941 0.9843, 4.4882 -1.4862 0.9843, 4.4882 -1.4862 0.8071, 3.8819 -0.9941 0.126, 3.7795 -0.9941 0.0, 3.8819 -0.9941 0.8583, 3.7795 -0.9941 0.9843, 3.7795 0.0098 0.0, 3.7795 0.0098 0.0787, 3.7795 -0.5279 0.0, 3.7795 0.0098 0.9843, 3.7795 0.0098 0.9055, 4.0748 -1.4862 0.8071, 4.0748 -1.4862 0.1772
            ]
        }
        coordIndex [
            0,1,2,-1,2,1,3,-1,2,3,4,-1,4,3,5,-1,6,7,8,-1,8,7,9,-1,10,11,12,-1,12,11,13,-1,14,15,11,-1,16,17,11,-1,14,11,18,-1,18,11,17,-1,18,17,0,-1,11,10,16,-1,16,10,19,-1,16,19,20,-1,20,21,16,-1,16,21,22,-1,16,22,23,-1,24,18,6,-1,6,18,0,-1,6,0,7,-1,7,0,2,-1,7,2,4,-1,25,26,8,-1,27,28,29,-1,29,25,27,-1,27,25,8,-1,27,8,30,-1,30,8,9,-1,30,9,31,-1,32,29,13,-1,13,29,28,-1,13,28,12,-1,12,28,33,-1,34,33,35,-1,35,33,36,-1,34,37,33,-1,33,37,38,-1,33,38,12,-1,39,40,41,-1,42,43,44,-1,44,43,45,-1,44,45,46,-1,46,45,47,-1,48,49,50,-1,50,49,51,-1,52,53,54,-1,43,42,55,-1,55,42,56,-1,55,56,54,-1,54,56,57,-1,54,57,52,-1,53,52,58,-1,59,60,58,-1,58,60,61,-1,58,61,53,-1,44,62,42,-1,42,62,56,-1,44,46,62,-1,62,46,63,-1,62,63,64,-1,64,63,65,-1,64,65,58,-1,58,65,59,-1,52,57,58,-1,58,57,64,-1,66,67,68,-1,68,67,65,-1,68,65,63,-1,69,65,70,-1,70,65,67,-1,70,67,51,-1,51,67,50,-1,64,57,62,-1,62,57,56,-1,71,72,54,-1,54,72,55,-1,72,45,55,-1,55,45,43,-1,61,71,53,-1,53,71,54,-1,
        ]
    }
}
Shape{
    appearance Appearance {
        material  Material 	{
            diffuseColor 0.9058823529411765 0.8509803921568627 0.6352941176470588
            specularColor 0.27058823529411763 0.2549019607843137 0.19215686274509805
            ambientIntensity 0.8428
            transparency 0.0
            shininess 0.5
        }
    }
    geometry IndexedFaceSet {
        ccw TRUE
        solid FALSE
        coord DEF co Coordinate {
            point [
                3.4252 -1.8405 0.2756, 3.5433 -1.8405 0.2756, 3.5433 -1.4075 0.2756, 3.6811 -1.4075 0.2756, 3.6811 -0.0295 0.2756, 3.4252 -0.0295 0.2756
            ]
        }
        coordIndex [
            0,1,2,-1,3,4,2,-1,2,4,5,-1,2,5,0,-1,
        ]
    }
}
Shape{
    appearance Appearance {
        material  Material 	{
            diffuseColor 0.8941176470588236 0.8941176470588236 0.8941176470588236
            specularColor 0.26666666666666666 0.26666666666666666 0.26666666666666666
            ambientIntensity 0.8941
            transparency 0.0
            shininess 0.5
        }
    }
    geometry IndexedFaceSet {
        ccw TRUE
        solid FALSE
        coord DEF co Coordinate {
            point [
                3.6811 -0.0295 0.748, 3.6811 -0.0295 0.2756, 3.6811 -1.4862 0.748, 3.6811 -1.4075 0.2756, 3.6811 -1.4862 0.1969
            ]
        }
        coordIndex [
            0,1,2,-1,2,1,3,-1,2,3,4,-1,
        ]
    }
}
Shape{
    appearance Appearance {
        material  Material 	{
            diffuseColor 0.9058823529411765 0.8509803921568627 0.6352941176470588
            specularColor 0.27058823529411763 0.2549019607843137 0.19215686274509805
            ambientIntensity 0.8428
            transparency 0.0
            shininess 0.5
        }
    }
    geometry IndexedFaceSet {
        ccw TRUE
        solid FALSE
        coord DEF co Coordinate {
            point [
                3.6811 -1.4862 0.748, 3.5433 -1.4862 0.748, 3.5433 -1.4075 0.748, 3.4252 -1.4075 0.748, 3.4252 -0.0295 0.748, 3.6811 -0.0295 0.748
            ]
        }
        coordIndex [
            0,1,2,-1,3,4,2,-1,2,4,5,-1,2,5,0,-1,
        ]
    }
}
Shape{
    appearance Appearance {
        material  Material 	{
            diffuseColor 0.6784313725490196 0.6784313725490196 0.6784313725490196
            specularColor 0.047058823529411764 0.047058823529411764 0.047058823529411764
            ambientIntensity 0.9686
            transparency 0.0
            shininess 0.5
        }
    }
    geometry IndexedFaceSet {
        ccw TRUE
        solid FALSE
        coord DEF co Coordinate {
            point [
                3.4252 -0.0295 0.2756, 3.6811 -0.0295 0.2756, 3.4252 -0.0295 0.748, 3.6811 -0.0295 0.748
            ]
        }
        coordIndex [
            0,1,2,-1,2,1,3,-1,
        ]
    }
}
Shape{
    appearance Appearance {
        material  Material 	{
            diffuseColor 0.8941176470588236 0.8941176470588236 0.8941176470588236
            specularColor 0.26666666666666666 0.26666666666666666 0.26666666666666666
            ambientIntensity 0.8941
            transparency 0.0
            shininess 0.5
        }
    }
    geometry IndexedFaceSet {
        ccw TRUE
        solid FALSE
        coord DEF co Coordinate {
            point [
                3.5433 -1.4075 0.2756, 3.5433 -1.4862 0.1969, 3.6811 -1.4075 0.2756, 3.6811 -1.4862 0.1969, 3.5433 -1.8405 0.2756, 3.5433 -1.9587 0.0, 3.5433 -1.4862 0.0, 3.5433 -1.9587 0.1575, 3.5433 -1.9546 0.188, 3.5433 -1.8711 0.2716, 3.5433 -1.8996 0.2598, 3.5433 -1.9241 0.241, 3.5433 -1.9428 0.2165, 3.4252 -1.9587 0.1575, 3.4252 -1.9546 0.188, 3.4252 -1.9428 0.2165, 3.4252 -1.9241 0.241, 3.4252 -1.8996 0.2598, 3.4252 -1.8711 0.2716, 3.4252 -1.8405 0.2756, 3.4252 -1.4075 0.748, 3.5433 -1.4075 0.748, 3.4252 -1.4862 0.8268, 3.5433 -1.4862 0.8268, 3.0315 0.1083 0.0787, 3.0315 0.1083 0.9055, 3.2677 0.1083 0.0787, 3.2677 0.1083 0.9055, 3.0315 -1.9587 0.1575, 3.2677 -1.9587 0.1575, 3.2677 -1.9546 0.188, 3.0315 -1.9546 0.188, 3.2677 -1.9428 0.2165, 3.0315 -1.9428 0.2165, 3.2677 -1.9241 0.241, 3.0315 -1.9241 0.241, 3.2677 -1.8996 0.2598, 3.0315 -1.8996 0.2598, 3.2677 -1.8711 0.2716, 3.0315 -1.8711 0.2716, 3.2677 -1.8405 0.2756, 3.0315 -1.8405 0.2756
            ]
        }
        coordIndex [
            0,1,2,-1,2,1,3,-1,1,0,4,-1,5,6,7,-1,7,6,1,-1,7,1,8,-1,8,1,4,-1,8,4,9,-1,9,10,8,-1,8,10,11,-1,8,11,12,-1,13,7,8,-1,13,8,14,-1,14,8,12,-1,14,12,15,-1,15,12,11,-1,15,11,16,-1,16,11,10,-1,16,10,17,-1,17,10,9,-1,17,9,18,-1,18,9,4,-1,18,4,19,-1,20,21,22,-1,22,21,23,-1,24,25,26,-1,26,25,27,-1,28,29,30,-1,28,30,31,-1,31,30,32,-1,31,32,33,-1,33,32,34,-1,33,34,35,-1,35,34,36,-1,35,36,37,-1,37,36,38,-1,37,38,39,-1,39,38,40,-1,39,40,41,-1,
        ]
    }
}
Shape{
    appearance Appearance {
        material  Material 	{
            diffuseColor 0.6784313725490196 0.6784313725490196 0.6784313725490196
            specularColor 0.047058823529411764 0.047058823529411764 0.047058823529411764
            ambientIntensity 0.9686
            transparency 0.0
            shininess 0.5
        }
    }
    geometry IndexedFaceSet {
        ccw TRUE
        solid FALSE
        coord DEF co Coordinate {
            point [
                3.2677 -0.0295 0.2756, 3.0315 -0.0295 0.2756, 3.2677 -1.8405 0.2756, 3.0315 -1.8405 0.2756, 3.0315 -0.0295 0.748, 3.2677 -0.0295 0.748
            ]
        }
        coordIndex [
            0,1,2,-1,2,1,3,-1,4,1,5,-1,5,1,0,-1,
        ]
    }
}
Shape{
    appearance Appearance {
        material  Material 	{
            diffuseColor 0.8941176470588236 0.8941176470588236 0.8941176470588236
            specularColor 0.26666666666666666 0.26666666666666666 0.26666666666666666
            ambientIntensity 0.8941
            transparency 0.0
            shininess 0.5
        }
    }
    geometry IndexedFaceSet {
        ccw TRUE
        solid FALSE
        coord DEF co Coordinate {
            point [
                3.0315 -1.4075 0.748, 3.0315 -0.0295 0.748, 3.2677 -1.4075 0.748, 3.2677 -0.0295 0.748, 3.0315 -1.4862 0.8268, 3.2677 -1.4862 0.8268, 3.4252 0.0098 0.8661, 3.4252 -1.4862 0.8661, 3.2677 0.0098 0.8661, 3.2677 -1.4862 0.8661, 3.4252 -1.9587 0.1575, 3.4252 0.0098 0.1575, 3.2677 -1.9587 0.1575, 3.2677 0.0098 0.1575, 3.4252 -1.8405 0.2756, 3.4252 -0.0295 0.2756, 3.4252 0.0098 0.0787, 3.4252 0.1083 0.0787, 3.4252 0.1083 0.9055, 3.4252 -0.0295 0.748, 3.4252 0.0098 0.9055, 3.4252 -1.4075 0.748, 3.4252 -1.4862 0.8268, 3.4252 -1.9546 0.188, 3.4252 -1.9428 0.2165, 3.4252 -1.9241 0.241, 3.4252 -1.8996 0.2598, 3.4252 -1.8711 0.2716, 3.2677 0.1083 0.9055, 3.2677 0.0098 0.9055, 3.2677 -0.0295 0.2756, 3.2677 0.1083 0.0787, 3.2677 0.0098 0.0787, 3.2677 -1.8405 0.2756, 3.2677 -1.9241 0.241, 3.2677 -1.8996 0.2598, 3.2677 -1.8711 0.2716, 3.2677 -1.9428 0.2165, 3.2677 -1.9546 0.188, 2.6378 0.1083 0.0787, 2.6378 0.1083 0.9055, 2.874 0.1083 0.0787, 2.874 0.1083 0.9055, 2.6378 -1.9587 0.1575, 2.874 -1.9587 0.1575, 2.874 -1.9546 0.188, 2.6378 -1.9546 0.188, 2.874 -1.9428 0.2165, 2.6378 -1.9428 0.2165, 2.874 -1.9241 0.241, 2.6378 -1.9241 0.241, 2.874 -1.8996 0.2598, 2.6378 -1.8996 0.2598, 2.874 -1.8711 0.2716, 2.6378 -1.8711 0.2716, 2.874 -1.8405 0.2756, 2.6378 -1.8405 0.2756
            ]
        }
        coordIndex [
            0,1,2,-1,2,1,3,-1,4,0,5,-1,5,0,2,-1,6,7,8,-1,8,7,9,-1,10,11,12,-1,12,11,13,-1,14,15,11,-1,16,11,17,-1,17,11,15,-1,17,15,18,-1,18,15,19,-1,20,18,6,-1,6,18,19,-1,6,19,7,-1,7,19,21,-1,7,21,22,-1,11,10,14,-1,14,10,23,-1,14,23,24,-1,24,25,14,-1,14,25,26,-1,14,26,27,-1,28,29,8,-1,3,30,31,-1,31,28,3,-1,3,28,8,-1,3,8,2,-1,2,8,9,-1,2,9,5,-1,32,31,13,-1,13,31,30,-1,13,30,12,-1,12,30,33,-1,34,33,35,-1,35,33,36,-1,34,37,33,-1,33,37,38,-1,33,38,12,-1,39,40,41,-1,41,40,42,-1,43,44,45,-1,43,45,46,-1,46,45,47,-1,46,47,48,-1,48,47,49,-1,48,49,50,-1,50,49,51,-1,50,51,52,-1,52,51,53,-1,52,53,54,-1,54,53,55,-1,54,55,56,-1,
        ]
    }
}
Shape{
    appearance Appearance {
        material  Material 	{
            diffuseColor 0.6784313725490196 0.6784313725490196 0.6784313725490196
            specularColor 0.047058823529411764 0.047058823529411764 0.047058823529411764
            ambientIntensity 0.9686
            transparency 0.0
            shininess 0.5
        }
    }
    geometry IndexedFaceSet {
        ccw TRUE
        solid FALSE
        coord DEF co Coordinate {
            point [
                2.874 -0.0295 0.2756, 2.6378 -0.0295 0.2756, 2.874 -1.8405 0.2756, 2.6378 -1.8405 0.2756, 2.6378 -0.0295 0.748, 2.874 -0.0295 0.748
            ]
        }
        coordIndex [
            0,1,2,-1,2,1,3,-1,4,1,5,-1,5,1,0,-1,
        ]
    }
}
Shape{
    appearance Appearance {
        material  Material 	{
            diffuseColor 0.8941176470588236 0.8941176470588236 0.8941176470588236
            specularColor 0.26666666666666666 0.26666666666666666 0.26666666666666666
            ambientIntensity 0.8941
            transparency 0.0
            shininess 0.5
        }
    }
    geometry IndexedFaceSet {
        ccw TRUE
        solid FALSE
        coord DEF co Coordinate {
            point [
                2.6378 -1.4075 0.748, 2.6378 -0.0295 0.748, 2.874 -1.4075 0.748, 2.874 -0.0295 0.748, 2.6378 -1.4862 0.8268, 2.874 -1.4862 0.8268, 3.0315 0.0098 0.8661, 3.0315 -1.4862 0.8661, 2.874 0.0098 0.8661, 2.874 -1.4862 0.8661, 3.0315 -1.9587 0.1575, 3.0315 0.0098 0.1575, 2.874 -1.9587 0.1575, 2.874 0.0098 0.1575, 3.0315 -1.8405 0.2756, 3.0315 -0.0295 0.2756, 3.0315 0.0098 0.0787, 3.0315 0.1083 0.0787, 3.0315 0.1083 0.9055, 3.0315 -0.0295 0.748, 3.0315 0.0098 0.9055, 3.0315 -1.4075 0.748, 3.0315 -1.4862 0.8268, 3.0315 -1.9546 0.188, 3.0315 -1.9428 0.2165, 3.0315 -1.9241 0.241, 3.0315 -1.8996 0.2598, 3.0315 -1.8711 0.2716, 2.874 0.1083 0.9055, 2.874 0.0098 0.9055, 2.874 -0.0295 0.2756, 2.874 0.1083 0.0787, 2.874 0.0098 0.0787, 2.874 -1.8405 0.2756, 2.874 -1.9241 0.241, 2.874 -1.8996 0.2598, 2.874 -1.8711 0.2716, 2.874 -1.9428 0.2165, 2.874 -1.9546 0.188, 2.2441 0.1083 0.0787, 2.2441 0.1083 0.9055, 2.4803 0.1083 0.0787, 2.4803 0.1083 0.9055, 2.2441 -1.9587 0.1575, 2.4803 -1.9587 0.1575, 2.4803 -1.9546 0.188, 2.2441 -1.9546 0.188, 2.4803 -1.9428 0.2165, 2.2441 -1.9428 0.2165, 2.4803 -1.9241 0.241, 2.2441 -1.9241 0.241, 2.4803 -1.8996 0.2598, 2.2441 -1.8996 0.2598, 2.4803 -1.8711 0.2716, 2.2441 -1.8711 0.2716, 2.4803 -1.8405 0.2756, 2.2441 -1.8405 0.2756
            ]
        }
        coordIndex [
            0,1,2,-1,2,1,3,-1,4,0,5,-1,5,0,2,-1,6,7,8,-1,8,7,9,-1,10,11,12,-1,12,11,13,-1,14,15,11,-1,16,11,17,-1,17,11,15,-1,17,15,18,-1,18,15,19,-1,20,18,6,-1,6,18,19,-1,6,19,7,-1,7,19,21,-1,7,21,22,-1,11,10,14,-1,14,10,23,-1,14,23,24,-1,24,25,14,-1,14,25,26,-1,14,26,27,-1,28,29,8,-1,3,30,31,-1,31,28,3,-1,3,28,8,-1,3,8,2,-1,2,8,9,-1,2,9,5,-1,32,31,13,-1,13,31,30,-1,13,30,12,-1,12,30,33,-1,34,33,35,-1,35,33,36,-1,34,37,33,-1,33,37,38,-1,33,38,12,-1,39,40,41,-1,41,40,42,-1,43,44,45,-1,43,45,46,-1,46,45,47,-1,46,47,48,-1,48,47,49,-1,48,49,50,-1,50,49,51,-1,50,51,52,-1,52,51,53,-1,52,53,54,-1,54,53,55,-1,54,55,56,-1,
        ]
    }
}
Shape{
    appearance Appearance {
        material  Material 	{
            diffuseColor 0.6784313725490196 0.6784313725490196 0.6784313725490196
            specularColor 0.047058823529411764 0.047058823529411764 0.047058823529411764
            ambientIntensity 0.9686
            transparency 0.0
            shininess 0.5
        }
    }
    geometry IndexedFaceSet {
        ccw TRUE
        solid FALSE
        coord DEF co Coordinate {
            point [
                2.4803 -1.8405 0.2756, 2.4803 -0.0295 0.2756, 2.2441 -1.8405 0.2756, 2.2441 -0.0295 0.2756, 2.2441 -0.0295 0.748, 2.4803 -0.0295 0.748
            ]
        }
        coordIndex [
            0,1,2,-1,2,1,3,-1,3,1,4,-1,4,1,5,-1,
        ]
    }
}
Shape{
    appearance Appearance {
        material  Material 	{
            diffuseColor 0.8941176470588236 0.8941176470588236 0.8941176470588236
            specularColor 0.26666666666666666 0.26666666666666666 0.26666666666666666
            ambientIntensity 0.8941
            transparency 0.0
            shininess 0.5
        }
    }
    geometry IndexedFaceSet {
        ccw TRUE
        solid FALSE
        coord DEF co Coordinate {
            point [
                2.2441 -0.0295 0.748, 2.4803 -0.0295 0.748, 2.2441 -1.4075 0.748, 2.4803 -1.4075 0.748, 2.2441 -1.4862 0.8268, 2.4803 -1.4862 0.8268, 1.8504 0.1083 0.0787, 1.8504 0.1083 0.9055, 2.0866 0.1083 0.0787, 2.0866 0.1083 0.9055, 1.8504 -1.9587 0.1575, 2.0866 -1.9587 0.1575, 2.0866 -1.9546 0.188, 1.8504 -1.9546 0.188, 2.0866 -1.9428 0.2165, 1.8504 -1.9428 0.2165, 2.0866 -1.9241 0.241, 1.8504 -1.9241 0.241, 2.0866 -1.8996 0.2598, 1.8504 -1.8996 0.2598, 2.0866 -1.8711 0.2716, 1.8504 -1.8711 0.2716, 2.0866 -1.8405 0.2756, 1.8504 -1.8405 0.2756
            ]
        }
        coordIndex [
            0,1,2,-1,2,1,3,-1,2,3,4,-1,4,3,5,-1,6,7,8,-1,8,7,9,-1,10,11,12,-1,10,12,13,-1,13,12,14,-1,13,14,15,-1,15,14,16,-1,15,16,17,-1,17,16,18,-1,17,18,19,-1,19,18,20,-1,19,20,21,-1,21,20,22,-1,21,22,23,-1,
        ]
    }
}
Shape{
    appearance Appearance {
        material  Material 	{
            diffuseColor 0.6784313725490196 0.6784313725490196 0.6784313725490196
            specularColor 0.047058823529411764 0.047058823529411764 0.047058823529411764
            ambientIntensity 0.9686
            transparency 0.0
            shininess 0.5
        }
    }
    geometry IndexedFaceSet {
        ccw TRUE
        solid FALSE
        coord DEF co Coordinate {
            point [
                2.0866 -0.0295 0.2756, 1.8504 -0.0295 0.2756, 2.0866 -1.8405 0.2756, 1.8504 -1.8405 0.2756, 1.8504 -0.0295 0.748, 2.0866 -0.0295 0.748
            ]
        }
        coordIndex [
            0,1,2,-1,2,1,3,-1,4,1,5,-1,5,1,0,-1,
        ]
    }
}
Shape{
    appearance Appearance {
        material  Material 	{
            diffuseColor 0.8941176470588236 0.8941176470588236 0.8941176470588236
            specularColor 0.26666666666666666 0.26666666666666666 0.26666666666666666
            ambientIntensity 0.8941
            transparency 0.0
            shininess 0.5
        }
    }
    geometry IndexedFaceSet {
        ccw TRUE
        solid FALSE
        coord DEF co Coordinate {
            point [
                1.8504 -1.4075 0.748, 1.8504 -0.0295 0.748, 2.0866 -1.4075 0.748, 2.0866 -0.0295 0.748, 1.8504 -1.4862 0.8268, 2.0866 -1.4862 0.8268, 2.2441 0.0098 0.8661, 2.2441 -1.4862 0.8661, 2.0866 0.0098 0.8661, 2.0866 -1.4862 0.8661, 2.2441 -1.9587 0.1575, 2.2441 0.0098 0.1575, 2.0866 -1.9587 0.1575, 2.0866 0.0098 0.1575, 2.2441 -1.8405 0.2756, 2.2441 -0.0295 0.2756, 2.2441 0.0098 0.0787, 2.2441 0.1083 0.0787, 2.2441 0.1083 0.9055, 2.2441 -0.0295 0.748, 2.2441 0.0098 0.9055, 2.2441 -1.4075 0.748, 2.2441 -1.4862 0.8268, 2.2441 -1.9546 0.188, 2.2441 -1.9428 0.2165, 2.2441 -1.9241 0.241, 2.2441 -1.8996 0.2598, 2.2441 -1.8711 0.2716, 2.0866 0.1083 0.9055, 2.0866 0.0098 0.9055, 2.0866 -0.0295 0.2756, 2.0866 0.1083 0.0787, 2.0866 0.0098 0.0787, 2.0866 -1.8405 0.2756, 2.0866 -1.9241 0.241, 2.0866 -1.8996 0.2598, 2.0866 -1.8711 0.2716, 2.0866 -1.9428 0.2165, 2.0866 -1.9546 0.188, 2.6378 0.0098 0.8661, 2.6378 -1.4862 0.8661, 2.4803 0.0098 0.8661, 2.4803 -1.4862 0.8661, 2.6378 -1.9587 0.1575, 2.6378 0.0098 0.1575, 2.4803 -1.9587 0.1575, 2.4803 0.0098 0.1575, 2.6378 -1.8405 0.2756, 2.6378 -0.0295 0.2756, 2.6378 0.0098 0.0787, 2.6378 0.1083 0.0787, 2.6378 0.1083 0.9055, 2.6378 -0.0295 0.748, 2.6378 0.0098 0.9055, 2.6378 -1.4075 0.748, 2.6378 -1.4862 0.8268, 2.6378 -1.9546 0.188, 2.6378 -1.9428 0.2165, 2.6378 -1.9241 0.241, 2.6378 -1.8996 0.2598, 2.6378 -1.8711 0.2716, 2.4803 0.1083 0.9055, 2.4803 0.0098 0.9055, 2.4803 -0.0295 0.748, 2.4803 -0.0295 0.2756, 2.4803 0.1083 0.0787, 2.4803 -1.4075 0.748, 2.4803 -1.4862 0.8268, 2.4803 0.0098 0.0787, 2.4803 -1.8405 0.2756, 2.4803 -1.9241 0.241, 2.4803 -1.8996 0.2598, 2.4803 -1.8711 0.2716, 2.4803 -1.9428 0.2165, 2.4803 -1.9546 0.188, 1.4567 0.1083 0.0787, 1.4567 0.1083 0.9055, 1.6929 0.1083 0.0787, 1.6929 0.1083 0.9055, 1.4567 -1.9587 0.1575, 1.6929 -1.9587 0.1575, 1.6929 -1.9546 0.188, 1.4567 -1.9546 0.188, 1.6929 -1.9428 0.2165, 1.4567 -1.9428 0.2165, 1.6929 -1.9241 0.241, 1.4567 -1.9241 0.241, 1.6929 -1.8996 0.2598, 1.4567 -1.8996 0.2598, 1.6929 -1.8711 0.2716, 1.4567 -1.8711 0.2716, 1.6929 -1.8405 0.2756, 1.4567 -1.8405 0.2756
            ]
        }
        coordIndex [
            0,1,2,-1,2,1,3,-1,4,0,5,-1,5,0,2,-1,6,7,8,-1,8,7,9,-1,10,11,12,-1,12,11,13,-1,14,15,11,-1,16,11,17,-1,17,11,15,-1,17,15,18,-1,18,15,19,-1,20,18,6,-1,6,18,19,-1,6,19,7,-1,7,19,21,-1,7,21,22,-1,11,10,14,-1,14,10,23,-1,14,23,24,-1,24,25,14,-1,14,25,26,-1,14,26,27,-1,28,29,8,-1,3,30,31,-1,31,28,3,-1,3,28,8,-1,3,8,2,-1,2,8,9,-1,2,9,5,-1,32,31,13,-1,13,31,30,-1,13,30,12,-1,12,30,33,-1,34,33,35,-1,35,33,36,-1,34,37,33,-1,33,37,38,-1,33,38,12,-1,39,40,41,-1,41,40,42,-1,43,44,45,-1,45,44,46,-1,47,48,44,-1,49,44,50,-1,50,44,48,-1,50,48,51,-1,51,48,52,-1,53,51,39,-1,39,51,52,-1,39,52,40,-1,40,52,54,-1,40,54,55,-1,44,43,47,-1,47,43,56,-1,47,56,57,-1,57,58,47,-1,47,58,59,-1,47,59,60,-1,61,62,41,-1,63,64,65,-1,65,61,63,-1,63,61,41,-1,63,41,66,-1,66,41,42,-1,66,42,67,-1,68,65,46,-1,46,65,64,-1,46,64,45,-1,45,64,69,-1,70,69,71,-1,71,69,72,-1,70,73,69,-1,69,73,74,-1,69,74,45,-1,75,76,77,-1,77,76,78,-1,79,80,81,-1,79,81,82,-1,82,81,83,-1,82,83,84,-1,84,83,85,-1,84,85,86,-1,86,85,87,-1,86,87,88,-1,88,87,89,-1,88,89,90,-1,90,89,91,-1,90,91,92,-1,
        ]
    }
}
Shape{
    appearance Appearance {
        material  Material 	{
            diffuseColor 0.6784313725490196 0.6784313725490196 0.6784313725490196
            specularColor 0.047058823529411764 0.047058823529411764 0.047058823529411764
            ambientIntensity 0.9686
            transparency 0.0
            shininess 0.5
        }
    }
    geometry IndexedFaceSet {
        ccw TRUE
        solid FALSE
        coord DEF co Coordinate {
            point [
                1.6929 -0.0295 0.2756, 1.4567 -0.0295 0.2756, 1.6929 -1.8405 0.2756, 1.4567 -1.8405 0.2756, 1.4567 -0.0295 0.748, 1.6929 -0.0295 0.748
            ]
        }
        coordIndex [
            0,1,2,-1,2,1,3,-1,4,1,5,-1,5,1,0,-1,
        ]
    }
}
Shape{
    appearance Appearance {
        material  Material 	{
            diffuseColor 0.8941176470588236 0.8941176470588236 0.8941176470588236
            specularColor 0.26666666666666666 0.26666666666666666 0.26666666666666666
            ambientIntensity 0.8941
            transparency 0.0
            shininess 0.5
        }
    }
    geometry IndexedFaceSet {
        ccw TRUE
        solid FALSE
        coord DEF co Coordinate {
            point [
                1.4567 -1.4075 0.748, 1.4567 -0.0295 0.748, 1.6929 -1.4075 0.748, 1.6929 -0.0295 0.748, 1.4567 -1.4862 0.8268, 1.6929 -1.4862 0.8268, 1.8504 0.0098 0.8661, 1.8504 -1.4862 0.8661, 1.6929 0.0098 0.8661, 1.6929 -1.4862 0.8661, 1.8504 -1.9587 0.1575, 1.8504 0.0098 0.1575, 1.6929 -1.9587 0.1575, 1.6929 0.0098 0.1575, 1.8504 -1.8405 0.2756, 1.8504 -0.0295 0.2756, 1.8504 0.0098 0.0787, 1.8504 0.1083 0.0787, 1.8504 0.1083 0.9055, 1.8504 -0.0295 0.748, 1.8504 0.0098 0.9055, 1.8504 -1.4075 0.748, 1.8504 -1.4862 0.8268, 1.8504 -1.9546 0.188, 1.8504 -1.9428 0.2165, 1.8504 -1.9241 0.241, 1.8504 -1.8996 0.2598, 1.8504 -1.8711 0.2716, 1.6929 0.1083 0.9055, 1.6929 0.0098 0.9055, 1.6929 -0.0295 0.2756, 1.6929 0.1083 0.0787, 1.6929 0.0098 0.0787, 1.6929 -1.8405 0.2756, 1.6929 -1.9241 0.241, 1.6929 -1.8996 0.2598, 1.6929 -1.8711 0.2716, 1.6929 -1.9428 0.2165, 1.6929 -1.9546 0.188, 1.063 0.1083 0.0787, 1.063 0.1083 0.9055, 1.2992 0.1083 0.0787, 1.2992 0.1083 0.9055, 1.063 -1.9587 0.1575, 1.2992 -1.9587 0.1575, 1.2992 -1.9546 0.188, 1.063 -1.9546 0.188, 1.2992 -1.9428 0.2165, 1.063 -1.9428 0.2165, 1.2992 -1.9241 0.241, 1.063 -1.9241 0.241, 1.2992 -1.8996 0.2598, 1.063 -1.8996 0.2598, 1.2992 -1.8711 0.2716, 1.063 -1.8711 0.2716, 1.2992 -1.8405 0.2756, 1.063 -1.8405 0.2756
            ]
        }
        coordIndex [
            0,1,2,-1,2,1,3,-1,4,0,5,-1,5,0,2,-1,6,7,8,-1,8,7,9,-1,10,11,12,-1,12,11,13,-1,14,15,11,-1,16,11,17,-1,17,11,15,-1,17,15,18,-1,18,15,19,-1,20,18,6,-1,6,18,19,-1,6,19,7,-1,7,19,21,-1,7,21,22,-1,11,10,14,-1,14,10,23,-1,14,23,24,-1,24,25,14,-1,14,25,26,-1,14,26,27,-1,28,29,8,-1,3,30,31,-1,31,28,3,-1,3,28,8,-1,3,8,2,-1,2,8,9,-1,2,9,5,-1,32,31,13,-1,13,31,30,-1,13,30,12,-1,12,30,33,-1,34,33,35,-1,35,33,36,-1,34,37,33,-1,33,37,38,-1,33,38,12,-1,39,40,41,-1,41,40,42,-1,43,44,45,-1,43,45,46,-1,46,45,47,-1,46,47,48,-1,48,47,49,-1,48,49,50,-1,50,49,51,-1,50,51,52,-1,52,51,53,-1,52,53,54,-1,54,53,55,-1,54,55,56,-1,
        ]
    }
}
Shape{
    appearance Appearance {
        material  Material 	{
            diffuseColor 0.6784313725490196 0.6784313725490196 0.6784313725490196
            specularColor 0.047058823529411764 0.047058823529411764 0.047058823529411764
            ambientIntensity 0.9686
            transparency 0.0
            shininess 0.5
        }
    }
    geometry IndexedFaceSet {
        ccw TRUE
        solid FALSE
        coord DEF co Coordinate {
            point [
                1.2992 -0.0295 0.2756, 1.063 -0.0295 0.2756, 1.2992 -1.8405 0.2756, 1.063 -1.8405 0.2756, 1.063 -0.0295 0.748, 1.2992 -0.0295 0.748
            ]
        }
        coordIndex [
            0,1,2,-1,2,1,3,-1,4,1,5,-1,5,1,0,-1,
        ]
    }
}
Shape{
    appearance Appearance {
        material  Material 	{
            diffuseColor 0.8941176470588236 0.8941176470588236 0.8941176470588236
            specularColor 0.26666666666666666 0.26666666666666666 0.26666666666666666
            ambientIntensity 0.8941
            transparency 0.0
            shininess 0.5
        }
    }
    geometry IndexedFaceSet {
        ccw TRUE
        solid FALSE
        coord DEF co Coordinate {
            point [
                1.063 -1.4075 0.748, 1.063 -0.0295 0.748, 1.2992 -1.4075 0.748, 1.2992 -0.0295 0.748, 1.063 -1.4862 0.8268, 1.2992 -1.4862 0.8268, 1.4567 0.0098 0.8661, 1.4567 -1.4862 0.8661, 1.2992 0.0098 0.8661, 1.2992 -1.4862 0.8661, 1.4567 -1.9587 0.1575, 1.4567 0.0098 0.1575, 1.2992 -1.9587 0.1575, 1.2992 0.0098 0.1575, 1.4567 -1.8405 0.2756, 1.4567 -0.0295 0.2756, 1.4567 0.0098 0.0787, 1.4567 0.1083 0.0787, 1.4567 0.1083 0.9055, 1.4567 -0.0295 0.748, 1.4567 0.0098 0.9055, 1.4567 -1.4075 0.748, 1.4567 -1.4862 0.8268, 1.4567 -1.9546 0.188, 1.4567 -1.9428 0.2165, 1.4567 -1.9241 0.241, 1.4567 -1.8996 0.2598, 1.4567 -1.8711 0.2716, 1.2992 0.1083 0.9055, 1.2992 0.0098 0.9055, 1.2992 -0.0295 0.2756, 1.2992 0.1083 0.0787, 1.2992 0.0098 0.0787, 1.2992 -1.8405 0.2756, 1.2992 -1.9241 0.241, 1.2992 -1.8996 0.2598, 1.2992 -1.8711 0.2716, 1.2992 -1.9428 0.2165, 1.2992 -1.9546 0.188, 0.6693 0.1083 0.0787, 0.6693 0.1083 0.9055, 0.9055 0.1083 0.0787, 0.9055 0.1083 0.9055, 0.6693 -1.9587 0.1575, 0.9055 -1.9587 0.1575, 0.9055 -1.9546 0.188, 0.6693 -1.9546 0.188, 0.9055 -1.9428 0.2165, 0.6693 -1.9428 0.2165, 0.9055 -1.9241 0.241, 0.6693 -1.9241 0.241, 0.9055 -1.8996 0.2598, 0.6693 -1.8996 0.2598, 0.9055 -1.8711 0.2716, 0.6693 -1.8711 0.2716, 0.9055 -1.8405 0.2756, 0.6693 -1.8405 0.2756
            ]
        }
        coordIndex [
            0,1,2,-1,2,1,3,-1,4,0,5,-1,5,0,2,-1,6,7,8,-1,8,7,9,-1,10,11,12,-1,12,11,13,-1,14,15,11,-1,16,11,17,-1,17,11,15,-1,17,15,18,-1,18,15,19,-1,20,18,6,-1,6,18,19,-1,6,19,7,-1,7,19,21,-1,7,21,22,-1,11,10,14,-1,14,10,23,-1,14,23,24,-1,24,25,14,-1,14,25,26,-1,14,26,27,-1,28,29,8,-1,3,30,31,-1,31,28,3,-1,3,28,8,-1,3,8,2,-1,2,8,9,-1,2,9,5,-1,32,31,13,-1,13,31,30,-1,13,30,12,-1,12,30,33,-1,34,33,35,-1,35,33,36,-1,34,37,33,-1,33,37,38,-1,33,38,12,-1,39,40,41,-1,41,40,42,-1,43,44,45,-1,43,45,46,-1,46,45,47,-1,46,47,48,-1,48,47,49,-1,48,49,50,-1,50,49,51,-1,50,51,52,-1,52,51,53,-1,52,53,54,-1,54,53,55,-1,54,55,56,-1,
        ]
    }
}
Shape{
    appearance Appearance {
        material  Material 	{
            diffuseColor 0.6784313725490196 0.6784313725490196 0.6784313725490196
            specularColor 0.047058823529411764 0.047058823529411764 0.047058823529411764
            ambientIntensity 0.9686
            transparency 0.0
            shininess 0.5
        }
    }
    geometry IndexedFaceSet {
        ccw TRUE
        solid FALSE
        coord DEF co Coordinate {
            point [
                0.9055 -0.0295 0.2756, 0.6693 -0.0295 0.2756, 0.9055 -1.8405 0.2756, 0.6693 -1.8405 0.2756, 0.6693 -0.0295 0.748, 0.9055 -0.0295 0.748
            ]
        }
        coordIndex [
            0,1,2,-1,2,1,3,-1,4,1,5,-1,5,1,0,-1,
        ]
    }
}
Shape{
    appearance Appearance {
        material  Material 	{
            diffuseColor 0.8941176470588236 0.8941176470588236 0.8941176470588236
            specularColor 0.26666666666666666 0.26666666666666666 0.26666666666666666
            ambientIntensity 0.8941
            transparency 0.0
            shininess 0.5
        }
    }
    geometry IndexedFaceSet {
        ccw TRUE
        solid FALSE
        coord DEF co Coordinate {
            point [
                0.6693 -1.4075 0.748, 0.6693 -0.0295 0.748, 0.9055 -1.4075 0.748, 0.9055 -0.0295 0.748, 0.6693 -1.4862 0.8268, 0.9055 -1.4862 0.8268, 1.063 0.0098 0.8661, 1.063 -1.4862 0.8661, 0.9055 0.0098 0.8661, 0.9055 -1.4862 0.8661, 1.063 -1.9587 0.1575, 1.063 0.0098 0.1575, 0.9055 -1.9587 0.1575, 0.9055 0.0098 0.1575, 1.063 -1.8405 0.2756, 1.063 -0.0295 0.2756, 1.063 0.0098 0.0787, 1.063 0.1083 0.0787, 1.063 0.1083 0.9055, 1.063 -0.0295 0.748, 1.063 0.0098 0.9055, 1.063 -1.4075 0.748, 1.063 -1.4862 0.8268, 1.063 -1.9546 0.188, 1.063 -1.9428 0.2165, 1.063 -1.9241 0.241, 1.063 -1.8996 0.2598, 1.063 -1.8711 0.2716, 0.9055 0.1083 0.9055, 0.9055 0.0098 0.9055, 0.9055 -0.0295 0.2756, 0.9055 0.1083 0.0787, 0.9055 0.0098 0.0787, 0.9055 -1.8405 0.2756, 0.9055 -1.9241 0.241, 0.9055 -1.8996 0.2598, 0.9055 -1.8711 0.2716, 0.9055 -1.9428 0.2165, 0.9055 -1.9546 0.188, 0.2756 0.1083 0.0787, 0.2756 0.1083 0.9055, 0.5118 0.1083 0.0787, 0.5118 0.1083 0.9055, 0.2756 -1.9587 0.1575, 0.5118 -1.9587 0.1575, 0.5118 -1.9546 0.188, 0.2756 -1.9546 0.188, 0.5118 -1.9428 0.2165, 0.2756 -1.9428 0.2165, 0.5118 -1.9241 0.241, 0.2756 -1.9241 0.241, 0.5118 -1.8996 0.2598, 0.2756 -1.8996 0.2598, 0.5118 -1.8711 0.2716, 0.2756 -1.8711 0.2716, 0.5118 -1.8405 0.2756, 0.2756 -1.8405 0.2756
            ]
        }
        coordIndex [
            0,1,2,-1,2,1,3,-1,4,0,5,-1,5,0,2,-1,6,7,8,-1,8,7,9,-1,10,11,12,-1,12,11,13,-1,14,15,11,-1,16,11,17,-1,17,11,15,-1,17,15,18,-1,18,15,19,-1,20,18,6,-1,6,18,19,-1,6,19,7,-1,7,19,21,-1,7,21,22,-1,11,10,14,-1,14,10,23,-1,14,23,24,-1,24,25,14,-1,14,25,26,-1,14,26,27,-1,28,29,8,-1,3,30,31,-1,31,28,3,-1,3,28,8,-1,3,8,2,-1,2,8,9,-1,2,9,5,-1,32,31,13,-1,13,31,30,-1,13,30,12,-1,12,30,33,-1,34,33,35,-1,35,33,36,-1,34,37,33,-1,33,37,38,-1,33,38,12,-1,39,40,41,-1,41,40,42,-1,43,44,45,-1,43,45,46,-1,46,45,47,-1,46,47,48,-1,48,47,49,-1,48,49,50,-1,50,49,51,-1,50,51,52,-1,52,51,53,-1,52,53,54,-1,54,53,55,-1,54,55,56,-1,
        ]
    }
}
Shape{
    appearance Appearance {
        material  Material 	{
            diffuseColor 0.6784313725490196 0.6784313725490196 0.6784313725490196
            specularColor 0.047058823529411764 0.047058823529411764 0.047058823529411764
            ambientIntensity 0.9686
            transparency 0.0
            shininess 0.5
        }
    }
    geometry IndexedFaceSet {
        ccw TRUE
        solid FALSE
        coord DEF co Coordinate {
            point [
                0.5118 -0.0295 0.2756, 0.2756 -0.0295 0.2756, 0.5118 -1.8405 0.2756, 0.2756 -1.8405 0.2756, 0.2756 -0.0295 0.748, 0.5118 -0.0295 0.748
            ]
        }
        coordIndex [
            0,1,2,-1,2,1,3,-1,4,1,5,-1,5,1,0,-1,
        ]
    }
}
Shape{
    appearance Appearance {
        material  Material 	{
            diffuseColor 0.8941176470588236 0.8941176470588236 0.8941176470588236
            specularColor 0.26666666666666666 0.26666666666666666 0.26666666666666666
            ambientIntensity 0.8941
            transparency 0.0
            shininess 0.5
        }
    }
    geometry IndexedFaceSet {
        ccw TRUE
        solid FALSE
        coord DEF co Coordinate {
            point [
                0.2756 -1.4075 0.748, 0.2756 -0.0295 0.748, 0.5118 -1.4075 0.748, 0.5118 -0.0295 0.748, 0.2756 -1.4862 0.8268, 0.5118 -1.4862 0.8268, 0.6693 0.0098 0.8661, 0.6693 -1.4862 0.8661, 0.5118 0.0098 0.8661, 0.5118 -1.4862 0.8661, 0.6693 -1.9587 0.1575, 0.6693 0.0098 0.1575, 0.5118 -1.9587 0.1575, 0.5118 0.0098 0.1575, 0.6693 -1.8405 0.2756, 0.6693 -0.0295 0.2756, 0.6693 0.0098 0.0787, 0.6693 0.1083 0.0787, 0.6693 0.1083 0.9055, 0.6693 -0.0295 0.748, 0.6693 0.0098 0.9055, 0.6693 -1.4075 0.748, 0.6693 -1.4862 0.8268, 0.6693 -1.9546 0.188, 0.6693 -1.9428 0.2165, 0.6693 -1.9241 0.241, 0.6693 -1.8996 0.2598, 0.6693 -1.8711 0.2716, 0.5118 0.1083 0.9055, 0.5118 0.0098 0.9055, 0.5118 -0.0295 0.2756, 0.5118 0.1083 0.0787, 0.5118 0.0098 0.0787, 0.5118 -1.8405 0.2756, 0.5118 -1.9241 0.241, 0.5118 -1.8996 0.2598, 0.5118 -1.8711 0.2716, 0.5118 -1.9428 0.2165, 0.5118 -1.9546 0.188, -0.1181 0.1083 0.0787, -0.1181 0.1083 0.9055, 0.1181 0.1083 0.0787, 0.1181 0.1083 0.9055, -0.1181 -1.9587 0.1575, 0.1181 -1.9587 0.1575, 0.1181 -1.9546 0.188, -0.1181 -1.9546 0.188, 0.1181 -1.9428 0.2165, -0.1181 -1.9428 0.2165, 0.1181 -1.9241 0.241, -0.1181 -1.9241 0.241, 0.1181 -1.8996 0.2598, -0.1181 -1.8996 0.2598, 0.1181 -1.8711 0.2716, -0.1181 -1.8711 0.2716, 0.1181 -1.8405 0.2756, -0.1181 -1.8405 0.2756
            ]
        }
        coordIndex [
            0,1,2,-1,2,1,3,-1,4,0,5,-1,5,0,2,-1,6,7,8,-1,8,7,9,-1,10,11,12,-1,12,11,13,-1,14,15,11,-1,16,11,17,-1,17,11,15,-1,17,15,18,-1,18,15,19,-1,20,18,6,-1,6,18,19,-1,6,19,7,-1,7,19,21,-1,7,21,22,-1,11,10,14,-1,14,10,23,-1,14,23,24,-1,24,25,14,-1,14,25,26,-1,14,26,27,-1,28,29,8,-1,3,30,31,-1,31,28,3,-1,3,28,8,-1,3,8,2,-1,2,8,9,-1,2,9,5,-1,32,31,13,-1,13,31,30,-1,13,30,12,-1,12,30,33,-1,34,33,35,-1,35,33,36,-1,34,37,33,-1,33,37,38,-1,33,38,12,-1,39,40,41,-1,41,40,42,-1,43,44,45,-1,43,45,46,-1,46,45,47,-1,46,47,48,-1,48,47,49,-1,48,49,50,-1,50,49,51,-1,50,51,52,-1,52,51,53,-1,52,53,54,-1,54,53,55,-1,54,55,56,-1,
        ]
    }
}
Shape{
    appearance Appearance {
        material  Material 	{
            diffuseColor 0.6784313725490196 0.6784313725490196 0.6784313725490196
            specularColor 0.047058823529411764 0.047058823529411764 0.047058823529411764
            ambientIntensity 0.9686
            transparency 0.0
            shininess 0.5
        }
    }
    geometry IndexedFaceSet {
        ccw TRUE
        solid FALSE
        coord DEF co Coordinate {
            point [
                0.1181 -0.0295 0.2756, -0.1181 -0.0295 0.2756, 0.1181 -1.8405 0.2756, -0.1181 -1.8405 0.2756, -0.1181 -0.0295 0.748, 0.1181 -0.0295 0.748
            ]
        }
        coordIndex [
            0,1,2,-1,2,1,3,-1,4,1,5,-1,5,1,0,-1,
        ]
    }
}
Shape{
    appearance Appearance {
        material  Material 	{
            diffuseColor 0.8941176470588236 0.8941176470588236 0.8941176470588236
            specularColor 0.26666666666666666 0.26666666666666666 0.26666666666666666
            ambientIntensity 0.8941
            transparency 0.0
            shininess 0.5
        }
    }
    geometry IndexedFaceSet {
        ccw TRUE
        solid FALSE
        coord DEF co Coordinate {
            point [
                -0.1181 -1.4075 0.748, -0.1181 -0.0295 0.748, 0.1181 -1.4075 0.748, 0.1181 -0.0295 0.748, -0.1181 -1.4862 0.8268, 0.1181 -1.4862 0.8268, 0.2756 0.0098 0.8661, 0.2756 -1.4862 0.8661, 0.1181 0.0098 0.8661, 0.1181 -1.4862 0.8661, 0.2756 -1.9587 0.1575, 0.2756 0.0098 0.1575, 0.1181 -1.9587 0.1575, 0.1181 0.0098 0.1575, 0.2756 -1.8405 0.2756, 0.2756 -0.0295 0.2756, 0.2756 0.0098 0.0787, 0.2756 0.1083 0.0787, 0.2756 0.1083 0.9055, 0.2756 -0.0295 0.748, 0.2756 0.0098 0.9055, 0.2756 -1.4075 0.748, 0.2756 -1.4862 0.8268, 0.2756 -1.9546 0.188, 0.2756 -1.9428 0.2165, 0.2756 -1.9241 0.241, 0.2756 -1.8996 0.2598, 0.2756 -1.8711 0.2716, 0.1181 0.1083 0.9055, 0.1181 0.0098 0.9055, 0.1181 -0.0295 0.2756, 0.1181 0.1083 0.0787, 0.1181 0.0098 0.0787, 0.1181 -1.8405 0.2756, 0.1181 -1.9241 0.241, 0.1181 -1.8996 0.2598, 0.1181 -1.8711 0.2716, 0.1181 -1.9428 0.2165, 0.1181 -1.9546 0.188, -0.5118 0.1083 0.0787, -0.5118 0.1083 0.9055, -0.2756 0.1083 0.0787, -0.2756 0.1083 0.9055, -0.5118 -1.9587 0.1575, -0.2756 -1.9587 0.1575, -0.2756 -1.9546 0.188, -0.5118 -1.9546 0.188, -0.2756 -1.9428 0.2165, -0.5118 -1.9428 0.2165, -0.2756 -1.9241 0.241, -0.5118 -1.9241 0.241, -0.2756 -1.8996 0.2598, -0.5118 -1.8996 0.2598, -0.2756 -1.8711 0.2716, -0.5118 -1.8711 0.2716, -0.2756 -1.8405 0.2756, -0.5118 -1.8405 0.2756
            ]
        }
        coordIndex [
            0,1,2,-1,2,1,3,-1,4,0,5,-1,5,0,2,-1,6,7,8,-1,8,7,9,-1,10,11,12,-1,12,11,13,-1,14,15,11,-1,16,11,17,-1,17,11,15,-1,17,15,18,-1,18,15,19,-1,20,18,6,-1,6,18,19,-1,6,19,7,-1,7,19,21,-1,7,21,22,-1,11,10,14,-1,14,10,23,-1,14,23,24,-1,24,25,14,-1,14,25,26,-1,14,26,27,-1,28,29,8,-1,3,30,31,-1,31,28,3,-1,3,28,8,-1,3,8,2,-1,2,8,9,-1,2,9,5,-1,32,31,13,-1,13,31,30,-1,13,30,12,-1,12,30,33,-1,34,33,35,-1,35,33,36,-1,34,37,33,-1,33,37,38,-1,33,38,12,-1,39,40,41,-1,41,40,42,-1,43,44,45,-1,43,45,46,-1,46,45,47,-1,46,47,48,-1,48,47,49,-1,48,49,50,-1,50,49,51,-1,50,51,52,-1,52,51,53,-1,52,53,54,-1,54,53,55,-1,54,55,56,-1,
        ]
    }
}
Shape{
    appearance Appearance {
        material  Material 	{
            diffuseColor 0.6784313725490196 0.6784313725490196 0.6784313725490196
            specularColor 0.047058823529411764 0.047058823529411764 0.047058823529411764
            ambientIntensity 0.9686
            transparency 0.0
            shininess 0.5
        }
    }
    geometry IndexedFaceSet {
        ccw TRUE
        solid FALSE
        coord DEF co Coordinate {
            point [
                -0.2756 -0.0295 0.2756, -0.5118 -0.0295 0.2756, -0.2756 -1.8405 0.2756, -0.5118 -1.8405 0.2756, -0.5118 -0.0295 0.748, -0.2756 -0.0295 0.748
            ]
        }
        coordIndex [
            0,1,2,-1,2,1,3,-1,4,1,5,-1,5,1,0,-1,
        ]
    }
}
Shape{
    appearance Appearance {
        material  Material 	{
            diffuseColor 0.8941176470588236 0.8941176470588236 0.8941176470588236
            specularColor 0.26666666666666666 0.26666666666666666 0.26666666666666666
            ambientIntensity 0.8941
            transparency 0.0
            shininess 0.5
        }
    }
    geometry IndexedFaceSet {
        ccw TRUE
        solid FALSE
        coord DEF co Coordinate {
            point [
                -0.5118 -1.4075 0.748, -0.5118 -0.0295 0.748, -0.2756 -1.4075 0.748, -0.2756 -0.0295 0.748, -0.5118 -1.4862 0.8268, -0.2756 -1.4862 0.8268, -0.1181 0.0098 0.8661, -0.1181 -1.4862 0.8661, -0.2756 0.0098 0.8661, -0.2756 -1.4862 0.8661, -0.1181 -1.9587 0.1575, -0.1181 0.0098 0.1575, -0.2756 -1.9587 0.1575, -0.2756 0.0098 0.1575, -0.1181 -1.8405 0.2756, -0.1181 -0.0295 0.2756, -0.1181 0.0098 0.0787, -0.1181 0.1083 0.0787, -0.1181 0.1083 0.9055, -0.1181 -0.0295 0.748, -0.1181 0.0098 0.9055, -0.1181 -1.4075 0.748, -0.1181 -1.4862 0.8268, -0.1181 -1.9546 0.188, -0.1181 -1.9428 0.2165, -0.1181 -1.9241 0.241, -0.1181 -1.8996 0.2598, -0.1181 -1.8711 0.2716, -0.2756 0.1083 0.9055, -0.2756 0.0098 0.9055, -0.2756 -0.0295 0.2756, -0.2756 0.1083 0.0787, -0.2756 0.0098 0.0787, -0.2756 -1.8405 0.2756, -0.2756 -1.9241 0.241, -0.2756 -1.8996 0.2598, -0.2756 -1.8711 0.2716, -0.2756 -1.9428 0.2165, -0.2756 -1.9546 0.188, -0.9055 0.1083 0.0787, -0.9055 0.1083 0.9055, -0.6693 0.1083 0.0787, -0.6693 0.1083 0.9055, -0.9055 -1.9587 0.1575, -0.6693 -1.9587 0.1575, -0.6693 -1.9546 0.188, -0.9055 -1.9546 0.188, -0.6693 -1.9428 0.2165, -0.9055 -1.9428 0.2165, -0.6693 -1.9241 0.241, -0.9055 -1.9241 0.241, -0.6693 -1.8996 0.2598, -0.9055 -1.8996 0.2598, -0.6693 -1.8711 0.2716, -0.9055 -1.8711 0.2716, -0.6693 -1.8405 0.2756, -0.9055 -1.8405 0.2756
            ]
        }
        coordIndex [
            0,1,2,-1,2,1,3,-1,4,0,5,-1,5,0,2,-1,6,7,8,-1,8,7,9,-1,10,11,12,-1,12,11,13,-1,14,15,11,-1,16,11,17,-1,17,11,15,-1,17,15,18,-1,18,15,19,-1,20,18,6,-1,6,18,19,-1,6,19,7,-1,7,19,21,-1,7,21,22,-1,11,10,14,-1,14,10,23,-1,14,23,24,-1,24,25,14,-1,14,25,26,-1,14,26,27,-1,28,29,8,-1,3,30,31,-1,31,28,3,-1,3,28,8,-1,3,8,2,-1,2,8,9,-1,2,9,5,-1,32,31,13,-1,13,31,30,-1,13,30,12,-1,12,30,33,-1,34,33,35,-1,35,33,36,-1,34,37,33,-1,33,37,38,-1,33,38,12,-1,39,40,41,-1,41,40,42,-1,43,44,45,-1,43,45,46,-1,46,45,47,-1,46,47,48,-1,48,47,49,-1,48,49,50,-1,50,49,51,-1,50,51,52,-1,52,51,53,-1,52,53,54,-1,54,53,55,-1,54,55,56,-1,
        ]
    }
}
Shape{
    appearance Appearance {
        material  Material 	{
            diffuseColor 0.6784313725490196 0.6784313725490196 0.6784313725490196
            specularColor 0.047058823529411764 0.047058823529411764 0.047058823529411764
            ambientIntensity 0.9686
            transparency 0.0
            shininess 0.5
        }
    }
    geometry IndexedFaceSet {
        ccw TRUE
        solid FALSE
        coord DEF co Coordinate {
            point [
                -0.6693 -0.0295 0.2756, -0.9055 -0.0295 0.2756, -0.6693 -1.8405 0.2756, -0.9055 -1.8405 0.2756, -0.9055 -0.0295 0.748, -0.6693 -0.0295 0.748
            ]
        }
        coordIndex [
            0,1,2,-1,2,1,3,-1,4,1,5,-1,5,1,0,-1,
        ]
    }
}
Shape{
    appearance Appearance {
        material  Material 	{
            diffuseColor 0.8941176470588236 0.8941176470588236 0.8941176470588236
            specularColor 0.26666666666666666 0.26666666666666666 0.26666666666666666
            ambientIntensity 0.8941
            transparency 0.0
            shininess 0.5
        }
    }
    geometry IndexedFaceSet {
        ccw TRUE
        solid FALSE
        coord DEF co Coordinate {
            point [
                -0.9055 -1.4075 0.748, -0.9055 -0.0295 0.748, -0.6693 -1.4075 0.748, -0.6693 -0.0295 0.748, -0.9055 -1.4862 0.8268, -0.6693 -1.4862 0.8268, -0.5118 0.0098 0.8661, -0.5118 -1.4862 0.8661, -0.6693 0.0098 0.8661, -0.6693 -1.4862 0.8661, -0.5118 -1.9587 0.1575, -0.5118 0.0098 0.1575, -0.6693 -1.9587 0.1575, -0.6693 0.0098 0.1575, -0.5118 0.1083 0.0787, -0.5118 0.0098 0.0787, -0.5118 -1.8405 0.2756, -0.5118 -0.0295 0.2756, -0.5118 0.1083 0.9055, -0.5118 -0.0295 0.748, -0.5118 -1.9546 0.188, -0.5118 -1.9428 0.2165, -0.5118 -1.9241 0.241, -0.5118 -1.8996 0.2598, -0.5118 -1.8711 0.2716, -0.5118 0.0098 0.9055, -0.5118 -1.4075 0.748, -0.5118 -1.4862 0.8268, -0.6693 0.1083 0.9055, -0.6693 0.0098 0.9055, -0.6693 -0.0295 0.2756, -0.6693 0.1083 0.0787, -0.6693 0.0098 0.0787, -0.6693 -1.8405 0.2756, -0.6693 -1.9241 0.241, -0.6693 -1.8996 0.2598, -0.6693 -1.8711 0.2716, -0.6693 -1.9428 0.2165, -0.6693 -1.9546 0.188, -1.2992 0.1083 0.0787, -1.2992 0.1083 0.9055, -1.063 0.1083 0.0787, -1.063 0.1083 0.9055, -1.2992 -1.9587 0.1575, -1.063 -1.9587 0.1575, -1.063 -1.9546 0.188, -1.2992 -1.9546 0.188, -1.063 -1.9428 0.2165, -1.2992 -1.9428 0.2165, -1.063 -1.9241 0.241, -1.2992 -1.9241 0.241, -1.063 -1.8996 0.2598, -1.2992 -1.8996 0.2598, -1.063 -1.8711 0.2716, -1.2992 -1.8711 0.2716, -1.063 -1.8405 0.2756, -1.2992 -1.8405 0.2756
            ]
        }
        coordIndex [
            0,1,2,-1,2,1,3,-1,4,0,5,-1,5,0,2,-1,6,7,8,-1,8,7,9,-1,10,11,12,-1,12,11,13,-1,14,15,11,-1,16,17,11,-1,14,11,18,-1,18,11,17,-1,18,17,19,-1,11,10,16,-1,16,10,20,-1,16,20,21,-1,21,22,16,-1,16,22,23,-1,16,23,24,-1,25,18,6,-1,6,18,19,-1,6,19,7,-1,7,19,26,-1,7,26,27,-1,28,29,8,-1,3,30,31,-1,31,28,3,-1,3,28,8,-1,3,8,2,-1,2,8,9,-1,2,9,5,-1,32,31,13,-1,13,31,30,-1,13,30,12,-1,12,30,33,-1,34,33,35,-1,35,33,36,-1,34,37,33,-1,33,37,38,-1,33,38,12,-1,39,40,41,-1,41,40,42,-1,43,44,45,-1,43,45,46,-1,46,45,47,-1,46,47,48,-1,48,47,49,-1,48,49,50,-1,50,49,51,-1,50,51,52,-1,52,51,53,-1,52,53,54,-1,54,53,55,-1,54,55,56,-1,
        ]
    }
}
Shape{
    appearance Appearance {
        material  Material 	{
            diffuseColor 0.6784313725490196 0.6784313725490196 0.6784313725490196
            specularColor 0.047058823529411764 0.047058823529411764 0.047058823529411764
            ambientIntensity 0.9686
            transparency 0.0
            shininess 0.5
        }
    }
    geometry IndexedFaceSet {
        ccw TRUE
        solid FALSE
        coord DEF co Coordinate {
            point [
                -1.063 -0.0295 0.2756, -1.2992 -0.0295 0.2756, -1.063 -1.8405 0.2756, -1.2992 -1.8405 0.2756, -1.2992 -0.0295 0.748, -1.063 -0.0295 0.748
            ]
        }
        coordIndex [
            0,1,2,-1,2,1,3,-1,4,1,5,-1,5,1,0,-1,
        ]
    }
}
Shape{
    appearance Appearance {
        material  Material 	{
            diffuseColor 0.8941176470588236 0.8941176470588236 0.8941176470588236
            specularColor 0.26666666666666666 0.26666666666666666 0.26666666666666666
            ambientIntensity 0.8941
            transparency 0.0
            shininess 0.5
        }
    }
    geometry IndexedFaceSet {
        ccw TRUE
        solid FALSE
        coord DEF co Coordinate {
            point [
                -1.2992 -1.4075 0.748, -1.2992 -0.0295 0.748, -1.063 -1.4075 0.748, -1.063 -0.0295 0.748, -1.2992 -1.4862 0.8268, -1.063 -1.4862 0.8268, -0.9055 0.0098 0.8661, -0.9055 -1.4862 0.8661, -1.063 0.0098 0.8661, -1.063 -1.4862 0.8661, -0.9055 -1.9587 0.1575, -0.9055 0.0098 0.1575, -1.063 -1.9587 0.1575, -1.063 0.0098 0.1575, -0.9055 0.1083 0.0787, -0.9055 0.0098 0.0787, -0.9055 -1.8405 0.2756, -0.9055 -0.0295 0.2756, -0.9055 0.1083 0.9055, -0.9055 -0.0295 0.748, -0.9055 -1.9546 0.188, -0.9055 -1.9428 0.2165, -0.9055 -1.9241 0.241, -0.9055 -1.8996 0.2598, -0.9055 -1.8711 0.2716, -0.9055 0.0098 0.9055, -0.9055 -1.4075 0.748, -0.9055 -1.4862 0.8268, -1.063 0.1083 0.9055, -1.063 0.0098 0.9055, -1.063 -0.0295 0.2756, -1.063 0.1083 0.0787, -1.063 0.0098 0.0787, -1.063 -1.8405 0.2756, -1.063 -1.9241 0.241, -1.063 -1.8996 0.2598, -1.063 -1.8711 0.2716, -1.063 -1.9428 0.2165, -1.063 -1.9546 0.188, -1.6929 0.1083 0.0787, -1.6929 0.1083 0.9055, -1.4567 0.1083 0.0787, -1.4567 0.1083 0.9055, -1.6929 -1.9587 0.1575, -1.4567 -1.9587 0.1575, -1.4567 -1.9546 0.188, -1.6929 -1.9546 0.188, -1.4567 -1.9428 0.2165, -1.6929 -1.9428 0.2165, -1.4567 -1.9241 0.241, -1.6929 -1.9241 0.241, -1.4567 -1.8996 0.2598, -1.6929 -1.8996 0.2598, -1.4567 -1.8711 0.2716, -1.6929 -1.8711 0.2716, -1.4567 -1.8405 0.2756, -1.6929 -1.8405 0.2756
            ]
        }
        coordIndex [
            0,1,2,-1,2,1,3,-1,4,0,5,-1,5,0,2,-1,6,7,8,-1,8,7,9,-1,10,11,12,-1,12,11,13,-1,14,15,11,-1,16,17,11,-1,14,11,18,-1,18,11,17,-1,18,17,19,-1,11,10,16,-1,16,10,20,-1,16,20,21,-1,21,22,16,-1,16,22,23,-1,16,23,24,-1,25,18,6,-1,6,18,19,-1,6,19,7,-1,7,19,26,-1,7,26,27,-1,28,29,8,-1,3,30,31,-1,31,28,3,-1,3,28,8,-1,3,8,2,-1,2,8,9,-1,2,9,5,-1,32,31,13,-1,13,31,30,-1,13,30,12,-1,12,30,33,-1,34,33,35,-1,35,33,36,-1,34,37,33,-1,33,37,38,-1,33,38,12,-1,39,40,41,-1,41,40,42,-1,43,44,45,-1,43,45,46,-1,46,45,47,-1,46,47,48,-1,48,47,49,-1,48,49,50,-1,50,49,51,-1,50,51,52,-1,52,51,53,-1,52,53,54,-1,54,53,55,-1,54,55,56,-1,
        ]
    }
}
Shape{
    appearance Appearance {
        material  Material 	{
            diffuseColor 0.6784313725490196 0.6784313725490196 0.6784313725490196
            specularColor 0.047058823529411764 0.047058823529411764 0.047058823529411764
            ambientIntensity 0.9686
            transparency 0.0
            shininess 0.5
        }
    }
    geometry IndexedFaceSet {
        ccw TRUE
        solid FALSE
        coord DEF co Coordinate {
            point [
                -1.4567 -0.0295 0.2756, -1.6929 -0.0295 0.2756, -1.4567 -1.8405 0.2756, -1.6929 -1.8405 0.2756, -1.6929 -0.0295 0.748, -1.4567 -0.0295 0.748
            ]
        }
        coordIndex [
            0,1,2,-1,2,1,3,-1,4,1,5,-1,5,1,0,-1,
        ]
    }
}
Shape{
    appearance Appearance {
        material  Material 	{
            diffuseColor 0.8941176470588236 0.8941176470588236 0.8941176470588236
            specularColor 0.26666666666666666 0.26666666666666666 0.26666666666666666
            ambientIntensity 0.8941
            transparency 0.0
            shininess 0.5
        }
    }
    geometry IndexedFaceSet {
        ccw TRUE
        solid FALSE
        coord DEF co Coordinate {
            point [
                -1.6929 -1.4075 0.748, -1.6929 -0.0295 0.748, -1.4567 -1.4075 0.748, -1.4567 -0.0295 0.748, -1.6929 -1.4862 0.8268, -1.4567 -1.4862 0.8268, -1.2992 0.0098 0.8661, -1.2992 -1.4862 0.8661, -1.4567 0.0098 0.8661, -1.4567 -1.4862 0.8661, -1.2992 -1.9587 0.1575, -1.2992 0.0098 0.1575, -1.4567 -1.9587 0.1575, -1.4567 0.0098 0.1575, -1.2992 0.1083 0.0787, -1.2992 0.0098 0.0787, -1.2992 -1.8405 0.2756, -1.2992 -0.0295 0.2756, -1.2992 0.1083 0.9055, -1.2992 -0.0295 0.748, -1.2992 -1.9546 0.188, -1.2992 -1.9428 0.2165, -1.2992 -1.9241 0.241, -1.2992 -1.8996 0.2598, -1.2992 -1.8711 0.2716, -1.2992 0.0098 0.9055, -1.2992 -1.4075 0.748, -1.2992 -1.4862 0.8268, -1.4567 0.0098 0.0787, -1.4567 0.1083 0.0787, -1.4567 0.1083 0.9055, -1.4567 0.0098 0.9055, -1.4567 -0.0295 0.2756, -1.4567 -1.8405 0.2756, -1.4567 -1.9241 0.241, -1.4567 -1.8996 0.2598, -1.4567 -1.8711 0.2716, -1.4567 -1.9428 0.2165, -1.4567 -1.9546 0.188, -1.6929 0.0098 0.8661, -1.6929 -1.4862 0.8661, -1.8504 0.0098 0.8661, -1.8504 -1.4862 0.8661, -1.6929 -1.9587 0.1575, -1.6929 0.0098 0.1575, -1.8504 -1.9587 0.1575, -1.8504 0.0098 0.1575, -1.6929 0.1083 0.0787, -1.6929 0.0098 0.0787, -1.6929 -1.8405 0.2756, -1.6929 -0.0295 0.2756, -1.6929 0.1083 0.9055, -1.6929 -1.9546 0.188, -1.6929 -1.9428 0.2165, -1.6929 -1.9241 0.241, -1.6929 -1.8996 0.2598, -1.6929 -1.8711 0.2716, -1.6929 0.0098 0.9055, -1.8504 0.1083 0.9055, -1.8504 0.0098 0.9055, -1.8504 -0.0295 0.748, -1.8504 -0.0295 0.2756, -1.8504 0.1083 0.0787, -1.8504 -1.4075 0.748, -1.8504 -1.4862 0.8268, -1.8504 0.0098 0.0787, -1.8504 -1.8405 0.2756, -1.8504 -1.9241 0.241, -1.8504 -1.8996 0.2598, -1.8504 -1.8711 0.2716, -1.8504 -1.9428 0.2165, -1.8504 -1.9546 0.188
            ]
        }
        coordIndex [
            0,1,2,-1,2,1,3,-1,4,0,5,-1,5,0,2,-1,6,7,8,-1,8,7,9,-1,10,11,12,-1,12,11,13,-1,14,15,11,-1,16,17,11,-1,14,11,18,-1,18,11,17,-1,18,17,19,-1,11,10,16,-1,16,10,20,-1,16,20,21,-1,21,22,16,-1,16,22,23,-1,16,23,24,-1,25,18,6,-1,6,18,19,-1,6,19,7,-1,7,19,26,-1,7,26,27,-1,28,29,13,-1,13,29,30,-1,3,8,2,-1,2,8,9,-1,2,9,5,-1,31,8,30,-1,30,8,3,-1,30,3,13,-1,13,3,32,-1,13,32,12,-1,12,32,33,-1,34,33,35,-1,35,33,36,-1,34,37,33,-1,33,37,38,-1,33,38,12,-1,39,40,41,-1,41,40,42,-1,43,44,45,-1,45,44,46,-1,47,48,44,-1,49,50,44,-1,47,44,51,-1,51,44,50,-1,51,50,1,-1,44,43,49,-1,49,43,52,-1,49,52,53,-1,53,54,49,-1,49,54,55,-1,49,55,56,-1,57,51,39,-1,39,51,1,-1,39,1,40,-1,40,1,0,-1,40,0,4,-1,58,59,41,-1,60,61,62,-1,62,58,60,-1,60,58,41,-1,60,41,63,-1,63,41,42,-1,63,42,64,-1,65,62,46,-1,46,62,61,-1,46,61,45,-1,45,61,66,-1,67,66,68,-1,68,66,69,-1,67,70,66,-1,66,70,71,-1,66,71,45,-1,
        ]
    }
}
Shape{
    appearance Appearance {
        material  Material 	{
            diffuseColor 0.34901960784313724 0.34901960784313724 0.34901960784313724
            specularColor 0.023529411764705882 0.023529411764705882 0.023529411764705882
            ambientIntensity 0.498
            transparency 0.0
            shininess 0.5
        }
    }
    geometry IndexedFaceSet {
        ccw TRUE
        solid FALSE
        coord DEF co Coordinate {
            point [
                0.2831 -0.5289 0.0039, 0.2831 -0.5289 0.0, 0.2831 -0.6863 0.0039, 0.2831 -0.6863 0.0, 0.2619 -0.5289 0.0039, 0.2619 -0.5289 0.0, 0.2619 -0.6688 0.0039, 0.2619 -0.6688 0.0, 0.1873 -0.6688 0.0039, 0.1873 -0.6688 0.0, 0.1873 -0.6863 0.0039, 0.1873 -0.6863 0.0, 0.1145 -0.6882 0.0, 0.1145 -0.6882 0.0039, 0.1267 -0.6867 0.0039, 0.1267 -0.6867 0.0, 0.1369 -0.6827 0.0039, 0.1369 -0.6827 0.0, 0.1459 -0.6765 0.0039, 0.1459 -0.6765 0.0, 0.1542 -0.6679 0.0039, 0.1542 -0.6679 0.0, 0.1601 -0.6579 0.0039, 0.1601 -0.6579 0.0, 0.1654 -0.6408 0.0039, 0.1654 -0.6408 0.0, 0.168 -0.6127 0.0039, 0.168 -0.6127 0.0, 0.1655 -0.5816 0.0039, 0.1655 -0.5816 0.0, 0.1597 -0.5609 0.0039, 0.1597 -0.5609 0.0, 0.1518 -0.5468 0.0039, 0.1518 -0.5468 0.0, 0.143 -0.5375 0.0039, 0.143 -0.5375 0.0, 0.134 -0.5316 0.0039, 0.134 -0.5316 0.0, 0.1243 -0.5282 0.0039, 0.1243 -0.5282 0.0, 0.1221 -0.5279 0.0, 0.1136 -0.527 0.0039, 0.1136 -0.527 0.0, 0.1064 -0.5279 0.0, 0.1014 -0.5286 0.0039, 0.1014 -0.5286 0.0, 0.0924 -0.5322 0.0039, 0.0924 -0.5322 0.0, 0.0842 -0.538 0.0039, 0.0842 -0.538 0.0, 0.0765 -0.5468 0.0039, 0.0765 -0.5468 0.0, 0.0712 -0.5574 0.0039, 0.0712 -0.5574 0.0, 0.068 -0.5722 0.0039, 0.068 -0.5722 0.0, 0.0676 -0.585 0.0039, 0.0676 -0.585 0.0, 0.0878 -0.585 0.0039, 0.0878 -0.585 0.0, 0.089 -0.5696 0.0039, 0.089 -0.5696 0.0, 0.0917 -0.5597 0.0039, 0.0917 -0.5597 0.0, 0.0943 -0.5547 0.0039, 0.0943 -0.5547 0.0, 0.0975 -0.5506 0.0039, 0.0975 -0.5506 0.0, 0.1016 -0.5474 0.0039, 0.1016 -0.5474 0.0, 0.1063 -0.5455 0.0039, 0.1063 -0.5455 0.0, 0.1123 -0.5446 0.0039, 0.1123 -0.5446 0.0, 0.1136 -0.5445 0.0039, 0.1136 -0.5445 0.0, 0.1203 -0.5454 0.0039, 0.1203 -0.5454 0.0, 0.1256 -0.5476 0.0039, 0.1256 -0.5476 0.0, 0.1305 -0.5512 0.0039, 0.1305 -0.5512 0.0, 0.1353 -0.5567 0.0039, 0.1353 -0.5567 0.0, 0.14 -0.5659 0.0039, 0.14 -0.5659 0.0, 0.144 -0.5818 0.0039, 0.144 -0.5818 0.0, 0.1459 -0.6108 0.0039, 0.1459 -0.6108 0.0, 0.1435 -0.6398 0.0039, 0.1435 -0.6398 0.0, 0.1401 -0.6517 0.0039, 0.1401 -0.6517 0.0, 0.136 -0.659 0.0039, 0.136 -0.659 0.0, 0.1303 -0.6651 0.0039, 0.1303 -0.6651 0.0, 0.1253 -0.6683 0.0039, 0.1253 -0.6683 0.0, 0.1201 -0.6701 0.0039, 0.1201 -0.6701 0.0, 0.1145 -0.6707 0.0039, 0.1145 -0.6707 0.0, 0.1088 -0.6698 0.0039, 0.1088 -0.6698 0.0, 0.1038 -0.6676 0.0039, 0.1038 -0.6676 0.0, 0.0981 -0.6632 0.0039, 0.0981 -0.6632 0.0, 0.0943 -0.6586 0.0039, 0.0943 -0.6586 0.0, 0.0913 -0.652 0.0039, 0.0913 -0.652 0.0, 0.0886 -0.6387 0.0039, 0.0886 -0.6387 0.0, 0.0878 -0.6237 0.0039, 0.0878 -0.6237 0.0, 0.0667 -0.6237 0.0039, 0.0667 -0.6237 0.0, 0.0687 -0.6451 0.0039, 0.0687 -0.6451 0.0, 0.0729 -0.6597 0.0039, 0.0729 -0.6597 0.0, 0.0781 -0.6694 0.0039, 0.0781 -0.6694 0.0, 0.0862 -0.678 0.0039, 0.0862 -0.678 0.0, 0.0957 -0.6841 0.0039, 0.0957 -0.6841 0.0, 0.105 -0.6872 0.0039, 0.105 -0.6872 0.0, 0.0455 -0.5289 0.0039, 0.0455 -0.5289 0.0, 0.0455 -0.6863 0.0039, 0.0455 -0.6863 0.0, -0.0439 -0.5289 0.0039, -0.0439 -0.5289 0.0, -0.0439 -0.5464 0.0039, -0.0439 -0.5464 0.0, 0.0243 -0.5464 0.0039, 0.0243 -0.5464 0.0, 0.0243 -0.5952 0.0039, 0.0243 -0.5952 0.0, -0.0383 -0.5952 0.0039, -0.0383 -0.5952 0.0, -0.0383 -0.6127 0.0039, -0.0383 -0.6127 0.0, 0.0243 -0.6127 0.0039, 0.0243 -0.6127 0.0, 0.0243 -0.6688 0.0039, 0.0243 -0.6688 0.0, -0.0485 -0.6688 0.0039, -0.0485 -0.6688 0.0, -0.0485 -0.6863 0.0039, -0.0485 -0.6863 0.0, -0.0696 -0.6863 0.0039, -0.0696 -0.6863 0.0, -0.101 -0.6863 0.0039, -0.101 -0.6863 0.0, -0.0696 -0.5289 0.0039, -0.0696 -0.5289 0.0, -0.101 -0.5289 0.0039, -0.101 -0.5289 0.0, -0.1182 -0.5302 0.0039, -0.1182 -0.5302 0.0, -0.1322 -0.5341 0.0039, -0.1322 -0.5341 0.0, -0.1428 -0.5398 0.0039, -0.1428 -0.5398 0.0, -0.1508 -0.547 0.0039, -0.1508 -0.547 0.0, -0.1576 -0.5568 0.0039, -0.1576 -0.5568 0.0, -0.1636 -0.5731 0.0039, -0.1636 -0.5731 0.0, -0.1672 -0.6037 0.0039, -0.1672 -0.6037 0.0, -0.1673 -0.6081 0.0039, -0.1673 -0.6081 0.0, -0.1657 -0.6307 0.0039, -0.1657 -0.6307 0.0, -0.1618 -0.6473 0.0039, -0.1618 -0.6473 0.0, -0.1562 -0.6596 0.0039, -0.1562 -0.6596 0.0, -0.1496 -0.6681 0.0039, -0.1496 -0.6681 0.0, -0.1404 -0.6757 0.0039, -0.1404 -0.6757 0.0, -0.1279 -0.6819 0.0039, -0.1279 -0.6819 0.0, -0.1107 -0.6859 0.0039, -0.1107 -0.6859 0.0, -0.0908 -0.5464 0.0039, -0.0908 -0.6688 0.0039, -0.101 -0.6688 0.0039, -0.1134 -0.6676 0.0039, -0.122 -0.6647 0.0039, -0.129 -0.6605 0.0039, -0.1345 -0.655 0.0039, -0.1387 -0.6481 0.0039, -0.1428 -0.6352 0.0039, -0.101 -0.5464 0.0039, -0.1045 -0.5465 0.0039, -0.1162 -0.5484 0.0039, -0.1243 -0.5517 0.0039, -0.1309 -0.5567 0.0039, -0.136 -0.5628 0.0039, -0.1402 -0.5715 0.0039, -0.1437 -0.586 0.0039, -0.1452 -0.6081 0.0039, -0.0908 -0.5464 0.0, -0.101 -0.5464 0.0, -0.0908 -0.6688 0.0, -0.101 -0.6688 0.0, -0.1134 -0.6676 0.0, -0.122 -0.6647 0.0, -0.129 -0.6605 0.0, -0.1345 -0.655 0.0, -0.1387 -0.6481 0.0, -0.1428 -0.6352 0.0, -0.1452 -0.6081 0.0, -0.1437 -0.586 0.0, -0.1402 -0.5715 0.0, -0.136 -0.5628 0.0, -0.1309 -0.5567 0.0, -0.1243 -0.5517 0.0, -0.1162 -0.5484 0.0, -0.1045 -0.5465 0.0, -0.2557 -0.6375 0.0039, -0.2557 -0.6375 0.0, -0.2686 -0.6863 0.0039, -0.2686 -0.6863 0.0, -0.2152 -0.6375 0.0039, -0.2152 -0.6375 0.0, -0.2023 -0.6863 0.0039, -0.2023 -0.6863 0.0, -0.1802 -0.6863 0.0039, -0.1802 -0.6863 0.0, -0.2259 -0.5279 0.0, -0.2262 -0.527 0.0039, -0.2262 -0.527 0.0, -0.2446 -0.527 0.0039, -0.2446 -0.527 0.0, -0.2449 -0.5279 0.0, -0.2907 -0.6863 0.0039, -0.2907 -0.6863 0.0, -0.2511 -0.62 0.0039, -0.2363 -0.5639 0.0039, -0.2345 -0.5639 0.0039, -0.2198 -0.62 0.0039, -0.2345 -0.5639 0.0, -0.2363 -0.5639 0.0, -0.2198 -0.62 0.0, -0.2511 -0.62 0.0
            ]
        }
        coordIndex [
            0,1,2,-1,2,1,3,-1,4,5,0,-1,0,5,1,-1,6,7,4,-1,4,7,5,-1,8,9,6,-1,6,9,7,-1,10,11,8,-1,8,11,9,-1,10,2,11,-1,11,2,3,-1,4,0,6,-1,6,0,2,-1,6,2,8,-1,8,2,10,-1,12,13,14,-1,12,14,15,-1,15,14,16,-1,15,16,17,-1,17,16,18,-1,17,18,19,-1,19,18,20,-1,19,20,21,-1,21,20,22,-1,21,22,23,-1,23,22,24,-1,23,24,25,-1,25,24,26,-1,25,26,27,-1,27,26,28,-1,27,28,29,-1,29,28,30,-1,29,30,31,-1,31,30,32,-1,31,32,33,-1,33,32,34,-1,33,34,35,-1,35,34,36,-1,35,36,37,-1,37,36,38,-1,37,38,39,-1,39,38,40,-1,40,38,41,-1,40,41,42,-1,42,41,43,-1,43,41,44,-1,43,44,45,-1,45,44,46,-1,45,46,47,-1,47,46,48,-1,47,48,49,-1,49,48,50,-1,49,50,51,-1,51,50,52,-1,51,52,53,-1,53,52,54,-1,53,54,55,-1,55,54,56,-1,55,56,57,-1,58,59,56,-1,56,59,57,-1,59,58,60,-1,59,60,61,-1,61,60,62,-1,61,62,63,-1,63,62,64,-1,63,64,65,-1,65,64,66,-1,65,66,67,-1,67,66,68,-1,67,68,69,-1,69,68,70,-1,69,70,71,-1,71,70,72,-1,71,72,73,-1,73,72,74,-1,73,74,75,-1,75,74,76,-1,75,76,77,-1,77,76,78,-1,77,78,79,-1,79,78,80,-1,79,80,81,-1,81,80,82,-1,81,82,83,-1,83,82,84,-1,83,84,85,-1,85,84,86,-1,85,86,87,-1,87,86,88,-1,87,88,89,-1,89,88,90,-1,89,90,91,-1,91,90,92,-1,91,92,93,-1,93,92,94,-1,93,94,95,-1,95,94,96,-1,95,96,97,-1,97,96,98,-1,97,98,99,-1,99,98,100,-1,99,100,101,-1,101,100,102,-1,101,102,103,-1,103,102,104,-1,103,104,105,-1,105,104,106,-1,105,106,107,-1,107,106,108,-1,107,108,109,-1,109,108,110,-1,109,110,111,-1,111,110,112,-1,111,112,113,-1,113,112,114,-1,113,114,115,-1,115,114,116,-1,115,116,117,-1,118,119,116,-1,116,119,117,-1,119,118,120,-1,119,120,121,-1,121,120,122,-1,121,122,123,-1,123,122,124,-1,123,124,125,-1,125,124,126,-1,125,126,127,-1,127,126,128,-1,127,128,129,-1,129,128,130,-1,129,130,131,-1,131,130,13,-1,131,13,12,-1,58,56,60,-1,60,56,54,-1,60,54,62,-1,62,54,52,-1,62,52,64,-1,64,52,50,-1,64,50,66,-1,66,50,48,-1,66,48,68,-1,68,48,46,-1,68,46,70,-1,70,46,44,-1,70,44,72,-1,72,44,41,-1,118,116,120,-1,120,116,114,-1,120,114,122,-1,122,114,112,-1,122,112,124,-1,124,112,110,-1,124,110,126,-1,126,110,108,-1,126,108,128,-1,128,108,106,-1,128,106,130,-1,130,106,104,-1,130,104,13,-1,13,104,102,-1,13,102,14,-1,14,102,100,-1,14,100,16,-1,16,100,98,-1,16,98,18,-1,18,98,96,-1,18,96,20,-1,20,96,94,-1,20,94,22,-1,22,94,92,-1,22,92,24,-1,24,92,90,-1,24,90,26,-1,26,90,88,-1,26,88,28,-1,28,88,86,-1,28,86,30,-1,30,86,84,-1,30,84,32,-1,32,84,82,-1,32,82,34,-1,34,82,80,-1,34,80,36,-1,36,80,78,-1,36,78,38,-1,38,78,76,-1,38,76,41,-1,41,76,74,-1,41,74,72,-1,132,133,134,-1,134,133,135,-1,136,137,132,-1,132,137,133,-1,138,139,136,-1,136,139,137,-1,140,141,138,-1,138,141,139,-1,142,143,140,-1,140,143,141,-1,144,145,142,-1,142,145,143,-1,146,147,144,-1,144,147,145,-1,148,149,146,-1,146,149,147,-1,150,151,148,-1,148,151,149,-1,152,153,150,-1,150,153,151,-1,154,155,152,-1,152,155,153,-1,154,134,155,-1,155,134,135,-1,134,154,152,-1,152,150,134,-1,134,150,148,-1,134,148,132,-1,138,136,140,-1,140,136,132,-1,140,132,142,-1,142,132,148,-1,142,148,144,-1,144,148,146,-1,156,157,158,-1,158,157,159,-1,160,161,156,-1,156,161,157,-1,162,163,160,-1,160,163,161,-1,163,162,164,-1,163,164,165,-1,165,164,166,-1,165,166,167,-1,167,166,168,-1,167,168,169,-1,169,168,170,-1,169,170,171,-1,171,170,172,-1,171,172,173,-1,173,172,174,-1,173,174,175,-1,175,174,176,-1,175,176,177,-1,177,176,178,-1,177,178,179,-1,179,178,180,-1,179,180,181,-1,181,180,182,-1,181,182,183,-1,183,182,184,-1,183,184,185,-1,185,184,186,-1,185,186,187,-1,187,186,188,-1,187,188,189,-1,189,188,190,-1,189,190,191,-1,191,190,192,-1,191,192,193,-1,193,192,158,-1,193,158,159,-1,162,160,194,-1,194,160,195,-1,195,160,156,-1,195,156,196,-1,196,156,158,-1,196,158,197,-1,197,158,192,-1,197,192,198,-1,198,192,190,-1,198,190,199,-1,199,190,188,-1,199,188,200,-1,200,188,186,-1,200,186,201,-1,201,186,184,-1,201,184,202,-1,194,203,162,-1,162,203,204,-1,162,204,164,-1,164,204,205,-1,164,205,166,-1,166,205,206,-1,166,206,168,-1,168,206,207,-1,168,207,170,-1,170,207,208,-1,170,208,172,-1,172,208,209,-1,172,209,174,-1,174,209,210,-1,174,210,176,-1,176,210,211,-1,184,182,202,-1,202,182,180,-1,202,180,211,-1,211,180,178,-1,211,178,176,-1,194,212,203,-1,203,212,213,-1,195,214,194,-1,194,214,212,-1,196,215,195,-1,195,215,214,-1,215,196,197,-1,215,197,216,-1,216,197,198,-1,216,198,217,-1,217,198,199,-1,217,199,218,-1,218,199,200,-1,218,200,219,-1,219,200,201,-1,219,201,220,-1,220,201,202,-1,220,202,221,-1,221,202,211,-1,221,211,222,-1,222,211,210,-1,222,210,223,-1,223,210,209,-1,223,209,224,-1,224,209,208,-1,224,208,225,-1,225,208,207,-1,225,207,226,-1,226,207,206,-1,226,206,227,-1,227,206,205,-1,227,205,228,-1,228,205,204,-1,228,204,229,-1,229,204,203,-1,229,203,213,-1,230,231,232,-1,232,231,233,-1,234,235,230,-1,230,235,231,-1,236,237,234,-1,234,237,235,-1,238,239,236,-1,236,239,237,-1,239,238,240,-1,240,238,241,-1,240,241,242,-1,243,244,241,-1,241,244,242,-1,244,243,245,-1,245,243,246,-1,245,246,247,-1,246,232,247,-1,247,232,233,-1,246,243,248,-1,248,243,249,-1,238,236,234,-1,249,243,250,-1,250,243,241,-1,250,241,251,-1,232,246,230,-1,230,246,248,-1,230,248,234,-1,234,248,251,-1,234,251,238,-1,238,251,241,-1,250,252,249,-1,249,252,253,-1,251,254,250,-1,250,254,252,-1,248,255,251,-1,251,255,254,-1,253,255,249,-1,249,255,248,-1,
        ]
    }
}
Shape{
    appearance Appearance {
        material  Material 	{
            diffuseColor 0.8941176470588236 0.8941176470588236 0.8941176470588236
            specularColor 0.26666666666666666 0.26666666666666666 0.26666666666666666
            ambientIntensity 0.8941
            transparency 0.0
            shininess 0.5
        }
    }
    geometry IndexedFaceSet {
        ccw TRUE
        solid FALSE
        coord DEF co Coordinate {
            point [
                -0.1162 -0.5484 0.0, -0.1045 -0.5465 0.0, -0.1402 -0.5715 0.0, -0.0908 -0.5464 0.0, -0.0908 -0.6688 0.0, -0.101 -0.5464 0.0, -0.101 -0.6688 0.0, -0.1428 -0.6352 0.0, -0.1452 -0.6081 0.0, -0.1437 -0.586 0.0, -0.1134 -0.6676 0.0, -0.122 -0.6647 0.0, -0.1387 -0.6481 0.0, -0.129 -0.6605 0.0, -0.1345 -0.655 0.0, -0.136 -0.5628 0.0, -0.1309 -0.5567 0.0, -0.1243 -0.5517 0.0, -0.2198 -0.62 0.0, -0.2511 -0.62 0.0, -0.2345 -0.5639 0.0, -0.2363 -0.5639 0.0, -1.8504 0.0098 0.9055, -1.8504 0.1083 0.9055, -2.0866 0.0098 0.9055, -2.0866 0.1083 0.9055, -1.8504 0.1083 0.0787, -1.8504 0.0098 0.0787, -2.0866 0.1083 0.0787, -2.0866 0.0098 0.0787, -1.6929 0.0098 0.9055, -1.4567 0.0098 0.9055, -1.6929 0.1083 0.9055, -1.4567 0.1083 0.9055, -1.6929 0.1083 0.0787, -1.4567 0.1083 0.0787, -1.6929 0.0098 0.0787, -1.4567 0.0098 0.0787, -1.2992 0.0098 0.9055, -1.063 0.0098 0.9055, -1.2992 0.1083 0.9055, -1.063 0.1083 0.9055, -1.2992 0.1083 0.0787, -1.063 0.1083 0.0787, -1.2992 0.0098 0.0787, -1.063 0.0098 0.0787, -0.9055 0.0098 0.9055, -0.6693 0.0098 0.9055, -0.9055 0.1083 0.9055, -0.6693 0.1083 0.9055, -0.9055 0.1083 0.0787, -0.6693 0.1083 0.0787, -0.9055 0.0098 0.0787, -0.6693 0.0098 0.0787, -0.5118 0.0098 0.9055, -0.2756 0.0098 0.9055, -0.5118 0.1083 0.9055, -0.2756 0.1083 0.9055, -0.5118 0.1083 0.0787, -0.2756 0.1083 0.0787, -0.5118 0.0098 0.0787, -0.2756 0.0098 0.0787, -0.1181 0.0098 0.9055, 0.1181 0.0098 0.9055, -0.1181 0.1083 0.9055, 0.1181 0.1083 0.9055, -0.1181 0.1083 0.0787, 0.1181 0.1083 0.0787, -0.1181 0.0098 0.0787, 0.1181 0.0098 0.0787, 0.2756 0.0098 0.9055, 0.5118 0.0098 0.9055, 0.2756 0.1083 0.9055, 0.5118 0.1083 0.9055, 0.2756 0.1083 0.0787, 0.5118 0.1083 0.0787, 0.2756 0.0098 0.0787, 0.5118 0.0098 0.0787, 0.6693 0.0098 0.9055, 0.9055 0.0098 0.9055, 0.6693 0.1083 0.9055, 0.9055 0.1083 0.9055, 0.6693 0.1083 0.0787, 0.9055 0.1083 0.0787, 0.6693 0.0098 0.0787, 0.9055 0.0098 0.0787, 1.063 0.0098 0.9055, 1.2992 0.0098 0.9055, 1.063 0.1083 0.9055, 1.2992 0.1083 0.9055, 1.063 0.1083 0.0787, 1.2992 0.1083 0.0787, 1.063 0.0098 0.0787, 1.2992 0.0098 0.0787, 1.4567 0.0098 0.9055, 1.6929 0.0098 0.9055, 1.4567 0.1083 0.9055, 1.6929 0.1083 0.9055, 1.4567 0.1083 0.0787, 1.6929 0.1083 0.0787, 1.4567 0.0098 0.0787, 1.6929 0.0098 0.0787, 1.8504 0.0098 0.9055, 2.0866 0.0098 0.9055, 1.8504 0.1083 0.9055, 2.0866 0.1083 0.9055, 1.8504 0.1083 0.0787, 2.0866 0.1083 0.0787, 1.8504 0.0098 0.0787, 2.0866 0.0098 0.0787, 2.4803 0.0098 0.9055, 2.4803 0.1083 0.9055, 2.2441 0.0098 0.9055, 2.2441 0.1083 0.9055, 2.4803 0.1083 0.0787, 2.4803 0.0098 0.0787, 2.2441 0.1083 0.0787, 2.2441 0.0098 0.0787, 2.6378 0.0098 0.9055, 2.874 0.0098 0.9055, 2.6378 0.1083 0.9055, 2.874 0.1083 0.9055, 2.6378 0.1083 0.0787, 2.874 0.1083 0.0787, 2.6378 0.0098 0.0787, 2.874 0.0098 0.0787, 3.0315 0.0098 0.9055, 3.2677 0.0098 0.9055, 3.0315 0.1083 0.9055, 3.2677 0.1083 0.9055, 3.0315 0.1083 0.0787, 3.2677 0.1083 0.0787, 3.0315 0.0098 0.0787, 3.2677 0.0098 0.0787, 3.7795 0.0098 0.9055, 3.7795 0.1083 0.9055, 3.4252 0.0098 0.9055, 3.4252 0.1083 0.9055, 3.7795 0.1083 0.0787, 3.7795 0.0098 0.0787, 3.4252 0.1083 0.0787, 3.4252 0.0098 0.0787, -2.2441 0.0098 0.9055, -2.2441 0.1083 0.9055, -2.4803 0.0098 0.9055, -2.4803 0.1083 0.9055, -2.2441 0.1083 0.0787, -2.2441 0.0098 0.0787, -2.4803 0.1083 0.0787, -2.4803 0.0098 0.0787, -2.6378 0.0098 0.9055, -2.6378 0.1083 0.9055, -2.874 0.0098 0.9055, -2.874 0.1083 0.9055, -2.6378 0.1083 0.0787, -2.6378 0.0098 0.0787, -2.874 0.1083 0.0787, -2.874 0.0098 0.0787, -3.0315 0.0098 0.9055, -3.0315 0.1083 0.9055, -3.2677 0.0098 0.9055, -3.2677 0.1083 0.9055, -3.0315 0.1083 0.0787, -3.0315 0.0098 0.0787, -3.2677 0.1083 0.0787, -3.2677 0.0098 0.0787, -3.7795 0.0098 0.9055, -3.4252 0.0098 0.9055, -3.7795 0.1083 0.9055, -3.4252 0.1083 0.9055, -3.7795 0.1083 0.0787, -3.4252 0.1083 0.0787, -3.7795 0.0098 0.0787, -3.4252 0.0098 0.0787
            ]
        }
        coordIndex [
            0,1,2,-1,3,4,5,-1,5,4,6,-1,5,6,1,-1,7,8,6,-1,6,8,1,-1,1,8,9,-1,1,9,2,-1,6,10,7,-1,7,10,11,-1,7,11,12,-1,12,11,13,-1,12,13,14,-1,15,16,2,-1,2,16,17,-1,2,17,0,-1,18,19,20,-1,20,19,21,-1,22,23,24,-1,24,23,25,-1,26,27,28,-1,28,27,29,-1,30,31,32,-1,32,31,33,-1,34,35,36,-1,36,35,37,-1,38,39,40,-1,40,39,41,-1,42,43,44,-1,44,43,45,-1,46,47,48,-1,48,47,49,-1,50,51,52,-1,52,51,53,-1,54,55,56,-1,56,55,57,-1,58,59,60,-1,60,59,61,-1,62,63,64,-1,64,63,65,-1,66,67,68,-1,68,67,69,-1,70,71,72,-1,72,71,73,-1,74,75,76,-1,76,75,77,-1,78,79,80,-1,80,79,81,-1,82,83,84,-1,84,83,85,-1,86,87,88,-1,88,87,89,-1,90,91,92,-1,92,91,93,-1,94,95,96,-1,96,95,97,-1,98,99,100,-1,100,99,101,-1,102,103,104,-1,104,103,105,-1,106,107,108,-1,108,107,109,-1,110,111,112,-1,112,111,113,-1,114,115,116,-1,116,115,117,-1,118,119,120,-1,120,119,121,-1,122,123,124,-1,124,123,125,-1,126,127,128,-1,128,127,129,-1,130,131,132,-1,132,131,133,-1,134,135,136,-1,136,135,137,-1,138,139,140,-1,140,139,141,-1,142,143,144,-1,144,143,145,-1,146,147,148,-1,148,147,149,-1,150,151,152,-1,152,151,153,-1,154,155,156,-1,156,155,157,-1,158,159,160,-1,160,159,161,-1,162,163,164,-1,164,163,165,-1,166,167,168,-1,168,167,169,-1,170,171,172,-1,172,171,173,-1,
        ]
    }
}